event_id,event_date,event_type,location,venue_capacity,ticket_price_lkr,promotion_days,registered_attendees,social_media_reach,previous_event_attendance,temperature_c,humidity_pct,rainfall_mm,wind_speed_kmh,weather_condition,day_of_week,is_weekend,is_public_holiday,duration_hours,actual_attendance,attendance_rate_pct
EVT00841,2024-01-01,Workshop,Galle,1500,3000,71,608,76448,656,27.7,94,1.8,4.6,Cloudy,Monday,0,0,3.8,303,49.84
EVT00689,2024-01-01,Religious Event,Kegalle,200,2000,21,42,11372,145,26.9,76,5.3,13.3,Clear,Monday,0,0,4.1,210,500
EVT00260,2024-01-01,Music Festival,Nuwara Eliya,200,250,73,131,4275,69,20.1,77,5.3,3.8,Clear,Monday,0,0,6.8,210,160.31
EVT00386,2024-01-03,Sports Event,Anuradhapura,100,750,19,76,52220,8,26.7,68,3.3,15.8,Clear,Wednesday,0,0,7.6,105,138.16
EVT00770,2024-01-04,Music Festival,Matara,300,750,67,201,56339,200,25.6,81,3.7,6.8,Clear,Thursday,0,0,6.6,315,156.72
EVT01208,2024-01-04,University Event,Anuradhapura,1000,1500,21,803,30467,544,23,70,2.4,15.5,Cloudy,Thursday,0,0,4.1,453,56.41
EVT00216,2024-01-04,Exhibition,Anuradhapura,5000,250,17,1289,59079,2879,28.8,72,24.9,13.1,Rain,Thursday,0,0,3.6,749,58.11
EVT02332,2024-01-04,Cultural Festival,Galle,2000,250,30,1101,14053,732,29.6,86,3.6,8.6,Clear,Thursday,0,0,7.8,1111,100.91
EVT01670,2024-01-05,Cultural Festival,Ratnapura,2000,500,50,1487,8176,903,26.2,80,2.6,9.5,Clear,Friday,0,1,6.9,1442,96.97
EVT01319,2024-01-05,Workshop,Colombo,5000,2000,70,2786,25202,2763,30.3,73,8.7,8.2,Rain,Friday,0,0,7.1,886,31.8
EVT01527,2024-01-06,University Event,Colombo,100,0,80,52,33642,60,26.7,49,22.7,17.3,Rain,Saturday,1,0,3.2,105,201.92
EVT01697,2024-01-06,Perahera,Ratnapura,100,3000,69,39,7193,73,29.9,45,13.2,12.7,Rain,Saturday,1,0,6.6,105,269.23
EVT02152,2024-01-07,Exhibition,Matara,500,750,15,250,86204,225,24.8,79,9.6,22.8,Rain,Sunday,1,0,6.8,225,90
EVT01493,2024-01-07,Conference,Galle,3000,1000,43,1212,76956,1969,29.8,70,14.2,12.4,Rain,Sunday,1,0,4,319,26.32
EVT01079,2024-01-08,Music Festival,Kandy,3000,1000,40,2023,68735,1722,28.2,77,2.5,6.2,Clear,Monday,0,0,6.8,2571,127.09
EVT00476,2024-01-08,University Event,Negombo,750,2000,23,337,41434,382,26,90,0.8,9.2,Clear,Monday,0,0,5.8,317,94.07
EVT01981,2024-01-08,Workshop,Kegalle,750,3000,46,432,93622,501,30.7,69,3.3,11.6,Clear,Monday,0,0,7.6,292,67.59
EVT00633,2024-01-09,Conference,Anuradhapura,750,0,44,249,46011,203,27.6,74,15.6,8.3,Rain,Tuesday,0,1,5.1,265,106.43
EVT02231,2024-01-09,Music Festival,Kandy,750,500,12,458,78064,157,31.9,59,10.1,14.6,Rain,Tuesday,0,0,6.2,410,89.52
EVT01300,2024-01-10,Exhibition,Negombo,100,500,85,61,65680,33,29.8,89,8.6,16,Rain,Wednesday,0,0,6.3,105,172.13
EVT01056,2024-01-10,Conference,Ratnapura,2000,2000,23,697,94018,1166,24.3,77,18.2,6.5,Rain,Wednesday,0,0,7.2,639,91.68
EVT00142,2024-01-10,Cultural Festival,Ratnapura,1000,750,22,613,81409,268,27.5,64,3,8.5,Cloudy,Wednesday,0,0,6.9,729,118.92
EVT00782,2024-01-10,Religious Event,Anuradhapura,5000,500,69,3762,48065,2690,30.1,81,19.3,17.4,Rain,Wednesday,0,1,5.2,3397,90.3
EVT01136,2024-01-10,Cultural Festival,Nuwara Eliya,5000,500,25,2245,951,4106,23,69,6.6,7.3,Clear,Wednesday,0,0,4.4,2271,101.16
EVT01847,2024-01-11,Conference,Anuradhapura,500,3000,76,233,56746,208,27.9,79,1.6,2.9,Clear,Thursday,0,1,5.9,379,162.66
EVT00987,2024-01-12,School Event,Nuwara Eliya,500,250,8,338,58898,189,18.9,93,28.3,15.2,Heavy Rain,Friday,0,0,4.3,122,36.09
EVT00073,2024-01-12,Exhibition,Nuwara Eliya,300,250,21,204,53079,195,20.9,69,8.6,14.5,Rain,Friday,0,0,2,160,78.43
EVT01993,2024-01-12,Exhibition,Colombo,100,2000,28,11,54237,37,29.2,75,5.7,8.7,Clear,Friday,0,0,4.9,105,954.55
EVT01931,2024-01-12,Conference,Colombo,500,250,7,290,10968,203,30.7,66,15.8,14.2,Rain,Friday,0,0,3.2,295,101.72
EVT00220,2024-01-12,Community Event,Colombo,100,3000,38,66,39224,57,26.7,64,3.2,16.2,Clear,Friday,0,0,4.6,105,159.09
EVT02307,2024-01-13,Perahera,Kandy,1500,1500,27,179,77668,940,31,65,13.4,9,Rain,Saturday,1,0,2.5,467,260.89
EVT00620,2024-01-13,Religious Event,Nuwara Eliya,750,3000,23,104,6950,371,20.2,77,18.3,12.1,Rain,Saturday,1,0,7.1,346,332.69
EVT00483,2024-01-13,University Event,Nuwara Eliya,100,250,39,51,96799,84,16.4,70,0.8,17.9,Clear,Saturday,1,0,2.5,105,205.88
EVT02003,2024-01-14,Workshop,Anuradhapura,750,2000,40,152,18499,248,27.2,98,1.6,7.3,Cloudy,Sunday,1,1,7.7,236,155.26
EVT01905,2024-01-14,Cultural Festival,Galle,3000,250,9,1013,6196,1730,21.7,61,0.9,9.6,Clear,Sunday,1,0,3.2,961,94.87
EVT00123,2024-01-16,Perahera,Galle,200,1000,23,64,16788,151,28.5,92,2.6,11.5,Cloudy,Tuesday,0,0,7.7,210,328.12
EVT01102,2024-01-17,Workshop,Negombo,100,3000,54,87,84244,50,25.6,98,10.7,8.9,Rain,Wednesday,0,0,2.8,105,120.69
EVT00785,2024-01-17,Religious Event,Kandy,1500,1500,52,1037,2938,957,28.8,74,10.8,13.1,Rain,Wednesday,0,0,3.8,971,93.64
EVT02106,2024-01-17,Community Event,Negombo,1500,2000,6,418,78417,1274,30,75,16.1,18,Rain,Wednesday,0,0,6.2,243,58.13
EVT01540,2024-01-17,Religious Event,Anuradhapura,1500,1500,34,344,78276,992,25.9,79,10.7,15.6,Rain,Wednesday,0,0,5.1,771,224.13
EVT01748,2024-01-18,Perahera,Matara,300,1500,81,74,47067,22,22.4,75,14.1,16.8,Rain,Thursday,0,0,1.6,288,389.19
EVT00197,2024-01-18,Exhibition,Kegalle,500,500,64,328,93536,446,32.1,97,8,2,Rain,Thursday,0,0,2.4,365,111.28
EVT00282,2024-01-18,Religious Event,Nuwara Eliya,500,3000,78,186,40615,148,20.4,74,28.3,11.2,Heavy Rain,Thursday,0,0,4,255,137.1
EVT00801,2024-01-18,Exhibition,Anuradhapura,300,3000,67,143,26879,144,27.9,80,5.4,8.3,Clear,Thursday,0,0,7.7,315,220.28
EVT00469,2024-01-19,Sports Event,Negombo,300,0,38,204,78002,156,24.4,64,10.9,12.9,Rain,Friday,0,0,7,296,145.1
EVT00213,2024-01-19,Community Event,Galle,100,500,21,34,75926,75,27.2,79,24,9.7,Rain,Friday,0,0,4.2,105,308.82
EVT01763,2024-01-20,School Event,Matara,1000,0,71,422,60289,608,29.4,69,4.3,13.5,Clear,Saturday,1,0,2,414,98.1
EVT01209,2024-01-20,University Event,Negombo,200,1500,4,71,27975,118,28,56,20.2,9.5,Rain,Saturday,1,0,3.1,162,228.17
EVT00106,2024-01-20,School Event,Ratnapura,1000,500,28,647,60296,414,27,63,20.6,10.7,Rain,Saturday,1,0,2.2,412,63.68
EVT01291,2024-01-21,Perahera,Kurunegala,2000,2000,81,726,28421,1295,31.7,80,13,11.1,Rain,Sunday,1,0,5.2,854,117.63
EVT00956,2024-01-21,Conference,Anuradhapura,1000,500,40,525,48441,365,25.3,75,15.3,19.3,Rain,Sunday,1,0,3,322,61.33
EVT02113,2024-01-22,Religious Event,Anuradhapura,3000,1500,57,1211,56985,359,30.5,75,5.9,10.3,Clear,Monday,0,0,2,990,81.75
EVT01148,2024-01-23,Sports Event,Nuwara Eliya,750,1000,21,412,57772,450,17.8,64,21.5,12.8,Rain,Tuesday,0,1,7.2,425,103.16
EVT00724,2024-01-24,Perahera,Nuwara Eliya,1500,2000,30,858,20014,1074,18.5,76,19.9,12.3,Rain,Wednesday,0,0,5.9,780,90.91
EVT00563,2024-01-24,Workshop,Anuradhapura,100,250,22,54,41383,42,27.5,53,1.3,9.2,Cloudy,Wednesday,0,0,5.4,83,153.7
EVT01674,2024-01-24,Community Event,Kegalle,100,1500,27,54,33735,35,26.2,59,17.3,25.4,Rain,Wednesday,0,1,2.2,105,194.44
EVT01762,2024-01-25,Religious Event,Kurunegala,750,2000,48,166,48695,332,23.6,63,49.3,15,Heavy Rain,Thursday,0,0,3.6,153,92.17
EVT02463,2024-01-26,Community Event,Ratnapura,3000,1500,90,2001,68820,2066,28.3,70,2.7,18.9,Clear,Friday,0,0,6.4,1352,67.57
EVT01150,2024-01-26,Workshop,Ratnapura,3000,500,71,2442,70888,3010,26.3,72,30.5,3.7,Heavy Rain,Friday,0,0,2.5,393,16.09
EVT01742,2024-01-26,Sports Event,Matara,1500,1500,84,989,85167,818,24.8,60,9.2,11,Rain,Friday,0,0,2.4,569,57.53
EVT01360,2024-01-26,Workshop,Nuwara Eliya,1000,250,89,322,78116,429,18.7,86,11.2,9.7,Rain,Friday,0,0,6,407,126.4
EVT00440,2024-01-26,Community Event,Matara,100,3000,33,28,3478,46,24.7,66,1.1,19.1,Clear,Friday,0,0,7,105,375
EVT01517,2024-01-27,Exhibition,Nuwara Eliya,100,500,12,33,9548,63,22.5,58,9.8,12.7,Rain,Saturday,1,0,4.4,105,318.18
EVT02327,2024-01-27,Sports Event,Ratnapura,750,0,10,256,39023,300,29.9,91,30,5,Heavy Rain,Saturday,1,0,2.8,289,112.89
EVT01491,2024-01-27,Perahera,Matara,1000,1500,16,628,87863,485,26.7,73,9.7,6.1,Rain,Saturday,1,0,5,774,123.25
EVT02130,2024-01-29,Music Festival,Matara,500,3000,36,209,6730,223,25.1,77,12.5,10.9,Rain,Monday,0,0,1.8,274,131.1
EVT01619,2024-01-30,School Event,Colombo,3000,3000,28,1845,67760,1219,24.7,72,11,11.2,Rain,Tuesday,0,1,4.9,785,42.55
EVT00729,2024-01-31,School Event,Kandy,1500,1500,22,505,6217,396,26.9,63,18.9,6.8,Rain,Wednesday,0,0,6.4,214,42.38
EVT00417,2024-01-31,University Event,Colombo,500,250,90,119,43365,370,28.1,74,11.4,9.8,Rain,Wednesday,0,0,6.8,264,221.85
EVT00422,2024-01-31,Exhibition,Ratnapura,2000,3000,59,1622,35657,1630,30.2,67,1.1,11.9,Clear,Wednesday,0,0,3.9,1260,77.68
EVT00554,2024-02-01,Workshop,Galle,5000,0,56,2738,79153,1850,33.5,58,5.6,20,Clear,Thursday,0,1,4.4,1874,68.44
EVT01503,2024-02-01,Exhibition,Colombo,200,0,59,59,96775,139,32.9,96,10.2,15.5,Rain,Thursday,0,0,8,210,355.93
EVT01185,2024-02-01,Exhibition,Matara,200,250,23,156,96059,84,29.6,80,9.3,12.4,Rain,Thursday,0,0,5.8,210,134.62
EVT00892,2024-02-01,Perahera,Anuradhapura,100,1000,25,74,12146,94,25.5,67,11,21.1,Rain,Thursday,0,1,4.8,105,141.89
EVT00409,2024-02-01,University Event,Galle,750,1000,48,562,61865,256,27.7,94,0.9,12.5,Clear,Thursday,0,0,7.6,480,85.41
EVT02018,2024-02-01,Community Event,Anuradhapura,1500,1000,60,792,48482,373,28.2,81,6.7,2.5,Cloudy,Thursday,0,0,6.3,528,66.67
EVT00556,2024-02-03,Music Festival,Kandy,3000,2000,28,1469,62733,1279,26.7,87,4,6.2,Clear,Saturday,1,0,4.6,2131,145.06
EVT00842,2024-02-03,Religious Event,Kandy,3000,1000,43,1424,46705,1607,30.8,64,10.7,21.8,Rain,Saturday,1,0,2,1949,136.87
EVT02249,2024-02-03,Perahera,Anuradhapura,500,1500,25,404,87638,336,24.5,86,4.1,8.6,Cloudy,Saturday,1,0,3.9,525,129.95
EVT00514,2024-02-03,University Event,Ratnapura,300,1000,71,95,79092,188,29,77,6.2,15.6,Clear,Saturday,1,0,5.4,315,331.58
EVT01860,2024-02-03,Religious Event,Ratnapura,300,750,11,142,1243,149,26.9,76,7.4,6.3,Clear,Saturday,1,0,3.2,315,221.83
EVT02107,2024-02-05,Community Event,Colombo,3000,3000,50,1741,59382,1900,26.5,89,9.5,24.7,Rain,Monday,0,1,5.9,1398,80.3
EVT00988,2024-02-05,Sports Event,Kurunegala,3000,2000,13,1031,76440,2404,28.5,76,7.5,10.9,Clear,Monday,0,0,5.4,1198,116.2
EVT00676,2024-02-05,School Event,Kurunegala,200,750,20,132,943,144,29.9,70,14,11.7,Rain,Monday,0,0,7.6,137,103.79
EVT01636,2024-02-06,Workshop,Colombo,300,750,74,132,55857,143,22.5,87,14.8,19.6,Rain,Tuesday,0,0,3.4,199,150.76
EVT02276,2024-02-06,Workshop,Anuradhapura,100,1500,77,57,42080,44,28.6,67,10,12.7,Rain,Tuesday,0,0,3.5,105,184.21
EVT00011,2024-02-06,Community Event,Kegalle,3000,0,21,2061,13374,2307,30.1,92,15.1,11.2,Rain,Tuesday,0,0,3.5,151,7.33
EVT01708,2024-02-06,Conference,Colombo,750,3000,60,101,26323,496,26.2,68,2.9,14.7,Clear,Tuesday,0,0,3.5,329,325.74
EVT00683,2024-02-07,University Event,Anuradhapura,200,0,64,129,2564,34,27.5,75,3.9,13.3,Cloudy,Wednesday,0,0,4.6,210,162.79
EVT00013,2024-02-07,Workshop,Galle,1000,3000,29,623,40290,308,24.5,74,3.2,16.9,Clear,Wednesday,0,0,7.6,349,56.02
EVT02491,2024-02-08,Community Event,Colombo,100,0,36,52,9555,64,20.7,67,38.9,9.5,Heavy Rain,Thursday,0,0,2.3,53,101.92
EVT00170,2024-02-08,Perahera,Kurunegala,1500,2000,54,244,5539,638,27.4,81,1.7,10.1,Clear,Thursday,0,0,3.7,558,228.69
EVT01965,2024-02-08,Exhibition,Matara,500,3000,53,399,58540,172,25.9,70,24.9,21,Rain,Thursday,0,0,3.8,343,85.96
EVT02024,2024-02-08,Exhibition,Colombo,5000,750,57,2386,98641,4148,23,70,1.6,9.5,Clear,Thursday,0,1,3.1,2672,111.99
EVT01850,2024-02-09,Religious Event,Kandy,100,1500,40,62,39171,65,30.7,55,12.6,16.1,Rain,Friday,0,1,2.1,105,169.35
EVT00975,2024-02-09,Workshop,Negombo,200,3000,10,75,17605,184,28.8,97,10.4,12.5,Rain,Friday,0,0,2.7,140,186.67
EVT02373,2024-02-09,Exhibition,Colombo,5000,2000,12,1874,62515,2293,34.1,84,5.5,9.6,Clear,Friday,0,0,5,2292,122.31
EVT00688,2024-02-10,Cultural Festival,Kurunegala,750,250,10,434,32822,113,25.7,51,8.1,10.6,Rain,Saturday,1,0,5.8,463,106.68
EVT01151,2024-02-11,Conference,Kegalle,3000,3000,6,1636,72274,1747,23.6,55,10.2,2.1,Rain,Sunday,1,0,7,911,55.68
EVT00041,2024-02-11,University Event,Kandy,2000,3000,41,1359,40211,426,27.1,75,32.6,10.8,Heavy Rain,Sunday,1,0,7.4,725,53.35
EVT00191,2024-02-12,Religious Event,Anuradhapura,500,1500,40,338,3755,381,28.7,68,11.4,13,Rain,Monday,0,0,1.9,438,129.59
EVT00769,2024-02-12,Music Festival,Matara,200,1500,62,150,77699,158,27.9,71,3.1,11.8,Cloudy,Monday,0,0,4,210,140
EVT01514,2024-02-12,Workshop,Colombo,100,0,23,56,57207,27,31.2,64,9.3,2.7,Rain,Monday,0,0,7.9,105,187.5
EVT00269,2024-02-12,Exhibition,Nuwara Eliya,100,1000,16,69,35833,37,19,87,13,10.6,Rain,Monday,0,0,3.4,105,152.17
EVT01108,2024-02-13,University Event,Kegalle,2000,1000,64,1164,67870,854,27.7,66,23.6,6.9,Rain,Tuesday,0,0,4.9,665,57.13
EVT01717,2024-02-13,Sports Event,Kandy,5000,2000,72,1978,74236,3458,26.8,65,18.9,11.1,Rain,Tuesday,0,0,6.8,2321,117.34
EVT00487,2024-02-13,Conference,Nuwara Eliya,500,0,90,281,20159,155,21,86,2.6,15.2,Clear,Tuesday,0,0,6.7,305,108.54
EVT00202,2024-02-13,Sports Event,Kandy,3000,3000,17,1495,93563,1696,26,69,24.4,9.6,Rain,Tuesday,0,0,2.3,1198,80.13
EVT01495,2024-02-13,Religious Event,Kurunegala,100,0,76,80,25091,74,25.7,81,15.1,13.8,Rain,Tuesday,0,0,6.9,105,131.25
EVT02006,2024-02-14,School Event,Kegalle,1000,1500,18,660,20747,447,27.4,65,8,9.9,Rain,Wednesday,0,0,5.6,250,37.88
EVT02368,2024-02-14,Perahera,Negombo,5000,2000,26,1492,65953,2550,28,67,41.2,14.9,Heavy Rain,Wednesday,0,0,7.1,1073,71.92
EVT01934,2024-02-14,Religious Event,Nuwara Eliya,5000,2000,67,2518,1672,3041,22.2,87,3.1,15.2,Clear,Wednesday,0,0,3.8,2360,93.73
EVT00480,2024-02-14,Community Event,Kurunegala,100,0,19,68,78710,54,27.7,82,14.9,23.5,Rain,Wednesday,0,1,4.7,105,154.41
EVT00573,2024-02-14,Perahera,Anuradhapura,500,500,65,239,59341,231,23.3,63,47.2,10.1,Heavy Rain,Wednesday,0,0,4.3,282,117.99
EVT01421,2024-02-14,Conference,Colombo,500,1500,63,341,42060,355,29.9,76,17.7,7.9,Rain,Wednesday,0,0,4.6,375,109.97
EVT01948,2024-02-15,Religious Event,Anuradhapura,2000,1500,81,1348,75206,1142,30.3,89,13.7,16.6,Rain,Thursday,0,1,7.4,1432,106.23
EVT00360,2024-02-15,Workshop,Ratnapura,500,500,80,209,40101,121,26.6,69,10.5,12,Rain,Thursday,0,0,1.9,140,66.99
EVT00773,2024-02-15,Perahera,Colombo,5000,2000,29,3805,89542,2500,27.8,82,14.7,13.1,Rain,Thursday,0,0,6.6,3497,91.91
EVT00867,2024-02-16,Exhibition,Nuwara Eliya,500,1000,77,367,45539,358,16.8,98,18.9,11,Rain,Friday,0,0,6.3,310,84.47
EVT01207,2024-02-16,University Event,Nuwara Eliya,750,3000,64,594,80458,490,17.9,71,34.3,12.9,Heavy Rain,Friday,0,0,6.6,261,43.94
EVT02334,2024-02-16,Exhibition,Kurunegala,3000,1500,8,886,40505,2838,27.1,76,17.6,6.5,Rain,Friday,0,0,1.7,606,68.4
EVT00622,2024-02-16,Music Festival,Galle,750,500,81,191,12064,530,28.4,74,6.9,4.8,Cloudy,Friday,0,0,4.2,550,287.96
EVT00324,2024-02-16,Music Festival,Kandy,750,250,46,495,4395,350,25.3,68,11.1,12.7,Rain,Friday,0,0,6.8,620,125.25
EVT01870,2024-02-17,Cultural Festival,Negombo,200,250,13,70,78859,56,31.2,54,5,13,Clear,Saturday,1,0,3.8,210,300
EVT02467,2024-02-18,Religious Event,Kandy,2000,1500,36,701,93095,903,31.6,89,3.7,7.2,Clear,Sunday,1,0,2.1,1322,188.59
EVT01160,2024-02-18,Community Event,Matara,750,1000,36,355,41091,497,25.7,92,17.2,11.4,Rain,Sunday,1,0,3.7,315,88.73
EVT01474,2024-02-18,Conference,Ratnapura,5000,1500,55,1920,47727,2315,26.2,85,2.7,11.5,Clear,Sunday,1,0,1.6,1239,64.53
EVT00615,2024-02-19,Exhibition,Negombo,500,0,69,171,83500,294,28.7,69,1.8,11.8,Clear,Monday,0,1,2.1,463,270.76
EVT00787,2024-02-19,Exhibition,Ratnapura,300,500,14,197,39164,182,29.6,65,21.1,8.5,Rain,Monday,0,0,3.1,229,116.24
EVT01642,2024-02-20,School Event,Ratnapura,200,1500,20,70,15532,74,31.3,62,3.6,15.1,Clear,Tuesday,0,0,2,110,157.14
EVT01821,2024-02-20,Religious Event,Nuwara Eliya,5000,3000,54,1858,28078,1948,17,70,20.2,6.7,Rain,Tuesday,0,0,2.2,889,47.85
EVT00030,2024-02-20,Cultural Festival,Colombo,100,3000,34,10,50422,50,30.9,75,40.9,20.8,Heavy Rain,Tuesday,0,0,2.4,105,1050
EVT00725,2024-02-20,Conference,Kandy,2000,500,79,898,16339,557,30.1,91,4.8,10.5,Clear,Tuesday,0,1,1.7,962,107.13
EVT01718,2024-02-21,Conference,Anuradhapura,1000,3000,22,752,79275,781,28.7,76,4.6,17.6,Cloudy,Wednesday,0,0,2.8,452,60.11
EVT02146,2024-02-21,University Event,Kurunegala,500,500,60,426,40491,223,27.9,88,3.8,12.1,Clear,Wednesday,0,0,6.4,356,83.57
EVT01044,2024-02-21,Perahera,Negombo,1000,3000,56,797,42133,177,28.1,80,4.7,3,Cloudy,Wednesday,0,0,2.9,973,122.08
EVT02259,2024-02-21,School Event,Colombo,200,500,3,119,83413,123,30.3,67,2.6,6.4,Clear,Wednesday,0,0,2.5,210,176.47
EVT00717,2024-02-23,Community Event,Anuradhapura,750,3000,47,308,42436,437,28,62,5.6,5.5,Cloudy,Friday,0,0,8,350,113.64
EVT00184,2024-02-23,Religious Event,Ratnapura,3000,3000,61,2185,22339,2004,28.6,70,23.3,9.9,Rain,Friday,0,0,3.3,1388,63.52
EVT00900,2024-02-23,Perahera,Matara,200,2000,12,91,22909,105,25.9,70,14.2,11.6,Rain,Friday,0,0,4.4,210,230.77
EVT02132,2024-02-23,Perahera,Nuwara Eliya,3000,0,16,682,35945,1886,16.2,87,38.5,6.6,Heavy Rain,Friday,0,0,4.9,965,141.5
EVT00883,2024-02-23,Perahera,Matara,300,3000,80,166,42315,183,31.4,72,6.2,3.9,Cloudy,Friday,0,0,3.4,315,189.76
EVT01808,2024-02-25,Music Festival,Nuwara Eliya,1500,2000,60,971,76680,958,18.4,70,16.8,17.4,Rain,Sunday,1,0,3.9,1058,108.96
EVT00967,2024-02-25,Workshop,Kurunegala,100,500,48,73,65764,66,30.1,91,3.4,2,Clear,Sunday,1,0,2.7,105,143.84
EVT01722,2024-02-25,Sports Event,Kegalle,100,2000,14,55,86523,63,28.1,73,35.7,6.7,Heavy Rain,Sunday,1,0,2.7,105,190.91
EVT00509,2024-02-26,Community Event,Kegalle,1000,750,36,461,37149,740,26.7,64,7,2,Clear,Monday,0,0,3.1,382,82.86
EVT01995,2024-02-26,University Event,Matara,1000,1500,16,903,25565,986,29.6,90,16.4,9.3,Rain,Monday,0,0,3.5,473,52.38
EVT00337,2024-02-26,Community Event,Colombo,5000,1500,22,2354,68549,3747,31,74,6.7,17.8,Clear,Monday,0,0,3,1691,71.84
EVT02271,2024-02-26,Workshop,Negombo,200,0,78,112,2954,101,30.4,83,13.5,8.3,Rain,Monday,0,0,3.1,121,108.04
EVT00872,2024-02-26,Music Festival,Anuradhapura,3000,1000,72,1418,76730,2673,30.9,72,15.8,16.1,Rain,Monday,0,0,5.5,1533,108.11
EVT02434,2024-02-27,Workshop,Nuwara Eliya,1500,500,34,478,25462,1077,23.5,82,34.5,14.5,Heavy Rain,Tuesday,0,0,3.1,143,29.92
EVT00635,2024-02-27,Conference,Colombo,2000,1000,33,1779,24509,534,30.9,90,4.6,16,Clear,Tuesday,0,0,5,1120,62.96
EVT01739,2024-02-28,School Event,Anuradhapura,1500,0,56,928,54895,379,28,66,16.5,7,Rain,Wednesday,0,0,6.6,472,50.86
EVT00596,2024-02-28,Exhibition,Ratnapura,1000,0,83,141,51104,451,26.4,82,7.1,12.8,Cloudy,Wednesday,0,0,6.8,313,221.99
EVT00767,2024-02-28,Workshop,Ratnapura,500,250,84,83,24740,202,29.8,69,14.5,5.6,Rain,Wednesday,0,0,6.6,91,109.64
EVT01767,2024-02-28,University Event,Kegalle,5000,3000,65,2016,61058,3016,29.5,77,2,6.6,Clear,Wednesday,0,0,4.2,1209,59.97
EVT02123,2024-02-29,Perahera,Negombo,3000,1000,34,2547,89033,1508,31.5,65,7,15.6,Clear,Thursday,0,0,3.6,3021,118.61
EVT01129,2024-02-29,Community Event,Nuwara Eliya,3000,1000,16,2218,42366,2141,22.2,75,3.5,9.7,Clear,Thursday,0,0,2,934,42.11
EVT02488,2024-02-29,University Event,Nuwara Eliya,1000,1000,85,198,46964,794,19.8,72,2.6,8.7,Clear,Thursday,0,0,5.4,219,110.61
EVT02234,2024-03-01,Religious Event,Kurunegala,100,2000,20,94,83597,60,30.2,65,7.4,12.9,Clear,Friday,0,0,5.2,105,111.7
EVT02012,2024-03-01,Cultural Festival,Kegalle,500,1500,69,179,66288,334,30.3,92,3.3,12.9,Clear,Friday,0,0,7.2,486,271.51
EVT01427,2024-03-02,Religious Event,Kegalle,3000,2000,6,782,25974,1115,26.6,68,6.1,22.5,Clear,Saturday,1,0,3.8,1223,156.39
EVT00293,2024-03-02,Cultural Festival,Negombo,500,750,21,206,15866,377,26.9,74,7.7,11.6,Cloudy,Saturday,1,0,6.1,421,204.37
EVT02015,2024-03-02,Music Festival,Kandy,3000,3000,32,1334,93065,898,31.5,71,8.8,10.6,Rain,Saturday,1,0,3.5,1287,96.48
EVT01004,2024-03-03,Religious Event,Galle,750,3000,54,336,78604,370,23.6,73,16.6,13.7,Rain,Sunday,1,0,7,565,168.15
EVT00925,2024-03-03,Exhibition,Matara,750,1500,67,228,16065,343,26.1,73,6.1,14.8,Clear,Sunday,1,0,1.8,455,199.56
EVT00815,2024-03-04,Exhibition,Anuradhapura,1500,2000,77,944,24544,1332,30,57,3.8,14.1,Cloudy,Monday,0,1,6.9,974,103.18
EVT02101,2024-03-04,Conference,Kandy,2000,1000,76,985,9214,991,26.7,75,5.3,12.9,Clear,Monday,0,0,5.5,1046,106.19
EVT01133,2024-03-04,Cultural Festival,Kurunegala,1000,0,48,437,30122,482,27.3,87,2.4,11.3,Clear,Monday,0,1,4.2,715,163.62
EVT00749,2024-03-04,School Event,Matara,1000,500,46,183,82560,332,29,63,13.6,6.3,Rain,Monday,0,0,1.9,157,85.79
EVT01637,2024-03-05,Community Event,Galle,750,2000,58,431,54990,505,27.2,96,14,8.6,Rain,Tuesday,0,0,7.8,389,90.26
EVT00557,2024-03-06,Religious Event,Anuradhapura,750,1000,68,460,14165,319,31.2,74,10.6,14.4,Rain,Wednesday,0,0,3.5,479,104.13
EVT02214,2024-03-06,Workshop,Kandy,5000,1000,55,3403,91271,1567,25.3,78,29,9,Heavy Rain,Wednesday,0,0,7.6,1749,51.4
EVT00772,2024-03-07,Music Festival,Galle,3000,3000,33,1101,41696,729,31.9,62,9.9,8.5,Rain,Thursday,0,0,7.3,1626,147.68
EVT01814,2024-03-08,Perahera,Kandy,5000,750,44,2370,53659,1787,30,73,14.7,17.5,Rain,Friday,0,0,6.6,2250,94.94
EVT00319,2024-03-08,Cultural Festival,Negombo,750,250,52,119,47191,327,30.6,89,20.5,11.4,Rain,Friday,0,0,7.9,361,303.36
EVT02062,2024-03-08,School Event,Kegalle,2000,750,19,1622,63386,954,24.3,69,22.8,12.8,Rain,Friday,0,0,7.7,671,41.37
EVT01398,2024-03-08,School Event,Negombo,200,2000,89,123,7584,109,33,77,3.8,18.7,Clear,Friday,0,0,3,210,170.73
EVT02165,2024-03-09,Sports Event,Kurunegala,3000,500,10,621,1946,1777,27.8,73,13.7,16.6,Rain,Saturday,1,0,7.7,868,139.77
EVT00174,2024-03-09,Perahera,Negombo,2000,250,25,689,69963,1155,26.3,85,2.5,5.2,Clear,Saturday,1,0,2.2,1338,194.19
EVT00290,2024-03-09,Music Festival,Matara,100,2000,19,46,22173,43,30.8,68,7.7,10,Cloudy,Saturday,1,0,2.4,105,228.26
EVT00333,2024-03-09,Sports Event,Colombo,200,3000,33,124,99674,114,23.8,85,18.9,14.9,Rain,Saturday,1,0,6.5,210,169.35
EVT01445,2024-03-09,Religious Event,Colombo,750,0,9,43,94893,498,29.6,56,1.4,9,Clear,Saturday,1,0,4.1,578,1344.19
EVT02358,2024-03-10,School Event,Kandy,3000,750,34,810,72509,1093,25.8,49,3.5,7,Clear,Sunday,1,0,3.3,820,101.23
EVT01947,2024-03-10,Conference,Kegalle,200,2000,74,166,84348,151,27.3,70,7.4,12.7,Clear,Sunday,1,0,3.5,210,126.51
EVT01693,2024-03-10,Cultural Festival,Matara,500,2000,39,269,36378,242,30,70,22.7,11.7,Rain,Sunday,1,0,5,428,159.11
EVT00977,2024-03-11,School Event,Colombo,200,500,87,157,2095,143,30.3,74,8.1,14.4,Rain,Monday,0,0,5.2,210,133.76
EVT00755,2024-03-11,Conference,Kandy,3000,1000,9,1268,11940,2424,25.8,81,2.4,12.5,Clear,Monday,0,0,5.4,1341,105.76
EVT01477,2024-03-12,Workshop,Kegalle,100,1500,19,27,33351,82,29.9,69,5.3,16,Clear,Tuesday,0,0,2.8,105,388.89
EVT02430,2024-03-12,Conference,Galle,200,250,68,136,79994,134,27.2,58,7.7,5.8,Clear,Tuesday,0,0,8,210,154.41
EVT00206,2024-03-13,School Event,Negombo,2000,250,85,1540,11203,1351,27.5,89,6.3,14.9,Clear,Wednesday,0,0,6.4,809,52.53
EVT01647,2024-03-13,Conference,Kandy,2000,2000,53,1006,78500,1251,29.6,76,12,6.9,Rain,Wednesday,0,0,2.3,623,61.93
EVT01959,2024-03-13,Conference,Matara,500,500,12,123,92198,243,29.5,85,14,2.5,Rain,Wednesday,0,0,2.7,141,114.63
EVT02105,2024-03-13,Community Event,Anuradhapura,1000,750,36,401,57493,479,27.4,77,6.7,6.5,Clear,Wednesday,0,1,4.4,495,123.44
EVT01271,2024-03-14,Conference,Kegalle,2000,2000,89,596,31420,887,28.3,71,27.5,6.2,Heavy Rain,Thursday,0,0,5.5,86,14.43
EVT00692,2024-03-14,University Event,Kegalle,2000,0,71,1217,55318,798,24.5,84,1.8,12.9,Clear,Thursday,0,0,2.3,838,68.86
EVT01683,2024-03-14,Cultural Festival,Anuradhapura,1000,2000,39,389,5532,560,26.3,82,6.9,15.9,Clear,Thursday,0,0,5,724,186.12
EVT01938,2024-03-14,Community Event,Anuradhapura,100,2000,61,57,24607,63,28.8,53,4.6,8.3,Clear,Thursday,0,0,4.1,105,184.21
EVT01976,2024-03-14,Music Festival,Matara,1500,3000,16,418,90802,1315,27.7,84,8.8,11.3,Rain,Thursday,0,0,7.1,614,146.89
EVT00349,2024-03-14,Cultural Festival,Galle,300,2000,30,157,22801,194,24.6,75,19.7,11.6,Rain,Thursday,0,0,3.7,315,200.64
EVT01286,2024-03-15,Music Festival,Kandy,1500,250,25,495,26882,928,25.6,58,21.5,8.8,Rain,Friday,0,0,7.6,822,166.06
EVT01480,2024-03-15,Community Event,Negombo,1500,2000,36,10,57396,454,29.5,82,29.3,8.2,Heavy Rain,Friday,0,1,3.9,216,2160
EVT00759,2024-03-15,School Event,Galle,1500,500,53,759,76975,637,30.6,80,9.2,15.2,Rain,Friday,0,0,1.6,370,48.75
EVT01646,2024-03-15,University Event,Matara,100,3000,60,64,43684,64,24.1,70,18.4,6,Rain,Friday,0,0,4.1,105,164.06
EVT00540,2024-03-16,School Event,Kurunegala,2000,250,49,2187,60655,861,24.2,71,19.5,20,Rain,Saturday,1,0,5.3,604,27.62
EVT02292,2024-03-16,Conference,Matara,5000,3000,4,2919,42968,3906,26.8,61,16.7,15,Rain,Saturday,1,0,5.5,1254,42.96
EVT01928,2024-03-16,Exhibition,Ratnapura,100,2000,53,103,95731,89,27.1,69,2.7,15.8,Cloudy,Saturday,1,0,4.3,105,101.94
EVT00532,2024-03-17,Music Festival,Colombo,100,1000,77,22,24080,59,32.5,58,3.3,12.9,Cloudy,Sunday,1,0,7.3,105,477.27
EVT02355,2024-03-17,Sports Event,Ratnapura,1000,750,20,884,85146,471,31.7,81,25.3,8.4,Heavy Rain,Sunday,1,0,4.6,422,47.74
EVT00257,2024-03-18,Sports Event,Matara,750,1500,58,361,96058,317,29,67,18.7,17.8,Rain,Monday,0,0,2.6,419,116.07
EVT00607,2024-03-18,Religious Event,Kandy,5000,250,82,3397,3706,3177,27.4,70,0.7,8.5,Clear,Monday,0,0,4.8,4119,121.25
EVT01509,2024-03-18,Sports Event,Kurunegala,750,0,79,551,74792,372,28.4,74,6.2,13.5,Clear,Monday,0,0,4.9,648,117.6
EVT02388,2024-03-19,Conference,Kegalle,100,250,46,48,79261,70,27.7,80,2.2,7.5,Clear,Tuesday,0,1,5.8,105,218.75
EVT01435,2024-03-19,Sports Event,Anuradhapura,2000,750,78,656,32154,1462,25.5,66,20.9,9.2,Rain,Tuesday,0,0,4.3,642,97.87
EVT01388,2024-03-19,Conference,Kurunegala,2000,3000,13,1552,23022,1133,28.4,83,30.4,8.9,Heavy Rain,Tuesday,0,1,3.7,684,44.07
EVT02059,2024-03-19,Exhibition,Kandy,500,1500,30,259,46529,0,35,81,9,16.1,Rain,Tuesday,0,0,4.9,321,123.94
EVT01958,2024-03-20,Perahera,Kandy,750,1500,49,146,34227,381,29,82,8.7,8.8,Rain,Wednesday,0,1,7.6,687,470.55
EVT02185,2024-03-20,Workshop,Negombo,500,0,31,180,60537,146,24.9,67,2,12.6,Clear,Wednesday,0,0,4.5,199,110.56
EVT00640,2024-03-20,Workshop,Matara,500,500,43,185,56605,312,25,65,22.9,4,Rain,Wednesday,0,0,5.2,223,120.54
EVT02169,2024-03-21,Workshop,Galle,750,0,57,415,36559,310,28.5,66,19.9,9.4,Rain,Thursday,0,0,3.2,234,56.39
EVT01951,2024-03-21,Exhibition,Matara,300,3000,11,247,91373,174,30.8,80,8.3,12.9,Rain,Thursday,0,1,2.3,293,118.62
EVT00791,2024-03-21,Music Festival,Galle,100,500,59,70,99491,46,27.1,87,10.1,11.8,Rain,Thursday,0,0,6.4,105,150
EVT00779,2024-03-22,Community Event,Kurunegala,200,500,3,90,87736,105,28.8,78,6.7,10,Clear,Friday,0,0,3.7,169,187.78
EVT01451,2024-03-22,Conference,Kurunegala,1500,1000,83,350,66987,689,25.2,87,5.9,11,Clear,Friday,0,0,7.4,427,122
EVT01320,2024-03-22,Workshop,Nuwara Eliya,300,500,80,88,77913,150,21.9,64,5.1,2,Clear,Friday,0,0,6.9,149,169.32
EVT01193,2024-03-22,Perahera,Kegalle,1500,1000,4,961,96400,926,27.5,74,9.1,10,Rain,Friday,0,1,5.7,978,101.77
EVT01247,2024-03-22,Workshop,Kegalle,1000,2000,44,468,11679,552,29.8,71,3,23.1,Clear,Friday,0,0,3,339,72.44
EVT01147,2024-03-22,Workshop,Kandy,300,250,19,169,5116,102,21.6,85,9.3,7.5,Rain,Friday,0,1,7.6,229,135.5
EVT02308,2024-03-22,Religious Event,Ratnapura,1000,3000,56,594,80258,767,27.7,60,24.5,11.4,Rain,Friday,0,0,3,727,122.39
EVT00984,2024-03-23,Community Event,Kegalle,750,2000,20,296,82841,416,28,83,13.7,11.8,Rain,Saturday,1,0,2.3,434,146.62
EVT01071,2024-03-23,Perahera,Negombo,200,750,33,113,11236,90,25.4,91,14,6.3,Rain,Saturday,1,0,7.5,210,185.84
EVT00169,2024-03-23,Perahera,Matara,500,0,48,120,8174,262,28.7,77,15.3,21.8,Rain,Saturday,1,0,2.8,391,325.83
EVT00342,2024-03-24,Cultural Festival,Negombo,1000,250,40,450,30797,180,33.9,78,5.8,11.6,Clear,Sunday,1,0,5.9,615,136.67
EVT01580,2024-03-25,Workshop,Negombo,100,2000,12,15,47831,63,27.3,71,3.9,10.3,Clear,Monday,0,0,5.1,105,700
EVT02499,2024-03-25,Religious Event,Negombo,750,500,22,411,4222,479,27.5,69,20,3.5,Rain,Monday,0,1,2.5,527,128.22
EVT02483,2024-03-25,Sports Event,Kurunegala,1500,500,19,498,25999,496,29,83,15,3.1,Rain,Monday,0,1,4.1,569,114.26
EVT00637,2024-03-25,School Event,Colombo,500,1500,4,240,35639,426,25.9,53,21.5,9.1,Rain,Monday,0,0,5.6,248,103.33
EVT02244,2024-03-26,University Event,Kegalle,2000,3000,41,1026,61428,981,24.9,79,3,11.1,Cloudy,Tuesday,0,0,2.2,295,28.75
EVT00155,2024-03-26,University Event,Kurunegala,5000,750,30,1071,63727,3294,28.2,61,5,15.8,Clear,Tuesday,0,0,1.5,2445,228.29
EVT01168,2024-03-27,School Event,Colombo,750,2000,70,282,79869,611,27.8,81,10,6,Rain,Wednesday,0,0,2,450,159.57
EVT00049,2024-03-27,Exhibition,Kandy,1500,1000,10,710,77034,616,26.4,98,10.7,16.8,Rain,Wednesday,0,0,6.2,604,85.07
EVT01638,2024-03-27,Music Festival,Galle,2000,1000,48,1307,45122,606,25.7,63,5,13.5,Cloudy,Wednesday,0,0,2.3,1225,93.73
EVT00639,2024-03-27,Exhibition,Nuwara Eliya,750,750,16,68,55872,319,19.1,80,11.3,8.5,Rain,Wednesday,0,0,1.7,195,286.76
EVT00224,2024-03-28,Perahera,Kegalle,750,750,73,159,90917,386,23.8,60,9,15.3,Rain,Thursday,0,0,4.8,465,292.45
EVT00495,2024-03-28,Religious Event,Kegalle,750,500,65,412,70875,732,29.5,80,17.8,14.6,Rain,Thursday,0,0,6,654,158.74
EVT00895,2024-03-28,Cultural Festival,Colombo,200,3000,9,80,85722,158,24.6,90,13,23.5,Rain,Thursday,0,0,7,210,262.5
EVT00162,2024-03-28,Music Festival,Ratnapura,1500,500,72,1032,66442,769,27.8,81,2.6,13.6,Clear,Thursday,0,0,5.1,1044,101.16
EVT02420,2024-03-28,School Event,Kandy,500,500,40,273,17174,157,33.9,63,20.9,4.2,Rain,Thursday,0,0,6.9,255,93.41
EVT00962,2024-03-29,Music Festival,Kegalle,5000,1500,40,3467,84250,4322,28.1,69,4.8,10.2,Clear,Friday,0,0,5.7,2409,69.48
EVT01566,2024-03-29,Music Festival,Colombo,5000,1500,14,2347,45557,1478,29.1,70,8.2,18.6,Rain,Friday,0,0,1.8,2153,91.73
EVT02367,2024-03-29,Workshop,Ratnapura,3000,2000,71,2676,16850,1643,23.9,79,8.7,7.8,Rain,Friday,0,0,8,935,34.94
EVT01551,2024-03-29,University Event,Anuradhapura,2000,2000,26,1164,17748,1101,28.7,77,26.1,5.9,Heavy Rain,Friday,0,0,6.2,960,82.47
EVT00196,2024-03-29,Music Festival,Galle,2000,0,17,1063,86555,1228,25,70,33.1,11.6,Heavy Rain,Friday,0,0,6.9,867,81.56
EVT01692,2024-03-29,Workshop,Kegalle,1500,2000,6,501,19546,542,30.5,75,5.2,15.7,Clear,Friday,0,1,1.7,679,135.53
EVT02207,2024-03-29,Music Festival,Ratnapura,200,3000,16,125,14849,64,31.3,65,1.5,12.6,Clear,Friday,0,0,4.5,210,168
EVT01065,2024-03-30,Conference,Matara,1000,3000,88,347,97907,675,28.4,78,9,15.4,Rain,Saturday,1,0,5.6,251,72.33
EVT01582,2024-03-30,Perahera,Ratnapura,1500,750,80,381,9935,1021,30.4,72,7.6,2,Clear,Saturday,1,0,7.9,881,231.23
EVT01681,2024-03-30,Religious Event,Colombo,2000,750,36,1110,82933,1205,27.7,74,14.3,14.4,Rain,Saturday,1,1,5.6,1481,133.42
EVT01797,2024-03-30,Sports Event,Kandy,2000,1000,86,679,80797,1182,30.9,71,8.2,13.1,Rain,Saturday,1,0,3.8,1014,149.34
EVT02412,2024-03-31,Conference,Kandy,300,500,73,154,62665,184,24.7,68,7.1,13.7,Cloudy,Sunday,1,1,4.4,315,204.55
EVT01710,2024-03-31,Community Event,Kegalle,100,2000,10,18,64471,82,24,75,37.7,10,Heavy Rain,Sunday,1,1,3.2,90,500
EVT02144,2024-04-02,Sports Event,Matara,300,750,56,162,36214,75,29.3,91,2.9,16.8,Cloudy,Tuesday,0,0,3.6,315,194.44
EVT01874,2024-04-02,Perahera,Anuradhapura,1500,500,83,479,78010,826,32,64,20.4,18.8,Rain,Tuesday,0,0,5.8,855,178.5
EVT01460,2024-04-02,Exhibition,Kurunegala,1500,2000,59,1037,20060,382,26.2,75,4.6,9.8,Clear,Tuesday,0,0,4.2,803,77.43
EVT00878,2024-04-03,Sports Event,Nuwara Eliya,3000,1500,65,2364,54006,1207,16.7,69,17.5,15.4,Rain,Wednesday,0,0,4.8,994,42.05
EVT02187,2024-04-03,Exhibition,Ratnapura,2000,1000,83,1055,8776,1268,30,74,14,7.4,Rain,Wednesday,0,0,5.1,1072,101.61
EVT00462,2024-04-04,Perahera,Nuwara Eliya,100,250,47,56,88195,70,21.5,71,11.9,15.5,Rain,Thursday,0,0,4.3,105,187.5
EVT00259,2024-04-04,Perahera,Ratnapura,500,2000,84,231,43754,291,25.7,66,8.2,13.5,Rain,Thursday,0,0,2.4,443,191.77
EVT02041,2024-04-04,Sports Event,Ratnapura,1000,750,4,771,23633,71,25.7,58,8.8,12.1,Rain,Thursday,0,0,3.3,515,66.8
EVT01603,2024-04-05,Religious Event,Matara,2000,2000,17,1610,27824,918,23.6,69,21.6,8.8,Rain,Friday,0,0,2.5,1184,73.54
EVT00022,2024-04-05,Religious Event,Kegalle,750,750,57,503,68950,588,28.1,81,6.9,10.6,Clear,Friday,0,0,5.2,718,142.74
EVT01472,2024-04-05,Perahera,Nuwara Eliya,200,250,73,117,49137,55,20.7,92,12.7,11.2,Rain,Friday,0,0,7.2,210,179.49
EVT00452,2024-04-06,Exhibition,Anuradhapura,5000,3000,70,2613,69184,4638,24.5,75,13.6,22.3,Rain,Saturday,1,0,7.9,1307,50.02
EVT01554,2024-04-06,School Event,Ratnapura,300,500,89,86,45241,186,27.1,57,12.2,12.9,Rain,Saturday,1,0,7.3,195,226.74
EVT00310,2024-04-06,Workshop,Matara,100,1000,41,71,69153,68,28.9,98,22.1,15.8,Rain,Saturday,1,0,2.9,105,147.89
EVT01884,2024-04-07,Cultural Festival,Negombo,200,250,86,38,8734,118,28.4,66,9.6,18.5,Rain,Sunday,1,0,7.2,210,552.63
EVT01086,2024-04-07,Religious Event,Kurunegala,5000,2000,80,2136,7057,1852,29.2,94,3.2,12.9,Clear,Sunday,1,0,5.1,2256,105.62
EVT01484,2024-04-07,Music Festival,Negombo,3000,1500,80,1408,18255,1669,28.9,58,1.6,15.8,Cloudy,Sunday,1,1,7.7,1792,127.27
EVT00005,2024-04-08,Religious Event,Anuradhapura,300,0,49,194,7410,248,26.5,78,1.8,10.6,Clear,Monday,0,0,6,315,162.37
EVT01855,2024-04-08,Cultural Festival,Colombo,3000,500,57,641,82861,2395,30.4,83,8.8,21.7,Rain,Monday,0,0,2.7,1139,177.69
EVT01479,2024-04-08,Exhibition,Matara,500,3000,43,10,64384,214,28.4,66,19.7,5.7,Rain,Monday,0,0,8,150,1500
EVT02306,2024-04-08,University Event,Nuwara Eliya,5000,2000,89,1479,23257,1470,17.6,71,42,16.4,Heavy Rain,Monday,0,0,5.7,960,64.91
EVT02298,2024-04-08,Religious Event,Galle,500,1000,51,187,68570,372,28,75,19.7,3.6,Rain,Monday,0,0,2.7,464,248.13
EVT00968,2024-04-08,Perahera,Anuradhapura,5000,1000,50,4352,78404,949,27.6,68,1.9,5,Cloudy,Monday,0,1,3.7,4618,106.11
EVT00456,2024-04-08,School Event,Kandy,500,1500,45,258,11822,218,21.5,60,1.9,8.9,Cloudy,Monday,0,0,6.7,389,150.78
EVT02442,2024-04-09,Perahera,Matara,100,250,45,57,53874,53,26.9,76,6.8,10.3,Clear,Tuesday,0,0,3.9,105,184.21
EVT02494,2024-04-09,Perahera,Kegalle,1500,1000,88,842,41964,737,28.9,73,4.2,12.6,Clear,Tuesday,0,0,8,1182,140.38
EVT01590,2024-04-09,Religious Event,Colombo,750,0,41,436,78477,476,26.9,75,14.7,6.7,Rain,Tuesday,0,0,2.5,549,125.92
EVT01336,2024-04-09,Music Festival,Anuradhapura,750,500,31,301,37736,320,27.1,85,19.3,8.9,Rain,Tuesday,0,0,7.2,356,118.27
EVT01929,2024-04-09,Conference,Ratnapura,500,1500,69,308,76294,263,27.6,61,16.6,14.4,Rain,Tuesday,0,0,5.5,276,89.61
EVT00249,2024-04-10,Workshop,Kurunegala,100,750,43,24,51948,23,27.2,73,4.6,10.4,Clear,Wednesday,0,1,1.7,105,437.5
EVT01203,2024-04-10,Sports Event,Negombo,750,500,29,75,60469,579,32.6,83,7.1,8.8,Clear,Wednesday,0,1,6.4,410,546.67
EVT02186,2024-04-11,Exhibition,Nuwara Eliya,1000,250,13,271,6817,816,21.6,84,9.2,16.1,Rain,Thursday,0,0,5.1,240,88.56
EVT01011,2024-04-11,Cultural Festival,Kurunegala,750,1000,75,359,77771,560,24.3,87,18.8,5.9,Rain,Thursday,0,0,4.3,482,134.26
EVT01158,2024-04-11,Music Festival,Galle,3000,1500,33,2009,31045,1684,27.4,76,2.2,11.1,Cloudy,Thursday,0,1,3.9,2069,102.99
EVT01166,2024-04-12,Cultural Festival,Kurunegala,500,750,28,210,20596,255,29.4,73,35.6,14.6,Heavy Rain,Friday,0,0,3.1,221,105.24
EVT00917,2024-04-12,Workshop,Kurunegala,500,2000,86,312,96333,222,28.7,86,7,17.7,Cloudy,Friday,0,0,1.8,281,90.06
EVT00887,2024-04-12,Sports Event,Ratnapura,750,1000,55,338,89170,384,26.7,67,3.6,10.4,Clear,Friday,0,0,2.8,480,142.01
EVT00355,2024-04-12,Exhibition,Kegalle,1500,250,64,722,42464,1376,25.5,68,43.5,15.5,Heavy Rain,Friday,0,0,5.6,310,42.94
EVT00347,2024-04-12,School Event,Nuwara Eliya,750,250,9,408,3023,256,20.1,52,7.9,12,Clear,Friday,0,0,2.5,199,48.77
EVT02004,2024-04-12,Cultural Festival,Anuradhapura,200,500,17,83,45531,97,22.8,77,1,2.6,Cloudy,Friday,0,0,1.6,210,253.01
EVT00001,2024-04-12,Cultural Festival,Ratnapura,750,2000,85,44,60763,345,26.5,69,5.2,7.4,Clear,Friday,0,0,5.5,359,815.91
EVT00215,2024-04-12,School Event,Nuwara Eliya,300,1500,76,99,97637,125,24.5,82,15,12.8,Rain,Friday,0,0,4.3,201,203.03
EVT01511,2024-04-12,Perahera,Matara,500,1000,9,90,79166,328,22.1,65,0.1,6.8,Cloudy,Friday,0,0,2.2,370,411.11
EVT00775,2024-04-13,Perahera,Anuradhapura,1000,2000,55,317,88574,785,25.1,74,16,8.3,Rain,Saturday,1,0,7.5,725,228.71
EVT00204,2024-04-13,Sports Event,Kegalle,100,1500,21,45,78616,28,28.8,80,3.2,7.1,Cloudy,Saturday,1,0,6.1,105,233.33
EVT02166,2024-04-13,Music Festival,Galle,200,1500,57,167,9037,100,25.9,72,4.9,9,Clear,Saturday,1,0,7.5,210,125.75
EVT02303,2024-04-14,Workshop,Matara,5000,0,53,1377,58065,2888,25.7,82,30.9,15,Heavy Rain,Sunday,1,0,2.2,5,0.36
EVT00370,2024-04-15,Perahera,Negombo,5000,750,40,1454,36325,2088,32.2,78,3.7,5,Clear,Monday,0,0,2.1,2423,166.64
EVT01202,2024-04-15,School Event,Matara,2000,500,31,1161,59423,911,25.1,79,16,6.6,Rain,Monday,0,0,7.8,402,34.63
EVT02046,2024-04-15,Workshop,Matara,1000,2000,7,249,58748,684,22.3,74,20.5,14.3,Rain,Monday,0,0,2.2,214,85.94
EVT00784,2024-04-15,Music Festival,Kurunegala,100,0,44,24,29110,58,26.5,72,30.3,6.8,Heavy Rain,Monday,0,0,7,105,437.5
EVT00757,2024-04-16,Conference,Anuradhapura,1500,250,8,983,66292,1034,28.8,68,13.2,10.6,Rain,Tuesday,0,1,6.1,715,72.74
EVT00665,2024-04-17,Community Event,Kurunegala,1500,250,63,718,60113,680,29.8,71,1.2,11,Clear,Wednesday,0,1,2.6,401,55.85
EVT01070,2024-04-17,Exhibition,Galle,1500,750,17,980,38834,632,28.1,58,25.8,4.6,Heavy Rain,Wednesday,0,0,7.9,326,33.27
EVT02400,2024-04-17,Perahera,Kurunegala,200,750,52,56,10786,146,28.2,52,1.8,4.2,Clear,Wednesday,0,0,5.2,210,375
EVT01622,2024-04-17,Perahera,Ratnapura,5000,250,75,4045,84412,3315,26.8,78,1.8,12.3,Clear,Wednesday,0,0,2.8,3453,85.36
EVT00267,2024-04-17,Music Festival,Negombo,1500,3000,21,858,76927,457,29.6,83,3.1,14.1,Cloudy,Wednesday,0,0,4.2,846,98.6
EVT00299,2024-04-18,Perahera,Matara,1500,750,88,815,82337,885,26.9,83,12.7,15.9,Rain,Thursday,0,0,4,922,113.13
EVT00954,2024-04-18,Community Event,Negombo,1500,750,53,355,79517,635,25.3,94,11.9,15.6,Rain,Thursday,0,1,3.4,124,34.93
EVT01369,2024-04-19,School Event,Kandy,5000,0,11,1036,4241,2945,25.5,75,12.7,2,Rain,Friday,0,0,6,139,13.42
EVT00036,2024-04-20,Workshop,Kandy,2000,3000,85,1049,48947,995,23.2,84,9.6,12.6,Rain,Saturday,1,1,2.5,517,49.29
EVT02246,2024-04-20,Community Event,Kegalle,1000,1000,13,224,92856,454,32.2,92,16.5,10.1,Rain,Saturday,1,0,6.8,243,108.48
EVT00244,2024-04-20,University Event,Ratnapura,500,750,70,275,21973,322,28.1,74,3,12.7,Cloudy,Saturday,1,0,2.2,314,114.18
EVT00141,2024-04-20,Music Festival,Kegalle,300,3000,89,244,24282,154,24.1,73,10,12.1,Rain,Saturday,1,0,5.7,315,129.1
EVT00232,2024-04-20,Conference,Anuradhapura,300,3000,74,257,53475,111,25.4,84,4.2,8.2,Cloudy,Saturday,1,0,7.6,315,122.57
EVT02034,2024-04-21,Workshop,Galle,500,1500,10,135,62714,143,29.1,71,26.5,8.3,Heavy Rain,Sunday,1,0,4.4,90,66.67
EVT02417,2024-04-21,Community Event,Kegalle,100,0,60,59,26372,66,28.7,83,5.5,10.5,Clear,Sunday,1,0,1.6,105,177.97
EVT02248,2024-04-22,Cultural Festival,Galle,1500,500,49,1242,43000,763,29.7,84,8.6,10.8,Rain,Monday,0,0,4.4,1194,96.14
EVT01001,2024-04-22,Cultural Festival,Negombo,1000,2000,27,357,60879,346,27.4,76,6,13.4,Cloudy,Monday,0,0,2.7,658,184.31
EVT00794,2024-04-22,University Event,Anuradhapura,1000,3000,29,337,75490,703,29.2,89,11.4,10.8,Rain,Monday,0,0,2.9,326,96.74
EVT00065,2024-04-22,University Event,Colombo,2000,2000,62,151,64352,989,28.5,77,30.7,18,Heavy Rain,Monday,0,0,2.2,31,20.53
EVT00165,2024-04-22,Conference,Kurunegala,100,1500,7,53,32302,52,26.3,72,24.6,6.2,Rain,Monday,0,0,4,105,198.11
EVT02343,2024-04-22,Exhibition,Negombo,1500,750,30,433,39920,1084,29.2,81,25,10.9,Heavy Rain,Monday,0,0,4.1,388,89.61
EVT02040,2024-04-23,Music Festival,Ratnapura,5000,1500,80,2801,31874,2037,29,98,11.5,16.7,Rain,Tuesday,0,0,6.4,1843,65.8
EVT00890,2024-04-23,Workshop,Anuradhapura,200,1500,40,137,15342,102,25.8,70,15.4,15.5,Rain,Tuesday,0,0,1.9,170,124.09
EVT01141,2024-04-23,Exhibition,Matara,1000,750,39,440,52736,287,32.3,80,7.2,2.7,Clear,Tuesday,0,0,6.5,436,99.09
EVT01200,2024-04-24,University Event,Ratnapura,5000,1500,51,1924,99073,3584,29,81,9,18.3,Rain,Wednesday,0,0,4.1,1307,67.93
EVT01003,2024-04-25,Conference,Kegalle,1500,0,79,828,29077,898,34.4,75,8.5,12.8,Rain,Thursday,0,0,2.4,464,56.04
EVT00306,2024-04-26,Religious Event,Matara,5000,750,36,2449,52242,2707,24,65,5.3,6.2,Clear,Friday,0,0,7.5,2214,90.4
EVT01408,2024-04-26,Workshop,Kegalle,3000,3000,17,1058,38522,1331,30.4,78,27,13.9,Heavy Rain,Friday,0,0,1.9,389,36.77
EVT00297,2024-04-27,School Event,Matara,500,0,19,157,90869,442,26.8,78,0.8,6.1,Clear,Saturday,1,0,4.7,273,173.89
EVT02424,2024-04-27,Cultural Festival,Negombo,2000,750,57,924,87285,1537,29.3,82,5.8,19.4,Cloudy,Saturday,1,0,8,900,97.4
EVT00367,2024-04-27,Conference,Kegalle,3000,250,57,1121,48452,1552,28.5,70,7.7,13.8,Clear,Saturday,1,0,7.6,723,64.5
EVT01026,2024-04-27,Workshop,Anuradhapura,3000,0,60,918,74779,1479,29.2,66,8.2,17.5,Rain,Saturday,1,0,5,359,39.11
EVT00018,2024-04-27,University Event,Ratnapura,750,0,18,350,29875,698,30.6,59,5.7,10.8,Cloudy,Saturday,1,0,4.6,483,138
EVT00716,2024-04-27,Conference,Kegalle,100,1000,53,53,59239,28,32.4,55,10.7,10.3,Rain,Saturday,1,0,6.9,105,198.11
EVT00357,2024-04-28,Music Festival,Anuradhapura,2000,0,54,1246,7395,451,30,73,33.7,2,Heavy Rain,Sunday,1,0,7.7,804,64.53
EVT00949,2024-04-28,Cultural Festival,Anuradhapura,1000,0,72,556,48379,779,29.1,63,13.3,9.5,Rain,Sunday,1,0,6.6,810,145.68
EVT02330,2024-04-28,Exhibition,Kegalle,3000,250,34,1668,77677,1228,25.8,76,13.3,10.5,Rain,Sunday,1,0,3.6,401,24.04
EVT02145,2024-04-28,University Event,Colombo,5000,0,44,2571,74823,3666,26.1,65,7.7,6.3,Clear,Sunday,1,0,3,1871,72.77
EVT00700,2024-04-28,Conference,Kegalle,3000,750,71,1679,77120,1468,24.9,70,23.7,12.6,Rain,Sunday,1,0,5.8,1173,69.86
EVT01703,2024-04-29,Religious Event,Kandy,200,500,34,127,26826,195,30,75,6.8,7.2,Cloudy,Monday,0,0,2.6,210,165.35
EVT01825,2024-04-29,Workshop,Ratnapura,200,250,42,94,95668,39,28,81,12.3,15.1,Rain,Monday,0,0,3.5,117,124.47
EVT01387,2024-04-29,Conference,Kurunegala,100,3000,8,84,68868,64,30,85,6.8,4.6,Clear,Monday,0,0,1.8,105,125
EVT02392,2024-04-30,Conference,Kurunegala,1500,500,28,784,31120,541,27.3,86,0.2,14.4,Clear,Tuesday,0,0,6.4,514,65.56
EVT01789,2024-04-30,Perahera,Kandy,750,1500,54,397,66427,521,28.6,83,29.5,8.1,Heavy Rain,Tuesday,0,0,7,581,146.35
EVT01530,2024-04-30,School Event,Galle,1000,500,22,660,34614,250,28.4,94,10.6,13,Rain,Tuesday,0,0,4.3,286,43.33
EVT00401,2024-05-01,Sports Event,Ratnapura,5000,1000,30,2553,62021,2756,24.3,70,1.6,8.4,Clear,Wednesday,0,0,4,2379,93.18
EVT02346,2024-05-01,Cultural Festival,Kurunegala,300,0,41,191,70090,274,24.6,59,6.3,19.6,Clear,Wednesday,0,0,2.2,315,164.92
EVT00696,2024-05-02,Religious Event,Anuradhapura,300,1500,73,95,36671,145,31.9,83,2.4,17.1,Clear,Thursday,0,0,2.9,315,331.58
EVT00312,2024-05-02,Perahera,Kurunegala,300,750,49,195,9579,164,28.9,78,15.6,6.6,Rain,Thursday,0,0,3.8,315,161.54
EVT00427,2024-05-02,Workshop,Ratnapura,100,0,14,57,22894,91,29.2,82,5.7,16.2,Clear,Thursday,0,1,6.2,105,184.21
EVT00133,2024-05-03,Conference,Galle,1500,1500,70,965,21038,850,27.7,79,1.3,6.4,Cloudy,Friday,0,0,5,742,76.89
EVT01276,2024-05-04,Religious Event,Nuwara Eliya,3000,0,73,983,20526,1960,19,72,7.9,8.3,Cloudy,Saturday,1,0,6.5,1451,147.61
EVT01746,2024-05-04,University Event,Kandy,500,2000,84,127,60071,165,23.4,76,5,17.1,Clear,Saturday,1,0,4.4,391,307.87
EVT01153,2024-05-05,Workshop,Kegalle,750,250,31,310,40489,382,25.7,73,27.3,13.7,Heavy Rain,Sunday,1,0,1.7,135,43.55
EVT00545,2024-05-05,Religious Event,Anuradhapura,500,750,46,283,38195,364,26.4,84,4.2,10.5,Clear,Sunday,1,0,3.3,525,185.51
EVT00025,2024-05-05,Sports Event,Kandy,5000,750,74,840,42844,3506,30.8,69,1.7,12.3,Clear,Sunday,1,0,7.9,1446,172.14
EVT01199,2024-05-06,Conference,Kegalle,200,2000,24,127,4310,104,29.5,91,6,17.4,Cloudy,Monday,0,0,2.7,160,125.98
EVT01370,2024-05-07,Workshop,Ratnapura,2000,1500,41,648,87488,1359,29.3,74,1.7,12.8,Clear,Tuesday,0,0,7.7,382,58.95
EVT02262,2024-05-07,Community Event,Kandy,750,0,69,443,20326,484,28.6,64,6.2,15.9,Cloudy,Tuesday,0,0,2.3,477,107.67
EVT01313,2024-05-07,Perahera,Galle,1000,2000,85,608,9112,420,26.5,73,2.6,13.3,Clear,Tuesday,0,0,2.3,948,155.92
EVT01230,2024-05-08,Conference,Kegalle,3000,1500,29,1541,15184,1650,29.4,86,6.7,2.9,Cloudy,Wednesday,0,0,2.9,567,36.79
EVT00363,2024-05-08,Perahera,Negombo,750,1000,26,348,27728,255,27.3,74,10.7,12.5,Rain,Wednesday,0,0,1.8,508,145.98
EVT00893,2024-05-08,Sports Event,Nuwara Eliya,750,2000,5,475,45878,392,16.2,75,4.4,11.4,Clear,Wednesday,0,0,2.9,465,97.89
EVT01025,2024-05-08,Cultural Festival,Negombo,5000,250,72,3007,73107,3764,31,59,14.6,11.9,Rain,Wednesday,0,0,7.1,2380,79.15
EVT00930,2024-05-09,School Event,Kegalle,1000,750,19,609,71939,819,32.7,62,8.1,11.8,Rain,Thursday,0,0,5.6,287,47.13
EVT02094,2024-05-09,Cultural Festival,Ratnapura,300,3000,36,174,53601,149,22.5,78,15.2,19.9,Rain,Thursday,0,0,5.2,234,134.48
EVT01918,2024-05-09,Religious Event,Negombo,200,1000,20,41,58925,124,31.2,59,14.7,8.7,Rain,Thursday,0,0,5.5,209,509.76
EVT00970,2024-05-09,Perahera,Galle,2000,3000,22,1467,28108,1084,29,79,37.7,10.9,Heavy Rain,Thursday,0,0,4.9,1109,75.6
EVT00913,2024-05-09,Conference,Colombo,200,3000,56,67,82376,70,24.2,72,8.7,11.3,Rain,Thursday,0,0,2.3,209,311.94
EVT02380,2024-05-10,School Event,Negombo,2000,3000,35,668,98696,817,28.2,63,5.9,17.1,Clear,Friday,0,0,5.5,446,66.77
EVT02337,2024-05-10,School Event,Nuwara Eliya,100,250,18,101,87750,43,19.2,64,16.5,4.1,Rain,Friday,0,0,3.6,105,103.96
EVT00399,2024-05-10,Sports Event,Colombo,750,3000,54,237,83606,526,28.7,66,9.4,5.9,Rain,Friday,0,0,6.8,511,215.61
EVT00391,2024-05-10,Workshop,Anuradhapura,500,250,84,424,50382,138,25.3,91,28.2,7,Heavy Rain,Friday,0,0,6.9,191,45.05
EVT01963,2024-05-11,Cultural Festival,Ratnapura,750,250,48,191,5463,437,33.1,84,14.8,9.6,Rain,Saturday,1,0,4.7,366,191.62
EVT01894,2024-05-11,University Event,Kurunegala,1500,500,65,1023,5444,712,31.7,80,8.2,2,Rain,Saturday,1,0,8,628,61.39
EVT01249,2024-05-12,Religious Event,Kandy,750,1000,81,311,9863,338,28.2,76,41,11,Heavy Rain,Sunday,1,0,1.9,378,121.54
EVT01733,2024-05-12,School Event,Matara,200,750,40,112,72498,56,28.3,65,11.7,2.2,Rain,Sunday,1,0,8,203,181.25
EVT00820,2024-05-12,Religious Event,Negombo,1500,2000,52,1142,81723,1454,31.2,75,19,3.3,Rain,Sunday,1,1,4.2,1244,108.93
EVT01798,2024-05-13,Sports Event,Anuradhapura,2000,0,4,1635,71078,1288,29.1,73,3.3,14.8,Cloudy,Monday,0,0,3.4,1602,97.98
EVT01274,2024-05-13,Workshop,Nuwara Eliya,500,1000,40,173,30501,258,19,68,0.8,22.6,Clear,Monday,0,0,1.9,172,99.42
EVT00517,2024-05-13,Cultural Festival,Kurunegala,200,1000,88,118,33426,178,20.6,68,4.9,7.1,Clear,Monday,0,0,3.5,210,177.97
EVT01232,2024-05-14,School Event,Galle,1500,1500,36,767,8175,745,25.8,63,3.2,12.7,Clear,Tuesday,0,0,1.5,659,85.92
EVT02385,2024-05-14,Workshop,Kurunegala,5000,500,58,2363,99947,4316,28.4,74,13.6,12.4,Rain,Tuesday,0,0,3.2,830,35.12
EVT01301,2024-05-14,University Event,Galle,100,2000,61,57,92788,54,26.4,79,6.4,8.2,Clear,Tuesday,0,0,5.8,105,184.21
EVT00301,2024-05-14,University Event,Matara,750,750,52,211,7023,403,28.9,95,17.8,6.4,Rain,Tuesday,0,0,2.1,207,98.1
EVT02251,2024-05-15,Community Event,Kandy,100,0,18,68,2979,66,27.6,86,1.6,22.4,Clear,Wednesday,0,0,2.1,105,154.41
EVT02008,2024-05-15,Cultural Festival,Matara,1000,3000,71,570,99910,401,27,66,8.3,9,Rain,Wednesday,0,0,6.6,419,73.51
EVT01585,2024-05-16,Perahera,Kegalle,300,3000,90,159,21009,241,23.8,70,7.3,11.9,Clear,Thursday,0,0,5.6,315,198.11
EVT00144,2024-05-16,Community Event,Kandy,500,750,84,356,43648,105,25,76,13.9,12.4,Rain,Thursday,0,0,7,288,80.9
EVT00996,2024-05-17,Workshop,Anuradhapura,300,1500,76,168,76114,205,26.8,65,9.9,12.5,Rain,Friday,0,1,5.5,234,139.29
EVT01487,2024-05-17,University Event,Kurunegala,1000,0,7,398,89313,616,23.4,71,5.4,21.1,Cloudy,Friday,0,0,5.1,391,98.24
EVT00434,2024-05-17,Music Festival,Anuradhapura,2000,750,27,1517,50082,1094,29.7,80,7.6,18.6,Cloudy,Friday,0,0,5.7,1906,125.64
EVT00135,2024-05-18,Cultural Festival,Galle,100,500,84,79,78488,75,26.3,79,13.8,15.8,Rain,Saturday,1,0,5.4,105,132.91
EVT02379,2024-05-18,Workshop,Colombo,1000,250,13,451,58749,646,26.5,74,35.4,11,Heavy Rain,Saturday,1,0,1.9,117,25.94
EVT01135,2024-05-18,Perahera,Kurunegala,300,3000,24,96,47361,111,27.6,86,7.1,7.9,Clear,Saturday,1,0,4.2,315,328.12
EVT01924,2024-05-18,Religious Event,Negombo,1000,1000,47,701,22868,637,28.5,71,0.1,18.3,Clear,Saturday,1,0,5.3,965,137.66
EVT01553,2024-05-18,Conference,Matara,2000,3000,24,1586,66165,1497,28.8,81,5.3,11,Cloudy,Saturday,1,0,2.7,1008,63.56
EVT00366,2024-05-18,Perahera,Colombo,750,750,67,114,84933,497,27.1,91,28.6,7,Heavy Rain,Saturday,1,0,2.3,441,386.84
EVT00284,2024-05-18,Music Festival,Matara,5000,750,35,2113,11654,3645,25.1,85,4.8,7.9,Cloudy,Saturday,1,0,2.2,2329,110.22
EVT01452,2024-05-19,School Event,Nuwara Eliya,5000,0,45,3209,16714,3057,22.6,82,11,12.4,Rain,Sunday,1,0,4.4,615,19.16
EVT02000,2024-05-19,Music Festival,Matara,1000,1000,55,436,6490,299,25.7,61,14.3,13.3,Rain,Sunday,1,0,4.2,413,94.72
EVT00793,2024-05-19,Workshop,Kegalle,5000,1500,14,1648,47086,2493,30.4,70,4.8,16.3,Clear,Sunday,1,0,4.9,5,0.3
EVT02383,2024-05-20,Community Event,Ratnapura,500,2000,35,115,21925,269,28.2,75,11.2,4.1,Rain,Monday,0,0,1.9,155,134.78
EVT00590,2024-05-21,Community Event,Anuradhapura,200,3000,23,106,46110,115,27.6,75,9.2,19,Rain,Tuesday,0,0,2,209,197.17
EVT00229,2024-05-21,Exhibition,Colombo,3000,1500,46,1647,56563,1178,27.1,77,2,8.2,Clear,Tuesday,0,0,7.7,1560,94.72
EVT01121,2024-05-22,Cultural Festival,Kurunegala,100,2000,74,64,32272,47,29.2,73,13.5,12.1,Rain,Wednesday,0,0,7.2,105,164.06
EVT02023,2024-05-22,Community Event,Ratnapura,5000,1500,30,1468,82803,3683,25.5,84,13.4,11,Rain,Wednesday,0,0,4.5,1321,89.99
EVT01935,2024-05-23,Religious Event,Matara,750,500,8,494,86150,344,28.4,58,8.2,11.5,Rain,Thursday,0,0,2.8,500,101.21
EVT00629,2024-05-23,Exhibition,Kegalle,1500,500,47,783,97875,604,26.2,55,16.7,20.2,Rain,Thursday,0,0,6.2,369,47.13
EVT01974,2024-05-24,Cultural Festival,Colombo,3000,500,46,1145,45705,2063,28.5,73,9.4,18.5,Rain,Friday,0,0,4.6,1221,106.64
EVT01877,2024-05-24,Cultural Festival,Kandy,2000,750,64,1468,46709,1138,26.3,64,13.6,17,Rain,Friday,0,0,5.1,1343,91.49
EVT00861,2024-05-25,Workshop,Galle,100,250,32,57,69735,35,29,77,5.2,9.1,Clear,Saturday,1,1,7.1,105,184.21
EVT00108,2024-05-25,Cultural Festival,Colombo,3000,750,47,987,84430,2876,30.1,83,12.8,12.2,Rain,Saturday,1,0,5.3,1845,186.93
EVT01832,2024-05-25,Exhibition,Kurunegala,1500,250,82,453,86502,609,28,63,18.7,11.6,Rain,Saturday,1,0,7.1,543,119.87
EVT02013,2024-05-27,Religious Event,Nuwara Eliya,100,0,40,37,32744,50,20.6,87,2.3,15.2,Clear,Monday,0,0,2.4,105,283.78
EVT00786,2024-05-28,Religious Event,Kandy,100,2000,54,50,58897,41,29.3,69,7.8,5.3,Cloudy,Tuesday,0,1,5,105,210
EVT01817,2024-05-28,University Event,Kandy,1000,2000,62,219,26473,337,26.7,79,4.8,2,Clear,Tuesday,0,1,2.8,575,262.56
EVT00911,2024-05-28,Workshop,Nuwara Eliya,200,500,28,120,8799,117,17.8,81,6.7,6.6,Cloudy,Tuesday,0,0,4.1,114,95
EVT01969,2024-05-28,Workshop,Kurunegala,100,750,65,10,10864,63,30.9,92,9.8,2.8,Rain,Tuesday,0,0,6.5,78,780
EVT02065,2024-05-28,University Event,Matara,1500,2000,37,612,47823,731,27.6,77,6.4,18.5,Cloudy,Tuesday,0,0,2.3,301,49.18
EVT01210,2024-05-28,Conference,Kegalle,1500,500,12,974,11839,777,26.8,88,8.6,10.6,Rain,Tuesday,0,0,7.9,454,46.61
EVT01966,2024-05-28,Cultural Festival,Ratnapura,500,250,85,175,30634,263,29.8,83,10.3,6,Rain,Tuesday,0,0,6.3,344,196.57
EVT01980,2024-05-28,Community Event,Colombo,2000,1000,8,1421,75624,607,28.5,70,18.6,17.6,Rain,Tuesday,0,0,4,566,39.83
EVT01719,2024-05-29,School Event,Kurunegala,3000,1500,32,1858,61420,1945,29.4,72,33.1,5.8,Heavy Rain,Wednesday,0,0,5.1,883,47.52
EVT01943,2024-05-30,Exhibition,Kegalle,1500,1000,61,579,76623,1000,29,69,6.7,15,Cloudy,Thursday,0,0,3.8,372,64.25
EVT01933,2024-05-30,Sports Event,Anuradhapura,1000,250,31,296,26859,363,27.6,88,9.6,22,Rain,Thursday,0,0,1.9,409,138.18
EVT02071,2024-05-31,Conference,Galle,2000,750,22,610,93000,1683,28.4,88,5.8,17.4,Cloudy,Friday,0,0,6.5,378,61.97
EVT01073,2024-06-01,Religious Event,Kegalle,500,0,22,158,6871,343,31.1,74,2.8,2,Clear,Saturday,1,1,4.2,525,332.28
EVT02407,2024-06-01,School Event,Kegalle,100,1000,89,49,13976,25,22,71,22.3,17.6,Rain,Saturday,1,0,4.5,105,214.29
EVT02177,2024-06-01,Cultural Festival,Nuwara Eliya,1500,250,90,204,44949,322,21.5,91,4.3,14.4,Cloudy,Saturday,1,0,7.5,375,183.82
EVT02329,2024-06-02,Music Festival,Kegalle,5000,3000,82,2983,5159,1144,28.3,71,31.8,18,Heavy Rain,Sunday,1,0,4.9,797,26.72
EVT02465,2024-06-03,Religious Event,Kegalle,100,1000,51,58,57852,64,32.4,79,28.4,11.6,Heavy Rain,Monday,0,0,5.6,105,181.03
EVT01154,2024-06-04,Workshop,Anuradhapura,200,1000,45,75,96463,164,21.6,60,13.4,2,Rain,Tuesday,0,1,3.2,195,260
EVT00533,2024-06-04,Music Festival,Kurunegala,3000,0,36,800,56854,1968,32.1,84,4.5,12.8,Cloudy,Tuesday,0,0,6.6,755,94.38
EVT01095,2024-06-05,Exhibition,Matara,750,3000,54,618,75001,268,27.8,77,7.3,17.9,Clear,Wednesday,0,0,4.3,615,99.51
EVT02469,2024-06-06,Religious Event,Nuwara Eliya,5000,3000,54,3290,93456,2271,19.1,55,20.4,7.7,Rain,Thursday,0,1,3,2624,79.76
EVT01087,2024-06-07,Perahera,Negombo,200,2000,18,84,69367,125,29.8,78,4,20.6,Clear,Friday,0,0,5.4,210,250
EVT00916,2024-06-08,University Event,Anuradhapura,3000,0,54,2536,11504,1775,33.3,62,21.3,7,Rain,Saturday,1,0,3.5,1651,65.1
EVT01518,2024-06-08,Cultural Festival,Galle,500,0,83,230,9909,287,25.6,58,9.8,16.5,Rain,Saturday,1,0,4.7,448,194.78
EVT00062,2024-06-08,Sports Event,Anuradhapura,2000,1000,75,1362,24374,1505,27.5,57,8.7,11.1,Rain,Saturday,1,0,3.3,1158,85.02
EVT01220,2024-06-08,Religious Event,Colombo,300,1500,51,203,44980,219,31.6,71,6.7,13.4,Clear,Saturday,1,0,2.3,315,155.17
EVT00672,2024-06-09,Religious Event,Colombo,750,500,50,372,76342,308,29.7,80,2.5,19.4,Clear,Sunday,1,0,3,787,211.56
EVT00662,2024-06-09,Religious Event,Ratnapura,500,3000,25,418,58760,126,25.5,86,13.6,10.4,Rain,Sunday,1,0,7.1,518,123.92
EVT01653,2024-06-10,Sports Event,Kegalle,1500,2000,67,920,7244,667,24.5,77,4.9,7.6,Cloudy,Monday,0,0,4.3,1017,110.54
EVT00068,2024-06-10,Sports Event,Colombo,3000,3000,14,2499,22063,755,28.7,72,16.9,15.6,Rain,Monday,0,0,5.6,1773,70.95
EVT00901,2024-06-10,University Event,Kandy,300,1500,84,170,12791,147,25.3,74,4.8,22.1,Cloudy,Monday,0,0,1.6,315,185.29
EVT00171,2024-06-12,Community Event,Ratnapura,300,250,67,145,83022,123,28.1,81,7.6,3.4,Clear,Wednesday,0,0,5.8,228,157.24
EVT01213,2024-06-13,Cultural Festival,Negombo,200,3000,82,136,95933,151,27.3,55,5.4,4.2,Clear,Thursday,0,1,3.5,210,154.41
EVT00078,2024-06-13,Perahera,Colombo,2000,750,58,1378,67778,1670,33.8,71,6,5.8,Cloudy,Thursday,0,1,2.2,2100,152.39
EVT01876,2024-06-14,Exhibition,Matara,300,1000,47,102,91874,67,29.3,87,5.2,8.9,Clear,Friday,0,0,3.3,277,271.57
EVT00188,2024-06-14,Religious Event,Kandy,100,3000,34,29,46787,55,23.6,59,4.7,11.2,Clear,Friday,0,0,2.4,105,362.07
EVT00933,2024-06-14,University Event,Kandy,1000,0,86,346,16592,473,23.1,68,5.3,14.9,Clear,Friday,0,0,2.8,470,135.84
EVT02170,2024-06-15,Religious Event,Colombo,5000,1000,27,1938,27509,1813,25.9,66,50.8,8,Heavy Rain,Saturday,1,1,7,2103,108.51
EVT00087,2024-06-15,School Event,Nuwara Eliya,200,500,38,37,26660,100,21.6,79,7.8,11.4,Clear,Saturday,1,0,5.1,169,456.76
EVT00252,2024-06-16,University Event,Nuwara Eliya,5000,750,83,2188,24662,4344,21.2,85,15.1,7.8,Rain,Sunday,1,0,5.7,1499,68.51
EVT01768,2024-06-16,Music Festival,Kegalle,300,1500,65,32,14903,153,26.8,98,29.4,9.9,Heavy Rain,Sunday,1,0,1.5,240,750
EVT00064,2024-06-16,Perahera,Nuwara Eliya,3000,1000,44,574,64120,1970,19.1,66,4.6,14.5,Clear,Sunday,1,0,1.5,1311,228.4
EVT01180,2024-06-17,Religious Event,Colombo,3000,1000,80,615,6758,2711,28.2,75,43.3,2,Heavy Rain,Monday,0,0,6.8,1013,164.72
EVT01010,2024-06-17,Music Festival,Kegalle,1000,2000,38,591,69381,582,31.4,79,3.5,16,Cloudy,Monday,0,1,1.9,770,130.29
EVT00768,2024-06-18,Workshop,Negombo,2000,250,45,828,96467,875,24.6,88,22.7,11.2,Rain,Tuesday,0,0,5.3,559,67.51
EVT00501,2024-06-18,Workshop,Kurunegala,200,250,89,140,76525,68,28.4,88,6.9,5.5,Clear,Tuesday,0,0,4.1,187,133.57
EVT02500,2024-06-18,Conference,Negombo,1000,1000,26,166,92937,619,30.7,74,28.8,15.1,Heavy Rain,Tuesday,0,0,3,197,118.67
EVT01915,2024-06-19,Cultural Festival,Colombo,5000,1000,5,2932,56521,1181,31.5,76,9.6,5.8,Rain,Wednesday,0,0,3.6,1849,63.06
EVT00616,2024-06-20,Cultural Festival,Anuradhapura,5000,750,65,726,86620,4023,25.8,73,5.9,13.9,Clear,Thursday,0,0,3.8,1356,186.78
EVT00608,2024-06-20,Sports Event,Galle,2000,750,68,1055,52369,902,27.8,87,0.7,13.5,Cloudy,Thursday,0,0,6.7,1119,106.07
EVT00650,2024-06-21,Music Festival,Negombo,750,250,31,418,5885,593,27.5,82,8.8,11.2,Rain,Friday,0,0,2,410,98.09
EVT01643,2024-06-21,Cultural Festival,Kurunegala,1500,500,6,802,8963,1004,30.4,78,5.4,15.9,Cloudy,Friday,0,1,2.9,1086,135.41
EVT01606,2024-06-21,Music Festival,Kegalle,200,1500,65,102,97505,171,29,68,2,18.3,Cloudy,Friday,0,0,5.1,210,205.88
EVT00026,2024-06-21,Conference,Anuradhapura,750,500,38,397,18140,479,26.2,65,28.1,8.5,Heavy Rain,Friday,0,0,1.9,171,43.07
EVT01893,2024-06-22,Perahera,Anuradhapura,1000,250,21,351,13841,360,30.1,63,9.4,8.8,Rain,Saturday,1,0,7.6,578,164.67
EVT01359,2024-06-22,Exhibition,Ratnapura,5000,1500,72,1067,60947,476,28.3,73,10.9,16.8,Rain,Saturday,1,0,2.9,467,43.77
EVT00754,2024-06-22,Community Event,Nuwara Eliya,1500,250,26,797,9797,770,22.7,72,4,13.1,Clear,Saturday,1,0,5.9,422,52.95
EVT00656,2024-06-23,Workshop,Kandy,3000,750,25,1220,51424,1836,30.3,94,4.8,19.2,Clear,Sunday,1,0,1.6,874,71.64
EVT00581,2024-06-23,Exhibition,Negombo,100,750,70,78,81549,71,29,64,0.9,13.4,Clear,Sunday,1,0,3.4,105,134.62
EVT00489,2024-06-23,Sports Event,Kandy,750,3000,83,187,26057,260,27,74,11.9,22.2,Rain,Sunday,1,0,6.7,439,234.76
EVT00245,2024-06-23,Music Festival,Nuwara Eliya,1500,500,21,1209,80928,730,18.7,61,12.4,11.7,Rain,Sunday,1,0,3.7,819,67.74
EVT02350,2024-06-23,Exhibition,Colombo,750,0,52,395,54991,196,29.3,67,8.7,9.3,Rain,Sunday,1,1,4.4,499,126.33
EVT02202,2024-06-23,Cultural Festival,Nuwara Eliya,1500,2000,77,531,88797,997,17.3,76,11.2,16.6,Rain,Sunday,1,0,4.9,614,115.63
EVT02313,2024-06-24,Perahera,Anuradhapura,2000,2000,67,1253,31325,1110,30.7,77,8.1,11.3,Rain,Monday,0,1,5.1,1506,120.19
EVT02121,2024-06-24,Cultural Festival,Anuradhapura,300,2000,20,28,84267,123,28.3,55,49.9,16.1,Heavy Rain,Monday,0,0,3.2,188,671.43
EVT01721,2024-06-24,Religious Event,Kandy,1500,1000,12,159,4312,1081,26.2,79,18.1,17.2,Rain,Monday,0,0,4.1,508,319.5
EVT00526,2024-06-24,Sports Event,Matara,300,500,5,49,68164,149,26.6,76,5.1,10.8,Cloudy,Monday,0,0,7.3,236,481.63
EVT01735,2024-06-24,Community Event,Kandy,1000,500,65,418,10266,943,31.1,79,2.2,3.2,Clear,Monday,0,0,4.7,375,89.71
EVT02066,2024-06-25,Community Event,Negombo,100,1000,39,72,99276,51,29.2,76,3.5,4.8,Clear,Tuesday,0,0,7.6,105,145.83
EVT02143,2024-06-26,School Event,Anuradhapura,200,0,82,53,89630,126,24.8,50,4.6,15.4,Clear,Wednesday,0,0,3.4,210,396.23
EVT00960,2024-06-26,School Event,Negombo,5000,500,57,1797,76868,3147,27,77,2.2,12.6,Clear,Wednesday,0,0,6.8,1519,84.53
EVT01875,2024-06-26,Religious Event,Kegalle,2000,1500,59,859,24963,1672,32.2,98,1.8,13.4,Cloudy,Wednesday,0,1,3.6,1102,128.29
EVT00408,2024-06-26,Conference,Matara,100,3000,13,35,75019,41,32.9,59,61.5,15.5,Heavy Rain,Wednesday,0,0,5.2,72,205.71
EVT01843,2024-06-26,University Event,Negombo,2000,1000,31,744,75512,1330,26,62,1.6,11.3,Cloudy,Wednesday,0,0,6.4,553,74.33
EVT00963,2024-06-26,Exhibition,Galle,1500,2000,19,836,46484,902,24.7,67,13.7,2,Rain,Wednesday,0,0,2.9,401,47.97
EVT00124,2024-06-27,Cultural Festival,Kegalle,1500,750,30,501,31295,1411,27.6,76,15,23.5,Rain,Thursday,0,1,3.2,705,140.72
EVT00609,2024-06-28,Cultural Festival,Negombo,1000,750,7,571,11594,756,27.3,63,15.3,11.9,Rain,Friday,0,0,3.3,490,85.81
EVT01665,2024-06-28,Exhibition,Anuradhapura,200,0,48,120,43690,79,27.8,54,10.6,6.8,Rain,Friday,0,0,5.3,210,175
EVT01461,2024-06-28,Religious Event,Kurunegala,100,1500,11,36,97466,44,31.2,72,4.4,13.8,Clear,Friday,0,0,7.7,105,291.67
EVT00529,2024-06-28,University Event,Negombo,2000,3000,88,727,73469,994,30.4,71,2.2,18.4,Cloudy,Friday,0,0,4.7,286,39.34
EVT01567,2024-06-28,Workshop,Colombo,200,250,40,16,49241,127,25.1,62,10.4,11.9,Rain,Friday,0,0,2.9,137,856.25
EVT01903,2024-06-29,School Event,Negombo,1500,3000,90,314,33074,168,24.4,63,13.4,16.5,Rain,Saturday,1,1,5.6,353,112.42
EVT01587,2024-06-29,Conference,Kandy,3000,500,6,2066,23344,1431,28.5,64,2.4,2,Clear,Saturday,1,0,5.6,1409,68.2
EVT00014,2024-06-29,Sports Event,Colombo,500,2000,87,217,50836,191,26.7,82,10.2,7.6,Rain,Saturday,1,0,7.9,477,219.82
EVT01275,2024-06-29,Conference,Galle,1500,250,29,1088,32992,727,26.6,82,7.3,16.7,Cloudy,Saturday,1,0,3.5,573,52.67
EVT00341,2024-06-30,School Event,Anuradhapura,300,1500,55,131,45027,144,31.8,81,11.3,7.3,Rain,Sunday,1,0,7.2,214,163.36
EVT00340,2024-06-30,Exhibition,Matara,2000,500,31,726,97028,530,28.3,90,15,11.9,Rain,Sunday,1,0,1.7,641,88.29
EVT01848,2024-06-30,Cultural Festival,Galle,3000,250,42,2308,31587,2551,29.5,78,22.5,13.6,Rain,Sunday,1,0,5.2,1759,76.21
EVT02250,2024-07-01,Exhibition,Kandy,2000,0,29,629,31298,395,26.8,75,25.2,11.9,Heavy Rain,Monday,0,0,4.2,162,25.76
EVT02027,2024-07-01,Exhibition,Ratnapura,1500,1500,46,806,77136,305,26.1,81,29,14.4,Heavy Rain,Monday,0,0,3.5,313,38.83
EVT00431,2024-07-01,Sports Event,Ratnapura,1000,750,77,145,88397,700,27.1,82,59.2,6.1,Heavy Rain,Monday,0,0,2.4,277,191.03
EVT02016,2024-07-01,Conference,Kegalle,100,500,69,42,52326,20,31.6,72,6.2,10.2,Clear,Monday,0,0,3.2,105,250
EVT01033,2024-07-02,Perahera,Kandy,100,1000,73,51,80374,41,27.4,68,10.4,16.3,Rain,Tuesday,0,0,3.1,105,205.88
EVT01611,2024-07-02,Sports Event,Matara,1000,3000,27,581,22461,391,23.3,66,16.6,14.7,Rain,Tuesday,0,0,5.1,645,111.02
EVT02470,2024-07-02,University Event,Negombo,200,1000,36,106,51316,163,28.1,87,3.6,3.8,Clear,Tuesday,0,0,7.4,210,198.11
EVT00873,2024-07-03,Workshop,Kurunegala,300,1000,16,170,90095,117,28.4,80,16.4,16.6,Rain,Wednesday,0,0,3.1,131,77.06
EVT00663,2024-07-04,University Event,Negombo,500,2000,48,286,37172,234,22.8,87,6.3,12.8,Clear,Thursday,0,0,3.4,316,110.49
EVT00585,2024-07-04,Religious Event,Matara,5000,1000,28,2548,20430,3423,28.3,62,1.1,15.7,Cloudy,Thursday,0,1,6.3,3053,119.82
EVT02472,2024-07-06,Religious Event,Ratnapura,1000,750,86,383,21644,324,28.7,67,6.7,15.2,Clear,Saturday,1,0,5.6,780,203.66
EVT01882,2024-07-06,Sports Event,Kegalle,1000,3000,10,451,41489,867,25.2,75,7.4,10.4,Clear,Saturday,1,0,3.2,553,122.62
EVT02471,2024-07-07,Perahera,Negombo,1000,2000,63,560,84555,636,26.2,80,13.7,2,Rain,Sunday,1,0,5.2,753,134.46
EVT01327,2024-07-07,Conference,Kandy,2000,750,23,1247,39165,1531,28.5,72,15,17.5,Rain,Sunday,1,1,4.6,1097,87.97
EVT00733,2024-07-07,Religious Event,Kandy,3000,1000,42,2335,85430,1154,23.2,80,16.1,18,Rain,Sunday,1,1,6.7,2349,100.6
EVT01752,2024-07-08,School Event,Colombo,500,250,64,26,16376,145,27.6,57,6.5,12.1,Clear,Monday,0,0,3.9,239,919.23
EVT00195,2024-07-08,Conference,Anuradhapura,5000,3000,26,3710,85603,2854,27.7,78,9,7,Rain,Monday,0,0,2.7,2140,57.68
EVT00101,2024-07-08,Music Festival,Matara,750,750,14,560,17653,609,32.5,82,15.5,10.2,Rain,Monday,0,0,3,502,89.64
EVT00253,2024-07-09,University Event,Kurunegala,300,1000,44,277,95805,165,33,76,11,15.2,Rain,Tuesday,0,1,4,315,113.72
EVT01407,2024-07-09,Exhibition,Galle,100,500,42,29,92706,74,25.8,70,3.1,7.8,Clear,Tuesday,0,0,5.7,105,362.07
EVT01258,2024-07-09,Sports Event,Ratnapura,750,1000,78,427,96459,451,28.8,63,1.1,10,Cloudy,Tuesday,0,0,5.1,495,115.93
EVT01288,2024-07-09,Community Event,Matara,1500,1000,66,550,35344,699,27.1,71,11.1,8.5,Rain,Tuesday,0,1,1.9,581,105.64
EVT01629,2024-07-09,Exhibition,Colombo,3000,750,74,597,83564,1564,28.3,68,9.2,17.3,Rain,Tuesday,0,1,7.3,1293,216.58
EVT00277,2024-07-10,Cultural Festival,Anuradhapura,200,750,54,149,96465,73,26.6,96,27.4,18.9,Heavy Rain,Wednesday,0,0,6.9,210,140.94
EVT01118,2024-07-11,Community Event,Kandy,1000,500,58,497,64315,545,29.7,63,17.2,4.1,Rain,Thursday,0,0,3.7,279,56.14
EVT00296,2024-07-11,Sports Event,Matara,750,500,42,289,14890,27,27.8,85,4.1,19.7,Cloudy,Thursday,0,0,5.6,372,128.72
EVT02461,2024-07-12,Sports Event,Kurunegala,5000,750,6,2419,99944,4212,23.2,87,23.9,12.5,Rain,Friday,0,0,6.8,2064,85.32
EVT02037,2024-07-12,Exhibition,Ratnapura,500,1500,11,324,7684,255,32.6,62,15.5,14.8,Rain,Friday,0,1,4.7,347,107.1
EVT01698,2024-07-12,School Event,Colombo,3000,250,22,2392,28869,750,30,71,35.2,9.5,Heavy Rain,Friday,0,1,5.5,1050,43.9
EVT01614,2024-07-12,School Event,Kandy,100,500,7,39,70602,42,27,54,17,11.4,Rain,Friday,0,0,7.7,105,269.23
EVT00396,2024-07-12,Sports Event,Ratnapura,2000,500,61,1174,56372,1058,27.2,66,23.4,13.6,Rain,Friday,0,0,7.3,855,72.83
EVT00043,2024-07-14,Workshop,Kandy,5000,1000,76,2337,55680,2507,25.6,70,13,16.8,Rain,Sunday,1,0,6,1491,63.8
EVT00066,2024-07-14,Cultural Festival,Negombo,200,750,66,124,21453,84,33.1,67,1,18.9,Clear,Sunday,1,0,6.8,210,169.35
EVT02076,2024-07-14,Cultural Festival,Nuwara Eliya,1500,2000,90,541,76313,731,23.1,70,10,17,Rain,Sunday,1,0,2.3,472,87.25
EVT00795,2024-07-14,School Event,Galle,1500,250,27,653,76502,807,30.9,79,13.7,13.1,Rain,Sunday,1,0,2,432,66.16
EVT00447,2024-07-14,Exhibition,Nuwara Eliya,200,750,27,107,91884,120,18.4,73,6.2,12.8,Clear,Sunday,1,0,4.9,210,196.26
EVT02225,2024-07-15,Conference,Ratnapura,100,500,37,58,567,38,29.8,89,4.7,9.2,Cloudy,Monday,0,0,3.3,93,160.34
EVT02212,2024-07-15,Workshop,Anuradhapura,300,0,86,188,75521,87,30,66,23.1,11.3,Rain,Monday,0,0,6.9,170,90.43
EVT00845,2024-07-18,Exhibition,Colombo,2000,1500,16,1801,50729,641,30,69,4.8,20.3,Clear,Thursday,0,0,6.5,1502,83.4
EVT00980,2024-07-18,School Event,Galle,200,0,18,117,23729,145,28.8,81,6.1,17.7,Cloudy,Thursday,0,0,6.8,198,169.23
EVT00817,2024-07-18,Conference,Kurunegala,1500,250,15,725,91618,890,27.2,66,12.1,14.6,Rain,Thursday,0,1,4.9,128,17.66
EVT01217,2024-07-19,Community Event,Galle,1500,1000,87,1161,44104,1068,28.1,87,1.3,10.8,Clear,Friday,0,0,2.7,807,69.51
EVT00723,2024-07-19,School Event,Galle,300,500,40,158,50896,148,29,81,8.4,7.8,Rain,Friday,0,0,5.6,148,93.67
EVT00546,2024-07-19,Community Event,Kegalle,3000,750,43,1368,77566,1207,30.2,88,8.5,14.8,Rain,Friday,0,0,4.8,353,25.8
EVT02082,2024-07-19,Perahera,Kandy,1500,500,5,746,9659,926,23.3,66,3.6,9.9,Cloudy,Friday,0,0,6.8,1137,152.41
EVT01939,2024-07-20,Conference,Galle,3000,250,26,1661,64134,1278,26.6,85,9,16.7,Rain,Saturday,1,1,4.7,885,53.28
EVT01563,2024-07-20,Cultural Festival,Kurunegala,100,1500,22,43,37808,51,26.9,84,13.9,16.4,Rain,Saturday,1,0,2.3,105,244.19
EVT01456,2024-07-20,Community Event,Kegalle,5000,750,70,1911,57036,3013,23.7,78,6.3,10.6,Cloudy,Saturday,1,0,4.1,814,42.6
EVT01226,2024-07-20,Cultural Festival,Colombo,750,1000,72,518,86916,290,27.2,92,6.7,15.2,Cloudy,Saturday,1,0,7.6,787,151.93
EVT00833,2024-07-20,Workshop,Anuradhapura,3000,250,16,1346,18601,1962,29.2,88,4.7,10.4,Cloudy,Saturday,1,0,8,685,50.89
EVT02172,2024-07-21,Sports Event,Matara,2000,1000,36,1581,74887,543,25.2,68,13.9,14.6,Rain,Sunday,1,0,7.7,1198,75.77
EVT02377,2024-07-21,Sports Event,Ratnapura,3000,250,38,593,30378,2202,25.8,78,5.7,4.4,Clear,Sunday,1,0,4.3,728,122.77
EVT02453,2024-07-21,Community Event,Galle,1500,250,31,931,63378,1145,27.5,85,4.4,5,Cloudy,Sunday,1,0,1.8,793,85.18
EVT01726,2024-07-22,Community Event,Ratnapura,100,0,78,58,46942,70,28.8,80,4.2,8.1,Clear,Monday,0,1,4.6,105,181.03
EVT01453,2024-07-22,School Event,Kegalle,100,250,22,32,7366,61,26.5,85,1.8,6,Clear,Monday,0,0,4.1,105,328.12
EVT00167,2024-07-22,Exhibition,Galle,5000,250,37,2490,4617,1592,28.7,64,8.4,8.4,Rain,Monday,0,0,2.1,2135,85.74
EVT01197,2024-07-22,School Event,Kurunegala,2000,750,39,1427,14296,1084,26.6,80,18.3,16.4,Rain,Monday,0,0,5.9,730,51.16
EVT01259,2024-07-23,Conference,Nuwara Eliya,1500,500,49,254,52017,1337,18.1,62,6.4,6.9,Cloudy,Tuesday,0,0,5.7,373,146.85
EVT02181,2024-07-23,Exhibition,Ratnapura,100,1000,14,67,31861,51,29.4,78,4.3,19.8,Clear,Tuesday,0,0,1.9,105,156.72
EVT00111,2024-07-23,Workshop,Nuwara Eliya,500,3000,86,374,50526,284,17.2,57,3,12.3,Clear,Tuesday,0,1,4.2,323,86.36
EVT02299,2024-07-24,Conference,Kegalle,300,1500,46,122,49066,181,26.9,77,8.9,19.8,Rain,Wednesday,0,0,2.8,205,168.03
EVT01422,2024-07-25,Conference,Kegalle,750,250,16,389,37858,375,27.3,72,26.7,11.5,Heavy Rain,Thursday,0,1,5.1,280,71.98
EVT00336,2024-07-26,University Event,Matara,2000,250,51,767,29687,742,28.6,63,7.3,10,Clear,Friday,0,0,7.6,649,84.62
EVT01571,2024-07-26,Religious Event,Kandy,300,1000,25,164,78395,242,29.7,81,13.4,8.4,Rain,Friday,0,0,5.7,315,192.07
EVT01508,2024-07-27,Perahera,Kandy,5000,0,75,1985,95502,2025,23.3,88,5.9,13.7,Clear,Saturday,1,0,1.9,3018,152.04
EVT00965,2024-07-27,Perahera,Kandy,100,750,17,41,27230,68,29.2,69,34.2,19.7,Heavy Rain,Saturday,1,0,4.8,105,256.1
EVT00614,2024-07-29,University Event,Colombo,5000,500,65,1469,82481,3173,25.2,88,10.7,14.6,Rain,Monday,0,0,7.7,1282,87.27
EVT01557,2024-07-29,Cultural Festival,Anuradhapura,750,250,34,602,80870,749,29.1,64,5.4,12.1,Cloudy,Monday,0,0,7.2,787,130.73
EVT02196,2024-07-30,Religious Event,Anuradhapura,750,1000,65,331,50904,577,25.3,82,0.5,16.1,Clear,Tuesday,0,0,3.3,787,237.76
EVT00721,2024-07-30,Perahera,Kandy,200,3000,6,131,2913,87,35.3,62,2.8,15.2,Clear,Tuesday,0,0,7.9,210,160.31
EVT00518,2024-07-30,Workshop,Galle,3000,3000,89,2312,51958,1109,26.7,82,16.5,11.5,Rain,Tuesday,0,0,5.9,869,37.59
EVT01176,2024-07-30,Conference,Colombo,500,500,68,97,71773,218,24.5,79,25.6,2.9,Heavy Rain,Tuesday,0,0,4.7,202,208.25
EVT02035,2024-07-31,Religious Event,Anuradhapura,300,3000,17,219,72363,116,24.7,73,6.1,6.8,Clear,Wednesday,0,0,6.1,315,143.84
EVT01060,2024-07-31,Sports Event,Nuwara Eliya,500,1500,60,457,56914,246,17.6,58,15,20.7,Rain,Wednesday,0,1,6.1,421,92.12
EVT01212,2024-07-31,Workshop,Kandy,200,1500,66,109,89806,133,26.7,67,23.7,18.6,Rain,Wednesday,0,0,5.4,167,153.21
EVT01261,2024-07-31,Conference,Kegalle,2000,0,41,1069,76001,1025,29.1,94,10.7,7,Rain,Wednesday,0,0,1.8,269,25.16
EVT02175,2024-08-01,Religious Event,Galle,1000,1000,63,741,86172,392,25.7,72,3.5,6.8,Cloudy,Thursday,0,0,2.3,849,114.57
EVT01189,2024-08-01,Sports Event,Kurunegala,200,500,47,101,65350,121,28.8,72,11.9,13.2,Rain,Thursday,0,0,2.1,210,207.92
EVT01745,2024-08-01,Perahera,Ratnapura,3000,500,9,1660,48471,1027,24.5,67,22.5,14,Rain,Thursday,0,0,7.8,1110,66.87
EVT00247,2024-08-01,Conference,Matara,2000,1000,27,583,61258,738,21.4,69,23.1,3.3,Rain,Thursday,0,0,4.6,705,120.93
EVT02228,2024-08-02,Conference,Negombo,500,2000,27,345,45515,285,28,79,10.3,11.2,Rain,Friday,0,0,7.3,272,78.84
EVT00166,2024-08-02,Sports Event,Anuradhapura,2000,750,31,906,81202,1223,27.9,75,4.2,19.6,Clear,Friday,0,0,3.8,997,110.04
EVT01690,2024-08-02,Exhibition,Nuwara Eliya,500,1500,42,107,4450,415,19.1,69,24.6,10.9,Rain,Friday,0,0,7.5,157,146.73
EVT00289,2024-08-02,Music Festival,Negombo,750,500,11,480,6129,321,25.3,69,27.7,20.1,Heavy Rain,Friday,0,0,1.9,307,63.96
EVT01179,2024-08-02,Perahera,Kegalle,3000,750,34,890,74637,2553,29.7,79,24.3,17.3,Rain,Friday,0,0,5.9,963,108.2
EVT01661,2024-08-02,Sports Event,Ratnapura,2000,1000,35,591,80305,1002,31.2,70,26.8,8.3,Heavy Rain,Friday,0,0,3.5,651,110.15
EVT00668,2024-08-03,Perahera,Kurunegala,5000,0,68,4237,28684,1791,29,73,22.6,3.2,Rain,Saturday,1,0,1.5,2989,70.55
EVT01627,2024-08-03,University Event,Negombo,5000,500,27,3475,90119,4191,24.2,67,3.3,18.9,Clear,Saturday,1,0,6.3,2632,75.74
EVT00705,2024-08-03,Religious Event,Anuradhapura,3000,750,12,2424,87451,1861,25.4,81,13.5,8.8,Rain,Saturday,1,0,3.8,1852,76.4
EVT02133,2024-08-04,Conference,Kandy,500,2000,7,198,22834,116,29.5,80,1.1,14.1,Clear,Sunday,1,1,4.6,448,226.26
EVT01579,2024-08-04,School Event,Galle,300,1500,90,74,43483,122,27.5,71,34.3,12.3,Heavy Rain,Sunday,1,0,4.5,152,205.41
EVT01990,2024-08-05,Sports Event,Galle,500,0,10,224,87371,157,26.7,72,6.1,11.1,Clear,Monday,0,0,7,368,164.29
EVT01849,2024-08-05,Community Event,Matara,200,500,66,155,45632,95,30.9,66,0.6,9,Clear,Monday,0,1,4.3,210,135.48
EVT00682,2024-08-05,Community Event,Ratnapura,2000,0,7,1306,87507,1421,29.8,84,17.2,4.9,Rain,Monday,0,0,4.7,643,49.23
EVT02406,2024-08-05,Religious Event,Kandy,2000,500,56,657,30065,1556,30.4,73,2.8,18.2,Clear,Monday,0,0,6.7,1018,154.95
EVT01806,2024-08-05,Workshop,Negombo,1000,1000,7,654,68213,479,25,70,1.9,13.7,Cloudy,Monday,0,0,5,280,42.81
EVT01252,2024-08-07,Community Event,Kegalle,200,500,75,130,96842,96,27,76,3.4,10.6,Clear,Wednesday,0,0,5,210,161.54
EVT01649,2024-08-07,Religious Event,Galle,200,1500,87,99,34811,94,23.7,66,26.8,18,Heavy Rain,Wednesday,0,0,5.5,210,212.12
EVT01283,2024-08-07,Conference,Galle,2000,2000,40,1114,4301,1314,31,67,3.7,11.2,Cloudy,Wednesday,0,0,6.9,1261,113.2
EVT01400,2024-08-07,University Event,Kegalle,200,250,68,141,89991,121,25.5,62,2.2,10,Cloudy,Wednesday,0,0,3.3,210,148.94
EVT01750,2024-08-07,University Event,Kurunegala,1500,1500,18,825,79316,441,26.4,56,11,13.6,Rain,Wednesday,0,0,6.6,474,57.45
EVT00575,2024-08-07,Workshop,Anuradhapura,1500,2000,13,1148,64325,569,25.4,93,14.6,10.7,Rain,Wednesday,0,0,7.6,638,55.57
EVT00287,2024-08-08,Conference,Colombo,1500,3000,79,493,56963,932,29.1,59,3.5,2,Clear,Thursday,0,0,2.3,634,128.6
EVT00395,2024-08-08,Religious Event,Kegalle,300,3000,36,49,2902,147,28,81,5.1,11.1,Cloudy,Thursday,0,0,4.5,249,508.16
EVT02447,2024-08-09,Religious Event,Negombo,2000,0,23,1375,99100,828,21.4,67,25.5,13.1,Heavy Rain,Friday,0,1,6.8,923,67.13
EVT00432,2024-08-10,Religious Event,Galle,200,0,68,46,79284,148,27.6,64,57.7,16,Heavy Rain,Saturday,1,0,5.4,210,456.52
EVT01556,2024-08-10,Music Festival,Matara,1000,2000,43,150,93546,441,25.7,82,1.1,11.2,Clear,Saturday,1,0,5.4,439,292.67
EVT00153,2024-08-10,Sports Event,Anuradhapura,2000,750,35,639,54610,1166,28.1,78,6.1,3.9,Cloudy,Saturday,1,0,7.9,973,152.27
EVT02230,2024-08-11,Sports Event,Kandy,3000,500,63,1960,39593,1465,27.3,77,1.2,10,Cloudy,Sunday,1,0,1.6,1709,87.19
EVT01679,2024-08-11,Workshop,Nuwara Eliya,500,250,77,256,15538,271,20.5,71,24.8,10,Rain,Sunday,1,0,3.5,198,77.34
EVT00359,2024-08-13,Workshop,Ratnapura,1000,0,64,771,30065,457,32,81,30,12.4,Heavy Rain,Tuesday,0,0,2.2,220,28.53
EVT02033,2024-08-14,University Event,Nuwara Eliya,1000,750,86,497,29192,464,23.9,62,6.1,11.6,Clear,Wednesday,0,1,2.6,496,99.8
EVT00569,2024-08-15,Music Festival,Ratnapura,500,3000,87,414,83016,169,29.9,82,30.6,10.8,Heavy Rain,Thursday,0,0,6.2,383,92.51
EVT00365,2024-08-16,Music Festival,Nuwara Eliya,2000,1500,63,546,39174,1099,20.8,75,0.6,15.5,Clear,Friday,0,0,5.9,917,167.95
EVT02100,2024-08-16,School Event,Anuradhapura,100,500,22,29,15933,54,27.3,98,13.6,14.1,Rain,Friday,0,0,1.7,103,355.17
EVT02120,2024-08-16,Conference,Ratnapura,1500,500,26,1056,60853,1013,28.6,65,0.7,14.5,Clear,Friday,0,0,4.7,703,66.57
EVT02058,2024-08-17,Workshop,Kurunegala,750,1000,61,322,72993,306,27.7,82,1.7,9.9,Clear,Saturday,1,0,7.1,303,94.1
EVT02436,2024-08-18,Perahera,Galle,5000,0,15,1645,18032,1109,27.9,67,10.5,11.7,Rain,Sunday,1,0,5.8,1037,63.04
EVT01618,2024-08-18,School Event,Negombo,100,3000,80,42,32303,52,28.7,80,1.2,15.3,Cloudy,Sunday,1,0,3.6,105,250
EVT02087,2024-08-18,School Event,Galle,2000,3000,77,1089,49620,1030,23.7,72,11.2,9,Rain,Sunday,1,0,6.5,588,53.99
EVT01729,2024-08-19,Exhibition,Kegalle,200,1000,22,32,22912,122,29.1,78,15.7,10.1,Rain,Monday,0,0,7.9,147,459.38
EVT01470,2024-08-20,Conference,Negombo,100,0,32,10,84871,72,31.5,60,31.7,19.5,Heavy Rain,Tuesday,0,0,2.5,80,800
EVT00571,2024-08-20,Perahera,Kandy,100,750,22,46,17176,86,30.7,79,8.9,7.2,Rain,Tuesday,0,1,3.9,105,228.26
EVT00486,2024-08-20,School Event,Anuradhapura,1000,0,88,344,2126,622,30.1,80,2.3,16,Clear,Tuesday,0,0,1.9,447,129.94
EVT00151,2024-08-20,Perahera,Matara,1500,250,59,912,88830,1206,28.1,78,22.8,14.6,Rain,Tuesday,0,0,6.2,929,101.86
EVT00275,2024-08-20,Community Event,Matara,5000,1500,73,2754,52844,1400,27.8,74,14.9,12.3,Rain,Tuesday,0,0,3.1,1414,51.34
EVT00177,2024-08-21,Community Event,Kegalle,1500,2000,21,664,3953,855,29.1,54,27.6,21.4,Heavy Rain,Wednesday,0,0,2.6,279,42.02
EVT01052,2024-08-21,Exhibition,Colombo,100,1500,38,35,82261,37,28.5,53,6.6,11.8,Cloudy,Wednesday,0,0,6.8,105,300
EVT02369,2024-08-21,Conference,Galle,500,1500,26,105,58646,399,27.9,82,6.1,5.4,Clear,Wednesday,0,1,6,250,238.1
EVT00323,2024-08-21,Perahera,Galle,200,750,31,113,6541,102,24.3,56,36.4,12.6,Heavy Rain,Wednesday,0,0,1.9,210,185.84
EVT00899,2024-08-21,Exhibition,Galle,500,3000,58,305,48839,159,25.5,81,5.6,8.9,Clear,Wednesday,0,0,7.3,347,113.77
EVT01689,2024-08-22,Sports Event,Anuradhapura,1500,1000,17,533,61724,1218,27.7,75,14.5,17.5,Rain,Thursday,0,1,7,811,152.16
EVT00944,2024-08-23,Religious Event,Matara,300,500,90,140,19273,218,24,72,15.1,10.2,Rain,Friday,0,0,1.7,315,225
EVT00320,2024-08-25,Community Event,Colombo,300,250,60,79,10695,116,26.2,77,12.4,4.4,Rain,Sunday,1,1,5.2,250,316.46
EVT00543,2024-08-25,School Event,Ratnapura,200,1500,11,88,88741,101,24.3,74,4.1,9.3,Clear,Sunday,1,0,6.1,189,214.77
EVT01588,2024-08-25,Community Event,Matara,500,250,18,204,6106,121,34.9,71,25.9,13.3,Heavy Rain,Sunday,1,0,7.3,89,43.63
EVT02097,2024-08-26,Music Festival,Negombo,3000,2000,63,278,24872,1399,28.3,97,2.6,8.7,Clear,Monday,0,0,5,660,237.41
EVT00657,2024-08-26,School Event,Kurunegala,500,3000,28,178,57572,183,30.5,84,18.5,13.9,Rain,Monday,0,0,4.3,227,127.53
EVT01496,2024-08-26,Music Festival,Negombo,100,500,22,72,97015,63,29.1,61,21.1,18.6,Rain,Monday,0,0,7.8,105,145.83
EVT00034,2024-08-26,Religious Event,Colombo,5000,750,3,1568,802,2782,27.3,51,1.4,18.8,Clear,Monday,0,1,3.1,2592,165.31
EVT01738,2024-08-26,Perahera,Kegalle,3000,3000,28,2046,11683,1520,27.6,84,9.4,7.9,Rain,Monday,0,0,4,1308,63.93
EVT00836,2024-08-26,Exhibition,Anuradhapura,750,1500,65,487,42899,434,29.8,71,40.3,19.4,Heavy Rain,Monday,0,0,2.8,314,64.48
EVT01171,2024-08-27,Religious Event,Colombo,5000,1000,15,3269,57348,2672,30.4,59,6.4,9.1,Cloudy,Tuesday,0,0,1.6,3844,117.59
EVT00164,2024-08-27,Sports Event,Galle,5000,0,22,2913,28298,3620,26.6,67,9.4,12.1,Rain,Tuesday,0,0,2.6,2182,74.91
EVT00493,2024-08-27,Sports Event,Kegalle,2000,1500,72,869,27952,620,24.3,68,3.1,3.2,Clear,Tuesday,0,0,1.8,1277,146.95
EVT01343,2024-08-27,Sports Event,Nuwara Eliya,1500,3000,11,91,27474,1053,21.2,83,37.5,7.7,Heavy Rain,Tuesday,0,0,4.3,192,210.99
EVT01263,2024-08-28,School Event,Negombo,1000,0,88,696,79376,962,26.3,85,5.7,12.5,Clear,Wednesday,0,0,6.6,620,89.08
EVT01218,2024-08-28,Conference,Kegalle,750,2000,37,66,60158,267,28.1,76,24.1,15.1,Rain,Wednesday,0,1,2.7,248,375.76
EVT02370,2024-08-28,Perahera,Nuwara Eliya,1500,3000,30,458,87022,1036,26.7,77,25.5,18,Heavy Rain,Wednesday,0,0,3.5,183,39.96
EVT01956,2024-08-29,Sports Event,Anuradhapura,100,2000,58,46,87067,44,24.5,61,5.8,10.8,Clear,Thursday,0,0,5.6,105,228.26
EVT02127,2024-09-01,Perahera,Kandy,100,1500,13,35,62797,34,19.2,72,12,18.7,Rain,Sunday,1,0,3,105,300
EVT02449,2024-09-01,Perahera,Kurunegala,500,0,12,323,14592,294,30.4,58,5.9,4.8,Clear,Sunday,1,0,6.9,525,162.54
EVT00576,2024-09-01,Perahera,Kegalle,1000,1000,51,126,24996,633,23.4,83,1.4,10.7,Cloudy,Sunday,1,0,8,523,415.08
EVT00239,2024-09-02,Conference,Kegalle,100,500,64,39,17055,56,28.3,69,7.5,16,Clear,Monday,0,1,6.8,105,269.23
EVT00226,2024-09-02,Workshop,Nuwara Eliya,500,250,29,354,43669,308,16.9,65,7.4,18,Clear,Monday,0,0,6.6,245,69.21
EVT00097,2024-09-02,Workshop,Kurunegala,5000,2000,60,804,59853,3679,25.5,74,40.9,6,Heavy Rain,Monday,0,0,6.3,373,46.39
EVT01310,2024-09-02,Music Festival,Nuwara Eliya,2000,1000,15,1765,29983,1359,17.4,87,9.4,8.3,Rain,Monday,0,1,2.1,1157,65.55
EVT02462,2024-09-02,Workshop,Galle,3000,500,15,686,91404,2626,23.1,74,6.2,7.4,Clear,Monday,0,0,5.8,477,69.53
EVT00651,2024-09-02,Exhibition,Colombo,300,250,42,43,52685,199,26.1,83,5.1,10.2,Clear,Monday,0,0,2.6,299,695.35
EVT00390,2024-09-02,Community Event,Nuwara Eliya,500,1500,90,95,28213,437,20.2,61,2.5,9.5,Clear,Monday,0,0,3.8,276,290.53
EVT01949,2024-09-03,Perahera,Anuradhapura,2000,1000,19,987,85594,1308,28.1,86,21,13.8,Rain,Tuesday,0,0,5.5,1046,105.98
EVT02073,2024-09-03,Perahera,Ratnapura,2000,3000,27,1736,98558,1254,27.2,80,15.8,6.5,Rain,Tuesday,0,0,4.4,1470,84.68
EVT01088,2024-09-04,Community Event,Negombo,200,1000,65,50,72342,100,25.1,73,3.2,9.4,Cloudy,Wednesday,0,0,4.3,185,370
EVT01842,2024-09-04,Community Event,Ratnapura,100,1500,81,36,7072,44,25.3,60,7.9,11,Clear,Wednesday,0,0,6.6,105,291.67
EVT01734,2024-09-04,Conference,Negombo,300,2000,62,92,41840,121,30.3,90,10.7,8.9,Rain,Wednesday,0,1,4,237,257.61
EVT02413,2024-09-04,School Event,Kegalle,100,3000,38,36,39509,35,30.7,87,20.6,14.3,Rain,Wednesday,0,0,6.9,105,291.67
EVT01002,2024-09-05,Religious Event,Kandy,2000,3000,26,1152,99822,695,21.1,62,13.9,15.9,Rain,Thursday,0,0,7.2,1213,105.3
EVT01545,2024-09-06,Exhibition,Ratnapura,3000,1000,43,1920,26974,2001,30.5,65,11.1,14.4,Rain,Friday,0,0,4.4,1141,59.43
EVT01386,2024-09-07,School Event,Matara,750,1500,33,412,40594,478,27.3,83,2.7,15.6,Clear,Saturday,1,0,3.2,399,96.84
EVT00936,2024-09-07,Sports Event,Matara,2000,750,5,934,90863,812,29.9,59,10.9,5.9,Rain,Saturday,1,0,5.9,716,76.66
EVT01713,2024-09-08,Religious Event,Ratnapura,1000,1500,3,489,33557,626,25.7,88,14.7,12.7,Rain,Sunday,1,0,3.6,522,106.75
EVT01152,2024-09-08,Community Event,Nuwara Eliya,500,1000,40,308,68250,231,17.7,57,11.3,13.7,Rain,Sunday,1,0,4.4,255,82.79
EVT00763,2024-09-08,Music Festival,Galle,200,0,80,166,11347,96,29.7,86,45.2,8.1,Heavy Rain,Sunday,1,0,7,210,126.51
EVT01871,2024-09-08,Sports Event,Galle,500,2000,77,472,1552,245,25.5,77,6.6,15,Cloudy,Sunday,1,1,3,525,111.23
EVT01761,2024-09-09,Perahera,Colombo,100,3000,36,58,39569,73,30,62,27.9,12.6,Heavy Rain,Monday,0,0,5.4,105,181.03
EVT01790,2024-09-09,University Event,Galle,1500,250,73,222,92975,787,25.3,58,9.1,15.4,Rain,Monday,0,0,3.9,287,129.28
EVT01656,2024-09-10,Cultural Festival,Anuradhapura,3000,0,88,891,17330,1415,29.7,81,11.2,11.8,Rain,Tuesday,0,0,2.6,1339,150.28
EVT01273,2024-09-10,Religious Event,Galle,2000,2000,56,747,95887,1192,29.3,89,1.1,23.9,Clear,Tuesday,0,0,2.9,1263,169.08
EVT01662,2024-09-10,Community Event,Nuwara Eliya,1500,2000,45,752,10035,1194,18.1,77,1,10.8,Clear,Tuesday,0,0,2.3,301,40.03
EVT02134,2024-09-11,Religious Event,Kandy,1000,1000,44,533,68608,396,27.1,69,22.3,20.6,Rain,Wednesday,0,0,6,823,154.41
EVT00520,2024-09-11,Cultural Festival,Kandy,200,0,23,150,5097,100,26.8,87,9.2,9,Rain,Wednesday,0,0,6.3,210,140
EVT01885,2024-09-12,Conference,Negombo,300,750,26,110,32009,191,26.5,72,2.7,7.4,Clear,Thursday,0,0,7.7,192,174.55
EVT00218,2024-09-12,Exhibition,Nuwara Eliya,200,1000,27,152,7282,149,17.2,78,6.5,9.5,Clear,Thursday,0,0,1.8,210,138.16
EVT02260,2024-09-13,Sports Event,Negombo,1000,500,79,422,4965,621,28.2,98,19.5,6.1,Rain,Friday,0,0,1.8,388,91.94
EVT01881,2024-09-13,Workshop,Kegalle,2000,1000,46,745,69894,864,26.9,75,14.1,10,Rain,Friday,0,0,2.7,121,16.24
EVT00998,2024-09-13,School Event,Kurunegala,750,1500,73,383,46757,264,26.5,83,10.2,15.4,Rain,Friday,0,0,6.6,341,89.03
EVT01131,2024-09-13,Community Event,Anuradhapura,1500,0,54,696,92000,1333,26.4,71,14.7,19.2,Rain,Friday,0,0,5.7,406,58.33
EVT00858,2024-09-15,Perahera,Kandy,1000,1000,53,506,30499,339,30,69,2.4,20.3,Clear,Sunday,1,0,6,1050,207.51
EVT01334,2024-09-15,Cultural Festival,Nuwara Eliya,200,750,26,64,66833,67,22.9,65,2.9,18,Cloudy,Sunday,1,0,4.1,210,328.12
EVT00852,2024-09-15,Cultural Festival,Kurunegala,500,750,7,209,59954,195,26.8,76,7.2,3.4,Clear,Sunday,1,0,3,371,177.51
EVT02099,2024-09-16,Community Event,Colombo,2000,1000,7,656,22670,498,25.7,82,8.8,16.6,Rain,Monday,0,0,2.9,170,25.91
EVT01608,2024-09-16,Workshop,Anuradhapura,300,250,71,120,6993,234,28.2,63,0.9,16,Cloudy,Monday,0,0,7.1,152,126.67
EVT00039,2024-09-17,Exhibition,Matara,200,1000,42,79,9012,107,25.4,87,14,14.3,Rain,Tuesday,0,0,7.6,183,231.65
EVT02279,2024-09-17,Workshop,Galle,5000,1000,90,2610,93906,2836,23,95,29.2,10.1,Heavy Rain,Tuesday,0,0,2,643,24.64
EVT01500,2024-09-17,Music Festival,Ratnapura,3000,2000,47,1223,24212,1639,26.6,76,4.5,11.1,Cloudy,Tuesday,0,0,4.2,675,55.19
EVT01105,2024-09-19,Religious Event,Kegalle,300,500,20,89,25560,188,29.9,66,1.3,12.3,Cloudy,Thursday,0,0,1.6,284,319.1
EVT00505,2024-09-19,Exhibition,Kandy,500,250,28,205,64736,387,31.3,56,20,19.1,Rain,Thursday,0,0,4.3,255,124.39
EVT01506,2024-09-19,University Event,Kegalle,500,1500,22,156,94801,180,26.4,72,19.3,6.3,Rain,Thursday,0,1,6.6,300,192.31
EVT00193,2024-09-20,Conference,Negombo,1500,1000,14,1001,36403,737,29.6,89,11.7,11.5,Rain,Friday,0,1,7.6,407,40.66
EVT00455,2024-09-21,Workshop,Matara,5000,1000,63,3158,71533,2625,27.1,68,5.1,18.2,Clear,Saturday,1,0,7.3,1503,47.59
EVT01465,2024-09-21,Cultural Festival,Matara,200,500,54,62,43802,100,22.6,66,0.1,10.1,Cloudy,Saturday,1,1,7.2,210,338.71
EVT00506,2024-09-21,Sports Event,Anuradhapura,5000,1000,28,1556,67197,2140,27.2,65,1.8,6.9,Clear,Saturday,1,0,6.8,2163,139.01
EVT02168,2024-09-22,Community Event,Kurunegala,3000,3000,75,1506,28073,2580,29.7,77,15.1,11.8,Rain,Sunday,1,0,4.9,911,60.49
EVT01730,2024-09-23,Music Festival,Kegalle,100,250,89,58,37496,66,25.3,61,0.9,7.9,Cloudy,Monday,0,0,7.4,105,181.03
EVT01216,2024-09-24,Sports Event,Matara,2000,1000,86,724,70088,1528,26.2,79,10.4,28.9,Rain,Tuesday,0,1,3.5,783,108.15
EVT02229,2024-09-24,Workshop,Kandy,300,0,66,144,10914,249,30.4,66,14.9,14.2,Rain,Tuesday,0,0,4.8,157,109.03
EVT00743,2024-09-25,Workshop,Kurunegala,3000,250,86,1244,99905,1992,30.2,75,6.4,15.3,Clear,Wednesday,0,0,1.9,693,55.71
EVT00527,2024-09-25,Sports Event,Kandy,1000,1500,47,316,10259,318,29.4,73,4.3,16.7,Clear,Wednesday,0,0,6.8,622,196.84
EVT01205,2024-09-25,Religious Event,Ratnapura,3000,0,75,898,73242,1194,28.8,67,15.1,9.5,Rain,Wednesday,0,0,3.2,1140,126.95
EVT00771,2024-09-25,Music Festival,Negombo,1000,1500,68,433,14179,544,29.3,71,11.9,7.3,Rain,Wednesday,0,0,6.7,469,108.31
EVT01296,2024-09-25,Cultural Festival,Anuradhapura,100,3000,56,42,87911,54,30.5,57,12.6,14.6,Rain,Wednesday,0,0,7.1,105,250
EVT00989,2024-09-26,Exhibition,Anuradhapura,2000,3000,56,513,70003,1545,29.4,65,15.6,16.7,Rain,Thursday,0,0,5,737,143.66
EVT00727,2024-09-27,Workshop,Kegalle,500,250,59,143,38038,278,30.2,80,8,10.3,Rain,Friday,0,1,7.8,221,154.55
EVT00579,2024-09-27,Sports Event,Galle,200,1000,6,147,69107,133,26,94,7.2,13.2,Clear,Friday,0,0,4.7,210,142.86
EVT01431,2024-09-27,Conference,Kurunegala,500,1500,86,133,53987,336,21.4,77,20,13.1,Rain,Friday,0,0,3.7,251,188.72
EVT01157,2024-09-27,University Event,Negombo,2000,250,17,909,84513,1611,28.5,75,6.3,8.3,Clear,Friday,0,0,5.9,713,78.44
EVT00317,2024-09-27,University Event,Kandy,100,2000,70,50,54725,54,23.8,72,7.6,13.4,Cloudy,Friday,0,0,3,105,210
EVT02149,2024-09-27,Conference,Kegalle,500,750,54,308,84523,195,28.5,73,10.3,10.4,Rain,Friday,0,0,4.5,236,76.62
EVT00776,2024-09-29,Workshop,Nuwara Eliya,5000,750,80,2848,77719,1742,24.6,79,3.2,13.2,Cloudy,Sunday,1,0,6.8,1451,50.95
EVT01368,2024-09-29,Workshop,Galle,100,1000,80,56,10497,26,31.1,66,8.2,12.8,Rain,Sunday,1,0,2.4,105,187.5
EVT00200,2024-09-29,Religious Event,Matara,2000,250,25,633,76974,836,29.9,84,26.9,15,Heavy Rain,Sunday,1,0,7.6,747,118.01
EVT01600,2024-09-30,Conference,Negombo,1500,750,9,1011,82696,856,27.1,70,29.4,13.8,Heavy Rain,Monday,0,0,7,310,30.66
EVT00383,2024-10-01,Sports Event,Colombo,1000,2000,77,464,13318,440,26.6,81,16.1,7.5,Rain,Tuesday,0,0,2.5,538,115.95
EVT00669,2024-10-02,Community Event,Ratnapura,1000,1000,63,448,10746,450,30.2,79,4.3,20.1,Clear,Wednesday,0,0,5.1,342,76.34
EVT01190,2024-10-02,Conference,Kurunegala,100,500,36,59,4758,64,29.1,59,15.8,15.6,Rain,Wednesday,0,0,2.4,105,177.97
EVT00397,2024-10-02,Exhibition,Matara,3000,250,12,2237,86810,1171,29.7,78,4.7,8.6,Cloudy,Wednesday,0,1,6.1,1616,72.24
EVT02398,2024-10-04,School Event,Anuradhapura,500,1000,57,161,9226,289,27.6,68,12.9,15.4,Rain,Friday,0,0,4.7,247,153.42
EVT00238,2024-10-04,Community Event,Kandy,500,250,55,174,74484,186,24,87,13.6,14,Rain,Friday,0,0,3.7,219,125.86
EVT00423,2024-10-04,University Event,Nuwara Eliya,3000,500,19,1012,47216,1351,18,75,13.6,10,Rain,Friday,0,0,2.3,767,75.79
EVT00157,2024-10-04,Music Festival,Ratnapura,3000,1000,70,2333,23126,805,30.3,70,7.6,6.4,Clear,Friday,0,0,6.5,1575,67.51
EVT00082,2024-10-05,Sports Event,Colombo,2000,1500,56,1317,52424,705,24.4,90,3.8,4.2,Clear,Saturday,1,0,2,1422,107.97
EVT01827,2024-10-05,School Event,Colombo,300,500,65,204,52132,230,34.5,68,8.5,17.4,Rain,Saturday,1,0,5.3,264,129.41
EVT02141,2024-10-06,Perahera,Matara,1000,1500,38,431,14287,523,29.2,81,15.4,13.3,Rain,Sunday,1,0,1.9,551,127.84
EVT01455,2024-10-06,Cultural Festival,Anuradhapura,300,3000,10,182,9750,114,27.8,61,8.9,15.8,Rain,Sunday,1,0,4,315,173.08
EVT00644,2024-10-07,Cultural Festival,Kegalle,5000,250,14,3110,45989,2320,28.3,92,14.8,19.9,Rain,Monday,0,0,2.9,1929,62.03
EVT02161,2024-10-07,University Event,Kurunegala,1500,1500,16,973,51750,792,33.1,59,2.4,6.7,Clear,Monday,0,0,4.4,481,49.43
EVT01852,2024-10-08,Perahera,Ratnapura,500,1000,86,294,1917,435,28.7,69,12,7.4,Rain,Tuesday,0,0,1.8,424,144.22
EVT02206,2024-10-09,Conference,Galle,200,750,89,68,7402,84,30.9,98,25.4,6.8,Heavy Rain,Wednesday,0,0,2.8,98,144.12
EVT01083,2024-10-10,Cultural Festival,Ratnapura,1500,750,42,643,19065,795,25.5,95,24.2,2,Rain,Thursday,0,1,1.7,619,96.27
EVT02226,2024-10-10,Community Event,Kandy,500,750,21,305,24884,85,31.2,83,14.3,19.3,Rain,Thursday,0,0,7.4,236,77.38
EVT02423,2024-10-12,Workshop,Galle,1000,0,84,215,44266,689,31.5,65,8.9,11.6,Rain,Saturday,1,0,8,358,166.51
EVT02159,2024-10-12,Sports Event,Nuwara Eliya,500,0,64,383,97597,295,15.8,89,10.6,12.1,Rain,Saturday,1,0,7.2,399,104.18
EVT01552,2024-10-12,School Event,Anuradhapura,5000,750,69,2808,27459,3348,31.1,69,3.5,9.3,Clear,Saturday,1,0,4.5,1666,59.33
EVT00737,2024-10-13,Music Festival,Matara,200,1500,77,119,99312,93,29.4,83,18.2,10.6,Rain,Sunday,1,1,1.8,210,176.47
EVT01426,2024-10-13,Community Event,Galle,1000,3000,23,651,82016,448,28.2,69,37,10.3,Heavy Rain,Sunday,1,1,7.1,407,62.52
EVT00906,2024-10-13,School Event,Negombo,5000,750,7,4327,13001,3332,25.2,70,6,16.3,Clear,Sunday,1,0,6.3,2892,66.84
EVT00081,2024-10-13,Conference,Kurunegala,3000,250,64,1713,72960,1827,28.9,89,15.1,13.8,Rain,Sunday,1,0,5.8,1009,58.9
EVT01399,2024-10-14,Cultural Festival,Nuwara Eliya,300,250,11,150,39800,140,17.5,81,3.7,11.3,Clear,Monday,0,0,3.4,291,194
EVT01038,2024-10-14,Religious Event,Kegalle,1000,1500,17,263,28270,742,25.8,64,21.6,10.3,Rain,Monday,0,0,6.9,614,233.46
EVT02425,2024-10-14,Conference,Kegalle,100,1000,20,75,47459,76,30,76,1,7.6,Clear,Monday,0,0,2.1,105,140
EVT00888,2024-10-15,Music Festival,Negombo,1500,750,38,396,24736,1137,25.6,73,28.8,19.4,Heavy Rain,Tuesday,0,0,4.2,208,52.53
EVT00283,2024-10-15,Conference,Kandy,200,2000,35,131,58439,188,24.4,56,17.9,10.6,Rain,Tuesday,0,1,6.5,210,160.31
EVT00019,2024-10-15,Conference,Kegalle,5000,250,71,3467,42475,3430,25.5,79,11.2,9,Rain,Tuesday,0,0,7.6,745,21.49
EVT00760,2024-10-16,University Event,Nuwara Eliya,1500,1500,46,1158,91728,1258,18.7,69,3.1,2,Cloudy,Wednesday,0,0,5.9,667,57.6
EVT01029,2024-10-16,University Event,Nuwara Eliya,200,3000,77,141,37626,133,24.1,94,16.3,4.7,Rain,Wednesday,0,0,7.9,202,143.26
EVT00372,2024-10-16,Religious Event,Colombo,300,250,87,160,70602,140,27.5,73,16.3,16.4,Rain,Wednesday,0,0,1.8,315,196.88
EVT02389,2024-10-16,Exhibition,Anuradhapura,500,3000,88,274,94584,241,30.1,69,1.1,19.6,Cloudy,Wednesday,0,0,5.6,385,140.51
EVT02440,2024-10-16,Conference,Anuradhapura,300,250,83,103,45605,172,23.6,74,26.2,10,Heavy Rain,Wednesday,0,0,7,142,137.86
EVT02323,2024-10-17,School Event,Kandy,500,250,59,193,48204,170,23.1,89,9.9,3,Rain,Thursday,0,1,6.7,297,153.89
EVT02125,2024-10-17,Religious Event,Galle,500,250,46,391,85057,253,26.3,56,9.3,24.6,Rain,Thursday,0,0,2.3,457,116.88
EVT02321,2024-10-17,Cultural Festival,Galle,200,1000,45,70,83986,73,26.6,86,11.1,14.2,Rain,Thursday,0,1,6.7,210,300
EVT01777,2024-10-17,Sports Event,Negombo,750,3000,10,575,83964,490,26.4,80,7.7,13.8,Clear,Thursday,0,0,6.8,722,125.57
EVT00746,2024-10-17,Workshop,Galle,3000,500,52,2700,21467,1411,25.3,66,5.3,11.3,Clear,Thursday,0,0,5.1,946,35.04
EVT01758,2024-10-17,University Event,Negombo,300,1000,67,210,51217,192,29.2,73,12.2,13.6,Rain,Thursday,0,0,2.1,240,114.29
EVT02063,2024-10-18,Workshop,Kurunegala,1000,0,56,563,72488,618,30.5,77,1.5,12.3,Clear,Friday,0,0,4.2,265,47.07
EVT00044,2024-10-18,School Event,Kurunegala,500,500,76,186,76577,144,29.9,77,19,7.3,Rain,Friday,0,1,7.5,306,164.52
EVT00499,2024-10-19,University Event,Nuwara Eliya,1000,500,89,497,56286,727,16.6,69,14.4,7.1,Rain,Saturday,1,0,2.1,373,75.05
EVT00076,2024-10-19,Conference,Anuradhapura,3000,1500,62,520,98817,443,28.6,63,12.4,5.5,Rain,Saturday,1,0,2.4,695,133.65
EVT01766,2024-10-19,Music Festival,Nuwara Eliya,5000,3000,65,2453,50207,2802,19.8,67,0.6,9.9,Cloudy,Saturday,1,1,1.5,1573,64.13
EVT01162,2024-10-19,Sports Event,Nuwara Eliya,2000,3000,16,1214,62705,1032,18.5,72,18.7,10.3,Rain,Saturday,1,0,6.8,787,64.83
EVT01196,2024-10-20,Community Event,Matara,300,2000,33,115,93804,299,26.1,77,18.2,22.8,Rain,Sunday,1,0,5.5,199,173.04
EVT01829,2024-10-21,Perahera,Galle,300,2000,14,88,61805,149,31.6,84,7.6,14.7,Cloudy,Monday,0,0,7.7,315,357.95
EVT01434,2024-10-21,School Event,Galle,750,1000,52,276,24438,375,31,76,21.8,14.1,Rain,Monday,0,1,7.6,280,101.45
EVT01952,2024-10-21,Workshop,Colombo,2000,1500,21,2011,5628,1665,28,85,13.4,3.7,Rain,Monday,0,0,5.9,608,30.23
EVT01039,2024-10-22,School Event,Nuwara Eliya,2000,500,44,946,85266,882,17.3,87,16.6,15.3,Rain,Tuesday,0,0,6.4,524,55.39
EVT01607,2024-10-23,Religious Event,Galle,100,500,84,58,47122,70,29.7,87,5.4,12.1,Clear,Wednesday,0,0,5.5,105,181.03
EVT00857,2024-10-24,Workshop,Anuradhapura,5000,750,26,3476,99129,1420,28.4,77,47.6,22.2,Heavy Rain,Thursday,0,0,7.9,714,20.54
EVT00891,2024-10-24,Music Festival,Kurunegala,750,750,89,311,4341,610,26,75,17.5,11.5,Rain,Thursday,0,0,2.7,541,173.95
EVT01528,2024-10-24,University Event,Matara,100,500,12,73,36036,46,27,75,11.5,13.6,Rain,Thursday,0,0,3.6,105,143.84
EVT01098,2024-10-25,Music Festival,Negombo,500,750,38,142,17928,145,25.7,57,6.3,16.2,Cloudy,Friday,0,0,4.5,382,269.01
EVT02025,2024-10-26,Religious Event,Galle,1500,250,24,734,40935,764,25.1,67,8.1,15,Rain,Saturday,1,1,7.1,723,98.5
EVT00077,2024-10-27,Exhibition,Matara,300,1500,16,194,20316,133,24.1,70,29.2,16.3,Heavy Rain,Sunday,1,0,1.7,184,94.85
EVT02216,2024-10-27,Exhibition,Nuwara Eliya,1000,250,35,333,85901,311,17,82,0.5,8.5,Clear,Sunday,1,0,2,382,114.71
EVT01784,2024-10-27,Religious Event,Matara,300,1000,85,124,8012,141,30.2,67,16.5,13.3,Rain,Sunday,1,0,2.9,315,254.03
EVT00584,2024-10-28,Religious Event,Nuwara Eliya,300,1500,53,106,30541,154,19.8,52,7.7,17.2,Cloudy,Monday,0,1,7,315,297.17
EVT01859,2024-10-29,Music Festival,Matara,750,2000,33,460,39324,311,26.2,69,12.5,11.1,Rain,Tuesday,0,0,3.2,517,112.39
EVT01919,2024-10-29,Religious Event,Kurunegala,750,2000,66,461,50687,396,28.8,93,7.5,7,Clear,Tuesday,0,0,4.2,709,153.8
EVT02473,2024-10-30,Exhibition,Ratnapura,200,0,84,122,33870,96,25.1,69,15.7,2.3,Rain,Wednesday,0,0,4.5,193,158.2
EVT00667,2024-10-30,Community Event,Galle,750,250,5,531,79699,428,26.9,73,8.7,11.6,Rain,Wednesday,0,0,6.7,171,32.2
EVT02287,2024-10-30,Music Festival,Kurunegala,1500,2000,44,828,75610,552,27.2,81,2.6,12.1,Clear,Wednesday,0,0,5.6,1090,131.64
EVT02479,2024-10-31,Music Festival,Ratnapura,300,500,64,171,39255,105,25.6,79,18.5,11.7,Rain,Thursday,0,0,7.3,290,169.59
EVT02352,2024-10-31,Perahera,Kegalle,200,1000,12,136,49512,75,30.2,62,4.4,14.4,Clear,Thursday,0,0,3.3,210,154.41
EVT00562,2024-11-01,Religious Event,Anuradhapura,500,1000,22,272,50466,199,27.1,97,13.1,14,Rain,Friday,0,1,3.8,503,184.93
EVT01940,2024-11-02,Religious Event,Nuwara Eliya,1500,750,56,636,84197,477,16.3,69,9.4,9.7,Rain,Saturday,1,0,3.4,374,58.81
EVT00435,2024-11-03,University Event,Galle,1000,1500,57,519,20978,404,26.2,71,12.3,9.2,Rain,Sunday,1,0,1.6,396,76.3
EVT02432,2024-11-04,Cultural Festival,Nuwara Eliya,500,500,60,314,74608,309,22.5,66,21.4,17.8,Rain,Monday,0,0,2.5,429,136.62
EVT00478,2024-11-04,Cultural Festival,Nuwara Eliya,750,0,54,415,46202,409,17.9,64,4.9,5.6,Cloudy,Monday,0,0,8,503,121.2
EVT02031,2024-11-05,Cultural Festival,Ratnapura,750,2000,55,416,27577,528,21.9,58,10.2,17,Rain,Tuesday,0,0,5.1,408,98.08
EVT00955,2024-11-07,Religious Event,Anuradhapura,500,0,54,266,44437,182,31,82,5,11.2,Cloudy,Thursday,0,0,6,525,197.37
EVT01269,2024-11-07,University Event,Nuwara Eliya,100,0,57,47,21345,67,18.6,71,13.6,9.9,Rain,Thursday,0,0,2.8,105,223.4
EVT00908,2024-11-07,University Event,Galle,1000,1500,68,414,54209,561,24.5,84,15.4,14.8,Rain,Thursday,0,0,5.7,297,71.74
EVT01204,2024-11-07,Conference,Nuwara Eliya,1000,500,76,790,26198,484,17.6,82,14.1,13.2,Rain,Thursday,0,0,2.2,413,52.28
EVT02273,2024-11-08,Community Event,Ratnapura,2000,2000,4,312,11113,381,30.1,72,5,2.8,Clear,Friday,0,0,7.5,300,96.15
EVT01120,2024-11-08,Cultural Festival,Nuwara Eliya,200,2000,29,88,85009,89,24.9,89,6,2,Clear,Friday,0,0,7.7,210,238.64
EVT01201,2024-11-09,Conference,Nuwara Eliya,100,1000,17,43,97226,55,18.2,79,5,8.7,Clear,Saturday,1,0,1.5,105,244.19
EVT02464,2024-11-09,Cultural Festival,Kandy,200,1500,54,87,58380,88,28.1,60,6.2,19.8,Cloudy,Saturday,1,0,3.4,210,241.38
EVT01311,2024-11-09,University Event,Ratnapura,300,1500,88,164,3059,46,25.7,63,19.4,9,Rain,Saturday,1,1,3.6,246,150
EVT02243,2024-11-09,Community Event,Nuwara Eliya,100,2000,47,23,14169,74,21.3,79,2.9,7.3,Clear,Saturday,1,0,7.4,105,456.52
EVT01448,2024-11-11,Community Event,Kegalle,200,500,71,82,97155,100,29.2,71,5.4,12.8,Clear,Monday,0,0,5.4,210,256.1
EVT01415,2024-11-11,University Event,Negombo,3000,0,14,1490,65447,2286,31.3,80,8.6,3.3,Rain,Monday,0,0,1.8,1067,71.61
EVT02394,2024-11-12,Workshop,Colombo,1000,1000,27,683,89148,775,29.3,84,23.8,6.9,Rain,Tuesday,0,0,2.6,465,68.08
EVT01776,2024-11-13,Exhibition,Galle,3000,1500,66,722,14497,901,26.9,84,12.2,7.1,Rain,Wednesday,0,0,7.1,34,4.71
EVT01302,2024-11-13,Exhibition,Matara,5000,2000,13,2700,13921,2007,24,60,15.9,18.5,Rain,Wednesday,0,0,4.5,1156,42.81
EVT00048,2024-11-13,Perahera,Ratnapura,300,250,3,241,38500,21,31.1,54,6.7,10.1,Clear,Wednesday,0,0,3.3,315,130.71
EVT01362,2024-11-13,Cultural Festival,Galle,1500,2000,48,697,15203,1051,33,65,14.6,8.8,Rain,Wednesday,0,0,2.1,608,87.23
EVT00813,2024-11-15,Religious Event,Kandy,200,750,37,127,34145,161,29.1,77,3,18.4,Cloudy,Friday,0,0,2.6,210,165.35
EVT00070,2024-11-15,Music Festival,Anuradhapura,3000,0,43,461,43908,1624,28.4,65,9.2,10.1,Rain,Friday,0,0,6.5,1030,223.43
EVT01525,2024-11-16,Perahera,Kandy,200,500,55,101,9834,101,28.8,65,12.8,20.7,Rain,Saturday,1,0,3.7,210,207.92
EVT02285,2024-11-17,School Event,Kurunegala,5000,2000,84,1464,80463,3674,27.3,94,15.3,12.4,Rain,Sunday,1,0,1.8,229,15.64
EVT00928,2024-11-17,Perahera,Matara,300,1000,65,121,33271,184,30.6,70,1.9,16.7,Clear,Sunday,1,0,7.8,315,260.33
EVT01946,2024-11-17,Music Festival,Kegalle,500,1000,3,164,19296,263,27.7,61,15.2,12.7,Rain,Sunday,1,0,5.7,295,179.88
EVT00920,2024-11-18,Conference,Nuwara Eliya,2000,1500,41,1206,24680,1050,16.2,70,24.5,3.3,Rain,Monday,0,0,2.3,512,42.45
EVT00654,2024-11-18,Cultural Festival,Matara,500,250,55,264,50269,206,26.5,71,8.6,8.9,Rain,Monday,0,0,6.9,410,155.3
EVT00334,2024-11-18,Perahera,Colombo,300,1000,15,68,90147,122,28.1,61,16.8,2,Rain,Monday,0,0,2.4,315,463.24
EVT01538,2024-11-18,Sports Event,Matara,300,250,72,137,58896,141,29.3,55,2.9,11.2,Clear,Monday,0,0,6.9,315,229.93
EVT00806,2024-11-18,School Event,Ratnapura,2000,2000,21,1380,33299,1915,28.1,77,7.6,20.6,Clear,Monday,0,1,8,664,48.12
EVT01760,2024-11-19,Music Festival,Ratnapura,100,1000,66,23,35094,47,30.1,81,13.6,6.5,Rain,Tuesday,0,0,5.9,105,456.52
EVT01017,2024-11-19,Exhibition,Colombo,200,2000,65,48,80304,14,26,79,2.2,10.6,Cloudy,Tuesday,0,0,2.3,210,437.5
EVT01756,2024-11-19,Conference,Nuwara Eliya,750,0,75,39,10478,380,18.3,60,20.5,5.2,Rain,Tuesday,0,0,3.7,138,353.85
EVT01128,2024-11-20,Exhibition,Negombo,1500,3000,58,456,60477,907,26.1,68,48.8,18.4,Heavy Rain,Wednesday,0,0,6.3,269,58.99
EVT00230,2024-11-21,University Event,Anuradhapura,200,1000,71,155,16460,94,22,67,7.8,11.5,Cloudy,Thursday,0,0,3.6,210,135.48
EVT00345,2024-11-21,Sports Event,Ratnapura,1000,500,84,293,8347,544,28.4,78,5.9,8.9,Cloudy,Thursday,0,1,6.1,591,201.71
EVT01383,2024-11-21,School Event,Nuwara Eliya,5000,1000,40,3110,29651,2393,20.5,74,1,7.6,Cloudy,Thursday,0,1,6,1544,49.65
EVT02126,2024-11-21,University Event,Galle,500,0,17,349,48945,314,30.6,64,5.9,3.8,Clear,Thursday,0,0,6.1,387,110.89
EVT01835,2024-11-21,Cultural Festival,Negombo,1000,0,28,988,85876,290,26.4,68,7.4,4.3,Cloudy,Thursday,0,0,2.1,1006,101.82
EVT00156,2024-11-22,Perahera,Galle,500,750,37,51,20558,345,24.4,56,31.3,14.4,Heavy Rain,Friday,0,0,7.7,256,501.96
EVT02416,2024-11-22,Conference,Anuradhapura,500,2000,31,207,46749,137,28.7,72,6.5,10.9,Clear,Friday,0,0,3.7,200,96.62
EVT01945,2024-11-22,Exhibition,Anuradhapura,2000,250,67,1182,13196,1319,26.3,79,12,6,Rain,Friday,0,0,5.1,684,57.87
EVT00513,2024-11-23,Perahera,Kurunegala,500,2000,7,168,46599,393,26.4,68,12.1,18.9,Rain,Saturday,1,0,4.2,413,245.83
EVT00807,2024-11-23,Music Festival,Nuwara Eliya,1500,1500,84,883,45090,531,21.8,86,9.9,8.9,Rain,Saturday,1,0,2,709,80.29
EVT01337,2024-11-23,School Event,Anuradhapura,500,0,13,214,82973,212,31.9,81,23.6,13.9,Rain,Saturday,1,1,5.7,250,116.82
EVT02227,2024-11-23,Music Festival,Kandy,200,1000,59,123,80134,97,28.5,91,4.4,14.5,Clear,Saturday,1,0,3.6,210,170.73
EVT02328,2024-11-23,Conference,Galle,3000,3000,79,922,33147,2180,26.1,78,30.3,7.2,Heavy Rain,Saturday,1,0,2.7,372,40.35
EVT02320,2024-11-23,Music Festival,Nuwara Eliya,200,500,69,59,77361,105,23.6,65,0.8,4.4,Clear,Saturday,1,0,3.1,210,355.93
EVT02280,2024-11-24,Music Festival,Kegalle,500,500,18,195,45629,336,28.4,74,2.7,18.9,Clear,Sunday,1,0,1.8,432,221.54
EVT00286,2024-11-24,Conference,Kurunegala,5000,750,79,2454,17643,2330,28.5,77,2.4,17.3,Clear,Sunday,1,0,3,1283,52.28
EVT00330,2024-11-24,Cultural Festival,Kurunegala,300,500,70,252,81486,166,25.6,74,6.6,12.8,Clear,Sunday,1,0,5.6,315,125
EVT01486,2024-11-24,Cultural Festival,Nuwara Eliya,500,250,3,351,23755,240,18.9,68,8.5,14.9,Rain,Sunday,1,0,4.3,380,108.26
EVT01356,2024-11-24,Workshop,Kegalle,200,0,51,127,74954,134,27.7,64,5.7,9.5,Clear,Sunday,1,1,7.4,210,165.35
EVT00860,2024-11-25,Exhibition,Kegalle,100,250,9,69,16506,31,30.5,76,22.5,6.5,Rain,Monday,0,0,4.1,92,133.33
EVT00481,2024-11-25,Cultural Festival,Nuwara Eliya,1500,1000,55,1074,6203,725,25.6,76,11.5,12.2,Rain,Monday,0,0,6.7,598,55.68
EVT01559,2024-11-25,Workshop,Colombo,3000,2000,61,2047,21466,2436,26.2,77,3.9,4.9,Cloudy,Monday,0,0,3.6,1003,49
EVT01660,2024-11-25,Exhibition,Nuwara Eliya,1000,250,35,585,64561,542,22.8,69,19.3,17.5,Rain,Monday,0,0,2.9,335,57.26
EVT00774,2024-11-26,School Event,Nuwara Eliya,750,2000,43,289,80798,501,20.7,76,5.5,15.5,Clear,Tuesday,0,1,7.4,346,119.72
EVT01800,2024-11-26,Perahera,Galle,100,0,33,82,21591,62,27.1,78,6.9,9.4,Cloudy,Tuesday,0,0,4.8,105,128.05
EVT01851,2024-11-26,Religious Event,Matara,1000,0,73,447,63993,231,28.6,76,15.6,19.7,Rain,Tuesday,0,0,7.1,576,128.86
EVT02295,2024-11-26,Community Event,Ratnapura,5000,2000,63,3284,83015,2265,27.8,67,20.2,9.6,Rain,Tuesday,0,0,6.1,813,24.76
EVT00611,2024-11-26,Perahera,Kandy,300,500,52,126,99949,192,26.5,91,4.1,9.8,Clear,Tuesday,0,0,3.8,315,250
EVT00621,2024-11-26,Sports Event,Matara,1000,1500,65,406,13611,496,31.1,69,3,13.7,Cloudy,Tuesday,0,0,6.8,564,138.92
EVT00762,2024-11-27,Religious Event,Anuradhapura,3000,500,56,1417,46064,2325,27.2,91,30.3,16.7,Heavy Rain,Wednesday,0,0,5.7,1574,111.08
EVT01512,2024-11-28,Exhibition,Kandy,5000,1500,25,2728,17974,2598,29.8,77,7.7,19.4,Clear,Thursday,0,0,7.1,2132,78.15
EVT01432,2024-11-28,Sports Event,Matara,5000,500,31,1032,73974,3332,33.3,82,4,10.9,Clear,Thursday,0,0,2.4,703,68.12
EVT01663,2024-11-28,Community Event,Anuradhapura,100,1500,15,28,32343,70,29.4,91,3.8,16.6,Clear,Thursday,0,0,3.9,105,375
EVT00428,2024-11-28,Religious Event,Kandy,2000,750,28,1716,69184,1195,27.6,77,2.3,12,Cloudy,Thursday,0,0,5.5,2100,122.38
EVT01773,2024-11-29,Religious Event,Matara,5000,2000,44,3506,42648,1182,28.7,88,3.2,17.3,Cloudy,Friday,0,0,1.7,3194,91.1
EVT02445,2024-11-29,Music Festival,Anuradhapura,1000,3000,77,346,88432,319,26.1,75,5.4,10.8,Clear,Friday,0,0,3.3,717,207.23
EVT00542,2024-11-29,Conference,Matara,300,500,42,194,18726,239,28.4,68,16.3,9.1,Rain,Friday,0,0,1.5,226,116.49
EVT00870,2024-11-29,Community Event,Kandy,5000,0,72,2823,81098,3071,25.7,68,3.5,10.8,Clear,Friday,0,0,6.1,1624,57.53
EVT00832,2024-11-30,Exhibition,Kegalle,200,1000,25,95,71475,96,28.3,54,19.2,20.6,Rain,Saturday,1,1,3.1,210,221.05
EVT01280,2024-11-30,Workshop,Anuradhapura,300,1000,6,121,74223,189,27.6,92,15.5,10.3,Rain,Saturday,1,0,3.7,163,134.71
EVT01809,2024-11-30,University Event,Kandy,5000,1500,46,2202,59046,2126,24.7,71,11.5,9.1,Rain,Saturday,1,0,4,2113,95.96
EVT00871,2024-12-01,Community Event,Nuwara Eliya,100,250,29,38,3281,51,20.4,93,12.4,10.2,Rain,Sunday,1,0,6.2,105,276.32
EVT02359,2024-12-01,Cultural Festival,Kegalle,750,1000,52,415,99358,377,28.6,65,26.5,14.1,Heavy Rain,Sunday,1,0,5.6,232,55.9
EVT01791,2024-12-01,Exhibition,Negombo,1000,1500,27,147,87505,653,29.4,72,14.7,8.7,Rain,Sunday,1,1,3.6,328,223.13
EVT00180,2024-12-01,University Event,Galle,300,1500,73,154,95136,148,27.2,74,34.2,6.6,Heavy Rain,Sunday,1,0,2.9,193,125.32
EVT02030,2024-12-01,Perahera,Negombo,200,1000,3,98,64807,198,30.8,83,4,8.8,Clear,Sunday,1,0,2.3,210,214.29
EVT01916,2024-12-01,Community Event,Galle,200,0,29,133,48458,141,24.8,65,6.1,6.6,Cloudy,Sunday,1,0,5.1,210,157.89
EVT02324,2024-12-02,Perahera,Negombo,2000,500,90,966,87133,1683,31.2,71,16.5,8.4,Rain,Monday,0,0,6.9,1241,128.47
EVT00574,2024-12-02,School Event,Negombo,3000,1000,35,455,56632,1405,28.4,83,12.5,17.4,Rain,Monday,0,0,5,283,62.2
EVT00424,2024-12-03,Music Festival,Kurunegala,100,2000,20,52,63194,63,25.1,63,4.9,4.8,Clear,Tuesday,0,0,6.3,105,201.92
EVT00201,2024-12-03,Community Event,Kurunegala,750,3000,57,351,72807,361,33.1,70,12.3,15.6,Rain,Tuesday,0,0,8,224,63.82
EVT01853,2024-12-04,Sports Event,Anuradhapura,300,250,17,211,37640,144,28.1,68,44.4,10.1,Heavy Rain,Wednesday,0,0,1.7,217,102.84
EVT02466,2024-12-04,Religious Event,Kurunegala,750,3000,56,417,51518,484,28.5,91,25.6,10.5,Heavy Rain,Wednesday,0,0,2.7,401,96.16
EVT01926,2024-12-05,Cultural Festival,Negombo,1500,1500,84,1022,37099,643,22.8,72,8.5,16.4,Rain,Thursday,0,0,1.9,893,87.38
EVT01714,2024-12-05,Conference,Ratnapura,300,1500,19,253,77610,145,24.2,88,7.5,10.4,Cloudy,Thursday,0,0,3.8,238,94.07
EVT01539,2024-12-05,Community Event,Kegalle,1500,2000,54,496,9756,802,27.9,74,25.6,3.2,Heavy Rain,Thursday,0,0,6.5,93,18.75
EVT02484,2024-12-05,Exhibition,Matara,300,500,78,189,78041,231,29.1,64,29.3,10.6,Heavy Rain,Thursday,0,0,5.9,187,98.94
EVT00973,2024-12-06,University Event,Kurunegala,5000,750,53,1442,9415,2906,25.9,89,8.6,13.1,Rain,Friday,0,0,2.2,1183,82.04
EVT02422,2024-12-06,Workshop,Anuradhapura,1000,1000,59,505,31184,757,28,78,5.6,6.5,Cloudy,Friday,0,0,5.1,399,79.01
EVT01450,2024-12-07,Religious Event,Nuwara Eliya,200,750,84,65,3966,93,18.8,75,10.5,18.9,Rain,Saturday,1,0,3.6,210,323.08
EVT01886,2024-12-08,Perahera,Colombo,2000,0,5,271,85280,978,29.3,92,10.6,15.3,Rain,Sunday,1,0,7.7,564,208.12
EVT01988,2024-12-08,Conference,Kurunegala,2000,0,60,840,28078,2046,29.5,73,8,13.5,Rain,Sunday,1,0,2.1,721,85.83
EVT01312,2024-12-08,Religious Event,Kurunegala,100,500,37,53,97536,63,29.8,74,2.3,10.3,Clear,Sunday,1,0,4.2,105,198.11
EVT00379,2024-12-08,University Event,Kandy,100,250,63,28,99343,70,27.9,76,9.9,7.4,Rain,Sunday,1,1,2.9,105,375
EVT02433,2024-12-08,Sports Event,Colombo,1000,2000,82,63,87427,758,25.9,68,7.3,13,Clear,Sunday,1,0,6.4,790,1253.97
EVT01555,2024-12-09,Sports Event,Negombo,750,2000,46,120,81013,463,25.3,66,19.4,10.6,Rain,Monday,0,0,7.2,374,311.67
EVT01137,2024-12-09,Sports Event,Colombo,1000,3000,52,436,25004,597,26.2,64,1.3,2,Cloudy,Monday,0,0,4.8,648,148.62
EVT01236,2024-12-09,Religious Event,Galle,1500,1500,41,644,71586,731,27.1,80,5.1,13,Clear,Monday,0,0,3.7,1127,175
EVT00250,2024-12-09,Sports Event,Colombo,500,0,47,331,93809,359,28.5,87,13.1,13.6,Rain,Monday,0,0,2.7,496,149.85
EVT01675,2024-12-12,School Event,Kegalle,100,500,85,16,63160,31,29.5,74,2.7,11.1,Cloudy,Thursday,0,0,4.7,105,656.25
EVT01462,2024-12-12,Conference,Ratnapura,750,1000,34,359,14739,311,25.3,69,0.6,10.5,Clear,Thursday,0,0,7.9,229,63.79
EVT01395,2024-12-13,Cultural Festival,Kegalle,100,3000,45,65,88110,66,27.9,83,6.8,19.1,Clear,Friday,0,1,2.7,105,161.54
EVT00350,2024-12-14,Perahera,Matara,200,750,57,157,82153,146,27,79,5.9,15.9,Cloudy,Saturday,1,0,7.1,210,133.76
EVT01668,2024-12-15,Exhibition,Negombo,100,3000,55,77,42557,41,28.4,86,23.5,13.3,Rain,Sunday,1,0,2.5,105,136.36
EVT02255,2024-12-15,Religious Event,Kegalle,200,500,25,151,33197,92,30.4,69,3.8,7.9,Cloudy,Sunday,1,0,3.4,210,139.07
EVT02174,2024-12-15,Workshop,Kurunegala,1500,1000,10,599,65127,838,27,89,1.2,17.9,Cloudy,Sunday,1,1,4.7,359,59.93
EVT00641,2024-12-16,Cultural Festival,Galle,200,750,12,109,89744,115,26.3,58,11.5,19.3,Rain,Monday,0,1,4.1,210,192.66
EVT02443,2024-12-17,Workshop,Matara,1000,500,72,402,29032,467,25.9,66,2.9,7.2,Clear,Tuesday,0,0,2.9,286,71.14
EVT00394,2024-12-17,Perahera,Colombo,100,0,61,62,13176,49,23.3,72,43.5,3.3,Heavy Rain,Tuesday,0,0,1.6,105,169.35
EVT00894,2024-12-17,University Event,Nuwara Eliya,100,1500,47,43,94329,20,20.1,88,21.5,16.3,Rain,Tuesday,0,0,4.5,105,244.19
EVT00080,2024-12-17,Workshop,Kurunegala,1000,2000,36,502,16077,531,27.9,81,5.5,10,Clear,Tuesday,0,0,5.4,331,65.94
EVT02282,2024-12-18,Exhibition,Kandy,2000,1500,86,1512,64338,691,29.6,98,15.1,17.9,Rain,Wednesday,0,1,1.7,1097,72.55
EVT02081,2024-12-18,School Event,Galle,1000,0,78,530,75375,471,26.3,87,9,3.4,Rain,Wednesday,0,0,1.7,400,75.47
EVT01846,2024-12-18,Exhibition,Anuradhapura,2000,500,15,315,45395,764,27.3,78,41.3,18.1,Heavy Rain,Wednesday,0,0,5,324,102.86
EVT01375,2024-12-19,Cultural Festival,Nuwara Eliya,5000,1000,35,844,7699,2120,17,68,1.2,11,Clear,Thursday,0,0,7.9,1139,134.95
EVT00583,2024-12-19,Religious Event,Ratnapura,1500,500,48,437,85904,752,25,77,2.2,2,Cloudy,Thursday,0,0,6,909,208.01
EVT00927,2024-12-20,Workshop,Matara,3000,3000,28,1116,7698,1262,30.1,70,3.3,13.9,Clear,Friday,0,0,4.4,333,29.84
EVT00712,2024-12-20,Exhibition,Kegalle,200,0,21,181,24136,127,28.3,77,19.3,20.9,Rain,Friday,0,0,7.3,192,106.08
EVT01352,2024-12-20,Workshop,Colombo,2000,750,87,1634,5155,1380,30,92,5.9,14,Clear,Friday,0,0,3.1,1080,66.1
EVT00666,2024-12-21,School Event,Matara,5000,1500,28,1221,2835,2213,26.1,68,26.4,10.6,Heavy Rain,Saturday,1,0,2.5,213,17.44
EVT01783,2024-12-21,Cultural Festival,Negombo,200,1000,10,72,7367,83,27.4,97,2.8,17.9,Cloudy,Saturday,1,0,6.8,210,291.67
EVT00881,2024-12-21,Exhibition,Anuradhapura,200,3000,12,116,16142,79,32.9,67,2.4,5,Clear,Saturday,1,0,2.9,210,181.03
EVT00747,2024-12-21,Music Festival,Kandy,750,750,83,138,94828,262,29.8,79,26.4,2,Heavy Rain,Saturday,1,0,1.7,332,240.58
EVT00375,2024-12-21,Religious Event,Negombo,3000,0,24,1248,72418,1217,26.1,65,7.2,18.2,Cloudy,Saturday,1,0,2.1,1037,83.09
EVT02164,2024-12-22,School Event,Ratnapura,5000,1500,17,2011,13577,1381,26.3,84,8.1,11.6,Rain,Sunday,1,0,5.2,352,17.5
EVT01816,2024-12-22,Workshop,Kandy,200,250,11,111,34109,23,29.1,67,23,16.5,Rain,Sunday,1,0,6.9,152,136.94
EVT01164,2024-12-22,Workshop,Negombo,500,2000,45,203,89687,232,27.8,86,35.5,10.6,Heavy Rain,Sunday,1,0,2,103,50.74
EVT01568,2024-12-22,Workshop,Matara,300,2000,25,146,15310,125,26.7,84,26.7,14,Heavy Rain,Sunday,1,0,4.1,63,43.15
EVT02191,2024-12-22,Music Festival,Galle,500,500,90,332,12158,225,27.7,66,0.8,14.4,Clear,Sunday,1,0,7.7,525,158.13
EVT01820,2024-12-23,Exhibition,Nuwara Eliya,300,1000,12,105,82768,219,20.4,80,0.7,5.5,Clear,Monday,0,1,7.8,315,300
EVT01736,2024-12-23,Music Festival,Kegalle,3000,0,53,1803,33331,1514,25.2,76,8,8.9,Rain,Monday,0,0,2.3,1306,72.43
EVT00508,2024-12-23,Music Festival,Galle,100,2000,60,66,99776,61,29,73,6,13.1,Clear,Monday,0,1,4.4,105,159.09
EVT00131,2024-12-25,Community Event,Matara,3000,1500,35,1082,82426,1673,25.6,70,9.8,11.2,Rain,Wednesday,0,0,2,157,14.51
EVT00457,2024-12-25,Sports Event,Kegalle,1500,750,59,732,49992,582,26.3,63,9.4,13.3,Rain,Wednesday,0,0,3.6,509,69.54
EVT01006,2024-12-25,Community Event,Anuradhapura,500,2000,86,161,26738,316,28.7,60,3.9,14.1,Cloudy,Wednesday,0,0,7.5,312,193.79
EVT00354,2024-12-25,Perahera,Ratnapura,1000,750,32,480,19776,752,31.6,79,13.9,20.4,Rain,Wednesday,0,0,8,529,110.21
EVT01499,2024-12-25,Sports Event,Kegalle,3000,1500,13,923,77195,2510,25.4,74,3.2,8.5,Clear,Wednesday,0,0,2.9,910,98.59
EVT00560,2024-12-26,Exhibition,Anuradhapura,3000,1000,29,2235,92403,971,31.2,71,15.5,10.1,Rain,Thursday,0,0,6.5,1097,49.08
EVT02116,2024-12-27,Exhibition,Kegalle,1500,750,57,1090,99709,822,26.9,72,2.2,7.1,Cloudy,Friday,0,0,7.4,898,82.39
EVT01923,2024-12-27,School Event,Galle,300,750,60,117,9824,175,29.6,76,25.3,12.1,Heavy Rain,Friday,0,0,5.5,151,129.06
EVT01292,2024-12-27,University Event,Colombo,750,750,45,516,73729,363,26.9,75,51.8,8,Heavy Rain,Friday,0,0,4.6,279,54.07
EVT02441,2024-12-28,Sports Event,Ratnapura,300,1000,29,111,62922,155,27,86,2,9.3,Cloudy,Saturday,1,0,2.7,315,283.78
EVT00781,2024-12-28,School Event,Galle,2000,1000,50,1574,40978,1059,29.1,76,4.3,16.7,Clear,Saturday,1,0,4.7,945,60.04
EVT01782,2024-12-29,University Event,Kandy,1500,2000,35,1269,84194,858,30.4,72,0.7,12.8,Clear,Sunday,1,0,5.7,1164,91.73
EVT01351,2024-12-29,University Event,Matara,5000,3000,22,2818,34788,2800,29.8,79,30.3,15.9,Heavy Rain,Sunday,1,0,6,303,10.75
EVT00731,2024-12-29,Exhibition,Negombo,750,0,50,258,90391,512,26.2,72,4.2,13.1,Clear,Sunday,1,0,2.2,350,135.66
EVT02357,2024-12-30,Community Event,Kegalle,1500,500,8,560,3717,324,31.1,58,51.6,8.2,Heavy Rain,Monday,0,0,7.4,132,23.57
EVT01042,2024-12-30,Cultural Festival,Kegalle,200,0,67,75,56593,153,25.4,73,5.7,18.5,Clear,Monday,0,0,6.8,210,280
EVT00889,2024-12-30,University Event,Matara,300,2000,27,146,37971,162,23.4,85,0.5,16.3,Cloudy,Monday,0,1,3.3,311,213.01
EVT00465,2024-12-31,Conference,Kurunegala,300,1000,82,212,10722,172,29.7,89,7,18.7,Clear,Tuesday,0,0,4.7,312,147.17
EVT00271,2024-12-31,Religious Event,Colombo,100,3000,59,10,17772,67,26.5,67,6.9,20.2,Cloudy,Tuesday,0,0,3.3,105,1050
EVT02439,2024-12-31,Religious Event,Negombo,750,500,66,575,72983,526,26,69,14,6.5,Rain,Tuesday,0,1,6,787,136.87
EVT00291,2025-01-01,Religious Event,Galle,200,2000,90,131,39885,158,28.9,73,22.5,13.9,Rain,Wednesday,0,0,2,210,160.31
EVT01775,2025-01-01,Cultural Festival,Negombo,1000,3000,75,264,7655,843,26.3,95,10.4,5.6,Rain,Wednesday,0,0,2.9,545,206.44
EVT00023,2025-01-01,Conference,Kurunegala,300,750,27,145,90280,178,26.3,74,34.5,15.1,Heavy Rain,Wednesday,0,1,2,192,132.41
EVT00305,2025-01-01,Community Event,Kegalle,300,500,62,175,12314,224,30.9,98,0.3,7.4,Clear,Wednesday,0,1,3.2,315,180
EVT02457,2025-01-02,School Event,Nuwara Eliya,1000,250,86,654,18178,479,21.5,98,4,5.9,Clear,Thursday,0,0,1.5,362,55.35
EVT02411,2025-01-02,University Event,Galle,300,3000,37,181,23862,151,26.7,77,1.4,15.1,Cloudy,Thursday,0,0,3.2,256,141.44
EVT00207,2025-01-02,Perahera,Anuradhapura,3000,250,32,1777,29320,2310,27.4,78,5.2,11.7,Cloudy,Thursday,0,0,4.3,1785,100.45
EVT00600,2025-01-02,University Event,Kurunegala,3000,3000,88,2253,86979,1149,29,65,15.2,8.4,Rain,Thursday,0,0,1.8,1439,63.87
EVT02481,2025-01-02,Workshop,Kurunegala,1000,0,8,509,21802,530,30.1,79,5.8,9.1,Cloudy,Thursday,0,1,5.4,257,50.49
EVT01304,2025-01-03,Conference,Kegalle,2000,1500,20,1155,86324,1479,28.2,58,22.5,12.5,Rain,Friday,0,0,7.8,686,59.39
EVT01446,2025-01-04,Community Event,Nuwara Eliya,750,1500,36,303,21283,484,21.3,71,4.5,15,Clear,Saturday,1,0,4.8,291,96.04
EVT00599,2025-01-04,University Event,Nuwara Eliya,300,1000,26,159,80358,31,19.5,70,10.4,13.1,Rain,Saturday,1,1,6.9,221,138.99
EVT01650,2025-01-05,Religious Event,Anuradhapura,3000,2000,48,1967,41155,1591,24.7,82,2.8,14.6,Clear,Sunday,1,0,5.9,1931,98.17
EVT01034,2025-01-05,Exhibition,Negombo,750,750,43,536,49690,524,30,76,43.6,7.7,Heavy Rain,Sunday,1,0,2.5,294,54.85
EVT00922,2025-01-05,Community Event,Matara,500,1000,43,185,72157,171,22,68,1.8,2.6,Cloudy,Sunday,1,0,3.9,291,157.3
EVT02222,2025-01-05,Sports Event,Kegalle,300,750,12,190,32135,204,23.7,92,0.2,2.8,Clear,Sunday,1,0,2.9,315,165.79
EVT01686,2025-01-06,Conference,Kegalle,500,1000,41,318,93537,325,28.3,72,10.2,13.1,Rain,Monday,0,0,3.6,248,77.99
EVT01436,2025-01-06,Conference,Kurunegala,750,500,34,295,21719,437,27.5,74,29.8,6.9,Heavy Rain,Monday,0,0,5.6,195,66.1
EVT01008,2025-01-06,Sports Event,Ratnapura,300,0,61,93,98432,176,26.5,47,2.8,6.3,Cloudy,Monday,0,0,5,311,334.41
EVT02043,2025-01-06,Community Event,Negombo,750,750,85,523,12271,312,22.2,62,8.8,2,Rain,Monday,0,1,1.9,318,60.8
EVT01091,2025-01-07,Sports Event,Anuradhapura,3000,3000,57,1469,36889,1177,31.8,79,4.8,14.4,Cloudy,Tuesday,0,0,4.6,1599,108.85
EVT00027,2025-01-07,Religious Event,Matara,500,250,10,199,32421,203,24.7,71,1.1,8.8,Clear,Tuesday,0,0,2.4,344,172.86
EVT00454,2025-01-07,Conference,Kegalle,3000,750,27,1350,18321,1452,29.3,80,26.3,19.4,Heavy Rain,Tuesday,0,1,4.1,239,17.7
EVT01890,2025-01-07,Perahera,Negombo,750,750,44,358,28240,446,29.5,62,5.1,14.3,Clear,Tuesday,0,0,3.4,743,207.54
EVT00551,2025-01-07,Perahera,Nuwara Eliya,1500,500,59,787,45288,841,21.8,80,0.4,10.9,Clear,Tuesday,0,0,5.1,1100,139.77
EVT01340,2025-01-08,Cultural Festival,Kurunegala,300,1500,84,114,84539,334,25.5,94,9.6,10.1,Rain,Wednesday,0,0,7.8,315,276.32
EVT00739,2025-01-08,Community Event,Kegalle,500,250,29,74,23068,214,28.5,60,8.7,6.8,Rain,Wednesday,0,1,7.2,205,277.03
EVT02475,2025-01-08,Exhibition,Anuradhapura,300,2000,9,140,35829,169,28.7,79,24.4,14.4,Rain,Wednesday,0,0,7.3,228,162.86
EVT01090,2025-01-09,School Event,Anuradhapura,2000,1000,71,432,90871,1044,31,68,15.4,10.9,Rain,Thursday,0,0,6.2,319,73.84
EVT02194,2025-01-09,School Event,Kegalle,500,3000,17,363,40130,298,29,76,25.2,14.3,Heavy Rain,Thursday,0,0,3.7,164,45.18
EVT01709,2025-01-09,Community Event,Anuradhapura,500,2000,17,191,90595,222,30.4,80,3.3,6.5,Clear,Thursday,0,0,2.4,253,132.46
EVT02426,2025-01-11,Community Event,Nuwara Eliya,3000,750,6,2094,72780,1396,23.7,67,26.7,15.3,Heavy Rain,Saturday,1,0,2.2,180,8.6
EVT01111,2025-01-11,Cultural Festival,Negombo,500,2000,23,228,79235,435,26.7,77,3,13.5,Clear,Saturday,1,0,2.7,525,230.26
EVT00129,2025-01-11,Exhibition,Galle,500,1500,29,387,94033,285,23.8,68,56.9,9.6,Heavy Rain,Saturday,1,0,5.1,315,81.4
EVT00544,2025-01-12,Religious Event,Ratnapura,3000,250,8,1096,81239,1871,26.5,89,8,20,Rain,Sunday,1,1,3.5,1360,124.09
EVT00595,2025-01-12,School Event,Colombo,750,1500,4,501,79886,522,25.5,68,5,13.4,Cloudy,Sunday,1,0,4.6,536,106.99
EVT01077,2025-01-12,Perahera,Colombo,300,1000,74,173,73730,195,28.3,62,3.4,8.5,Clear,Sunday,1,0,2.7,315,182.08
EVT01839,2025-01-12,Religious Event,Kegalle,750,750,28,352,67453,535,29.9,89,20.4,6.7,Rain,Sunday,1,0,6.2,428,121.59
EVT00020,2025-01-14,Perahera,Colombo,300,500,14,179,38804,103,29.5,66,4.5,12.6,Cloudy,Tuesday,0,0,4,315,175.98
EVT00777,2025-01-14,School Event,Ratnapura,300,250,27,94,88987,167,27.7,61,12.8,12.3,Rain,Tuesday,0,0,3.7,129,137.23
EVT01214,2025-01-14,Music Festival,Negombo,500,500,82,298,78416,334,30.4,81,16.2,7.2,Rain,Tuesday,0,0,4.7,450,151.01
EVT01968,2025-01-14,Workshop,Negombo,2000,500,7,1555,92442,1732,26.6,79,1.7,12.7,Cloudy,Tuesday,0,0,3.6,718,46.17
EVT00838,2025-01-14,Cultural Festival,Ratnapura,100,3000,29,75,37089,59,29.9,69,10,11.5,Rain,Tuesday,0,0,3.5,105,140
EVT02444,2025-01-15,Religious Event,Kegalle,500,2000,19,418,33837,194,28.6,65,14.8,15.6,Rain,Wednesday,0,0,4.1,437,104.55
EVT00441,2025-01-15,Workshop,Nuwara Eliya,750,750,37,338,9024,294,18.5,74,2.6,6.9,Cloudy,Wednesday,0,0,5.8,168,49.7
EVT01116,2025-01-15,University Event,Nuwara Eliya,300,0,4,199,29321,93,22.1,85,6.9,11.3,Cloudy,Wednesday,0,0,4.9,206,103.52
EVT02208,2025-01-15,Workshop,Ratnapura,1500,3000,44,704,87109,286,29.3,82,36.7,25.2,Heavy Rain,Wednesday,0,0,4.9,376,53.41
EVT00850,2025-01-15,University Event,Nuwara Eliya,1500,250,26,841,25665,1102,18.8,82,11.2,11.5,Rain,Wednesday,0,0,5.3,352,41.85
EVT01624,2025-01-15,Cultural Festival,Kegalle,500,750,33,41,72552,294,32.6,63,25.2,12.4,Heavy Rain,Wednesday,0,1,4.4,198,482.93
EVT00766,2025-01-16,Perahera,Kurunegala,750,2000,17,632,64542,530,31.7,79,14.7,10.4,Rain,Thursday,0,0,7.6,602,95.25
EVT01937,2025-01-16,Community Event,Anuradhapura,1000,1500,6,171,72229,475,25.4,74,3,7.7,Cloudy,Thursday,0,0,5.9,313,183.04
EVT00675,2025-01-16,Music Festival,Ratnapura,200,500,85,108,2664,144,33.4,65,3.9,13.8,Cloudy,Thursday,0,0,7.2,210,194.44
EVT01754,2025-01-16,Conference,Matara,500,500,64,115,25997,169,28.1,78,2.9,15.9,Cloudy,Thursday,0,1,1.5,324,281.74
EVT01243,2025-01-17,Perahera,Nuwara Eliya,750,0,44,131,15845,388,22.3,57,17.8,17.7,Rain,Friday,0,0,2.1,333,254.2
EVT01787,2025-01-17,Workshop,Kandy,750,750,54,367,4506,382,28.1,74,6.9,10.4,Clear,Friday,0,0,4.6,441,120.16
EVT01907,2025-01-18,Religious Event,Negombo,1500,750,10,539,15734,1144,25.6,82,9.3,18.1,Rain,Saturday,1,1,7.6,941,174.58
EVT00140,2025-01-18,Cultural Festival,Anuradhapura,300,3000,5,168,61888,166,29.5,70,7.6,15.3,Cloudy,Saturday,1,1,4.1,315,187.5
EVT00765,2025-01-18,Music Festival,Galle,1500,250,15,937,7178,497,20.5,73,22.5,12,Rain,Saturday,1,0,4.7,823,87.83
EVT02050,2025-01-19,Cultural Festival,Anuradhapura,1000,0,73,439,52600,532,27.4,66,7.7,19.6,Clear,Sunday,1,0,2.2,856,194.99
EVT01794,2025-01-19,Music Festival,Kandy,300,250,83,283,31977,235,27.5,81,15.4,9.4,Rain,Sunday,1,1,2.9,315,111.31
EVT00007,2025-01-19,University Event,Nuwara Eliya,500,1000,5,10,4248,306,17.3,84,4.7,9.4,Clear,Sunday,1,0,1.9,134,1340
EVT01379,2025-01-20,Perahera,Nuwara Eliya,500,250,80,162,64376,183,23.4,69,21.5,15.5,Rain,Monday,0,1,3.9,405,250
EVT02375,2025-01-20,Perahera,Kandy,2000,1000,60,1157,19999,761,27.1,75,10,2,Rain,Monday,0,0,2.5,1501,129.73
EVT02092,2025-01-20,Cultural Festival,Ratnapura,1000,1500,58,671,1774,509,28.3,71,27.7,17.5,Heavy Rain,Monday,0,0,4.8,367,54.69
EVT02293,2025-01-20,Perahera,Matara,1500,1000,59,1099,41773,1136,30.2,75,10,14.3,Rain,Monday,0,0,5.4,1197,108.92
EVT01626,2025-01-21,Conference,Colombo,100,1500,58,31,41664,80,24.7,74,7.1,12,Clear,Tuesday,0,0,2.2,105,338.71
EVT02108,2025-01-22,Perahera,Colombo,500,750,49,140,99469,367,24.1,82,9.2,17.8,Rain,Wednesday,0,0,6.3,468,334.29
EVT00946,2025-01-22,Exhibition,Galle,5000,2000,68,2015,95763,2933,29,75,77.4,15.7,Heavy Rain,Wednesday,0,0,4.7,419,20.79
EVT01818,2025-01-23,Conference,Kandy,750,3000,60,362,32405,285,25.5,71,2.1,12.1,Clear,Thursday,0,0,5.7,413,114.09
EVT01215,2025-01-23,Community Event,Negombo,2000,3000,10,1270,86280,1742,30.9,91,18,12.1,Rain,Thursday,0,0,4.8,622,48.98
EVT01382,2025-01-23,Workshop,Ratnapura,3000,2000,35,1361,65743,1273,29.5,69,39.7,7.3,Heavy Rain,Thursday,0,0,3.4,5,0.37
EVT02371,2025-01-24,Religious Event,Negombo,3000,3000,85,1687,30911,2173,28.4,61,12.1,11.6,Rain,Friday,0,0,2.9,1840,109.07
EVT00519,2025-01-25,Exhibition,Kurunegala,2000,0,6,688,69945,1113,28.1,84,13.6,14.2,Rain,Saturday,1,0,5.7,413,60.03
EVT01971,2025-01-25,University Event,Nuwara Eliya,1000,250,83,608,64080,518,21.4,76,14.4,12.2,Rain,Saturday,1,0,4.5,346,56.91
EVT00038,2025-01-26,School Event,Galle,750,1500,28,334,37476,42,32.6,77,7.6,12.7,Clear,Sunday,1,0,5.4,286,85.63
EVT00393,2025-01-27,Religious Event,Kegalle,500,0,26,89,28124,360,30.8,73,15.5,4.3,Rain,Monday,0,1,7.6,374,420.22
EVT00809,2025-01-27,Conference,Kurunegala,3000,250,21,1186,61957,555,26.7,75,21.1,11.6,Rain,Monday,0,0,5.6,479,40.39
EVT01444,2025-01-28,Religious Event,Colombo,1000,2000,16,339,59675,623,28,60,20.2,9.4,Rain,Tuesday,0,0,6.8,510,150.44
EVT01354,2025-01-28,Cultural Festival,Colombo,500,2000,29,236,66158,243,29.6,87,20.9,18.3,Rain,Tuesday,0,0,1.5,419,177.54
EVT01755,2025-01-29,Cultural Festival,Anuradhapura,1000,1000,66,516,39289,754,23.9,66,12,12.5,Rain,Wednesday,0,0,2.6,722,139.92
EVT02268,2025-01-29,Conference,Nuwara Eliya,1500,1500,81,710,43677,822,24.8,65,26,11.3,Heavy Rain,Wednesday,0,0,3.5,214,30.14
EVT00307,2025-01-29,Workshop,Kegalle,1000,1500,4,583,20816,914,32,74,18.2,8.9,Rain,Wednesday,0,0,2.1,267,45.8
EVT00943,2025-01-29,Music Festival,Kandy,3000,0,24,1064,65750,1895,28.4,45,4.5,7.1,Clear,Wednesday,0,0,4.3,1808,169.92
EVT00051,2025-01-30,Cultural Festival,Kurunegala,750,1500,11,193,7583,364,28.6,77,9.7,11.7,Rain,Thursday,0,0,6.3,209,108.29
EVT00961,2025-01-31,Community Event,Colombo,100,500,18,52,30238,30,31,98,4.7,9.6,Clear,Friday,0,0,3.2,105,201.92
EVT01409,2025-01-31,Conference,Kurunegala,1000,750,6,547,22288,508,33.4,83,13.8,8.5,Rain,Friday,0,0,3.9,161,29.43
EVT01094,2025-02-01,Religious Event,Kurunegala,200,2000,89,126,72100,152,26.5,92,1.3,18.6,Cloudy,Saturday,1,0,3.9,210,166.67
EVT00547,2025-02-01,Exhibition,Kurunegala,500,0,39,245,2895,289,28.7,68,7.1,12.4,Cloudy,Saturday,1,0,5.3,311,126.94
EVT00453,2025-02-01,University Event,Ratnapura,500,750,73,285,46413,246,28,90,3.2,20.6,Clear,Saturday,1,0,2.6,293,102.81
EVT00697,2025-02-02,Music Festival,Kegalle,1000,250,82,164,45831,400,29.7,68,8,15,Rain,Sunday,1,0,3.7,465,283.54
EVT02266,2025-02-02,School Event,Anuradhapura,300,1000,74,130,66747,173,33.5,86,5.9,12.4,Cloudy,Sunday,1,0,2.6,306,235.38
EVT01256,2025-02-02,Workshop,Kandy,300,2000,26,95,65629,127,26.3,55,5.9,10.9,Clear,Sunday,1,0,1.6,214,225.26
EVT01429,2025-02-02,Workshop,Kurunegala,1000,3000,80,570,62237,748,28.4,73,15.5,5.9,Rain,Sunday,1,1,6.9,494,86.67
EVT02142,2025-02-04,Exhibition,Kegalle,500,1000,47,201,68184,245,25.6,74,17.1,8,Rain,Tuesday,0,0,6.6,275,136.82
EVT01699,2025-02-04,Sports Event,Matara,1000,0,6,411,43780,778,28.9,68,14.7,7.9,Rain,Tuesday,0,0,3.9,425,103.41
EVT01169,2025-02-04,Workshop,Galle,100,1000,40,66,15459,61,27.3,67,19.4,6.3,Rain,Tuesday,0,0,6.6,105,159.09
EVT01402,2025-02-05,Conference,Kandy,750,2000,57,291,91937,391,28.3,69,0.7,13.2,Clear,Wednesday,0,0,1.7,360,123.71
EVT00058,2025-02-05,Community Event,Matara,1500,0,16,743,79445,741,28.2,85,0.4,5.6,Clear,Wednesday,0,0,5.8,500,67.29
EVT01482,2025-02-06,University Event,Nuwara Eliya,1000,1000,76,390,5319,796,25,71,17.9,12.6,Rain,Thursday,0,0,1.9,292,74.87
EVT02064,2025-02-06,Perahera,Colombo,2000,250,19,1724,40855,471,25.2,67,7,10.1,Clear,Thursday,0,0,2,2100,121.81
EVT02131,2025-02-07,Sports Event,Nuwara Eliya,1500,0,76,524,19666,512,24.1,90,10.4,10.9,Rain,Friday,0,0,6.9,439,83.78
EVT01581,2025-02-07,Religious Event,Kurunegala,1000,750,66,607,87821,676,27.9,75,7.5,10.5,Cloudy,Friday,0,0,4.7,860,141.68
EVT01047,2025-02-07,Conference,Matara,500,3000,20,298,49277,313,28.7,72,27.3,15.9,Heavy Rain,Friday,0,0,1.7,274,91.95
EVT01114,2025-02-08,Perahera,Anuradhapura,3000,500,14,658,48622,1935,32.3,73,3.2,15.8,Cloudy,Saturday,1,0,3.6,1470,223.4
EVT02374,2025-02-08,Perahera,Matara,1000,250,89,209,46569,339,38.2,63,0.4,10.1,Clear,Saturday,1,0,5.8,592,283.25
EVT00294,2025-02-08,Religious Event,Colombo,100,2000,80,28,35794,61,29.7,73,0.8,10.2,Cloudy,Saturday,1,0,5.2,105,375
EVT01372,2025-02-09,Religious Event,Colombo,500,3000,19,434,41892,302,25.4,73,1.1,14.1,Cloudy,Sunday,1,0,6.8,525,120.97
EVT00752,2025-02-09,Religious Event,Nuwara Eliya,2000,1000,87,866,51557,1202,22.5,67,29.2,8.5,Heavy Rain,Sunday,1,0,1.6,723,83.49
EVT01022,2025-02-09,Sports Event,Colombo,2000,250,85,1117,6304,1790,27,79,10.7,10.8,Rain,Sunday,1,0,4.7,874,78.25
EVT01770,2025-02-10,Cultural Festival,Nuwara Eliya,1500,3000,15,111,48916,1065,17.4,76,26.1,10.7,Heavy Rain,Monday,0,0,4.7,291,262.16
EVT01778,2025-02-11,Workshop,Nuwara Eliya,500,750,88,153,38597,389,21,96,7.7,11.5,Clear,Tuesday,0,0,7.5,183,119.61
EVT01290,2025-02-12,Music Festival,Colombo,5000,3000,63,1856,62847,2413,23.7,83,9.3,2.8,Rain,Wednesday,0,1,2.9,1683,90.68
EVT01586,2025-02-12,Music Festival,Galle,500,1500,33,79,1038,151,30.6,79,18.6,11.8,Rain,Wednesday,0,0,2,272,344.3
EVT01385,2025-02-12,School Event,Ratnapura,5000,1500,88,1064,1751,2858,24.9,74,11.6,8.8,Rain,Wednesday,0,0,4,278,26.13
EVT01442,2025-02-12,School Event,Ratnapura,1000,500,52,559,72167,448,31.5,81,32.5,19.5,Heavy Rain,Wednesday,0,0,4.3,153,27.37
EVT00285,2025-02-13,Workshop,Galle,300,250,60,106,4159,177,29,86,10.3,9.9,Rain,Thursday,0,1,6.4,194,183.02
EVT00598,2025-02-13,Religious Event,Nuwara Eliya,500,750,81,119,3760,340,19.4,77,11,20.7,Rain,Thursday,0,0,1.7,261,219.33
EVT00446,2025-02-14,Religious Event,Negombo,5000,1000,65,3727,23088,3205,29.1,63,16.5,8.4,Rain,Friday,0,0,2.9,2774,74.43
EVT00597,2025-02-15,University Event,Negombo,5000,750,52,1680,15876,4342,31.1,95,14.1,3.2,Rain,Saturday,1,0,6.5,1398,83.21
EVT00511,2025-02-15,Perahera,Matara,1500,250,50,487,36077,1284,27,75,13.6,6.6,Rain,Saturday,1,0,1.9,848,174.13
EVT02351,2025-02-15,Conference,Colombo,500,500,24,237,83968,362,28.4,68,18.9,6.9,Rain,Saturday,1,0,5.3,278,117.3
EVT02204,2025-02-16,Conference,Nuwara Eliya,5000,500,63,3122,65283,3656,19.3,73,8.5,10.8,Rain,Sunday,1,0,4.2,872,27.93
EVT01810,2025-02-16,Exhibition,Negombo,2000,3000,78,1269,20046,1284,28.4,65,5.1,20.5,Clear,Sunday,1,0,2.5,1157,91.17
EVT01031,2025-02-16,Cultural Festival,Kegalle,500,0,19,157,28072,342,30.3,74,28.2,7.9,Heavy Rain,Sunday,1,0,3.7,220,140.13
EVT02150,2025-02-18,Perahera,Matara,5000,250,39,1798,60032,1982,26.8,73,16.7,12.3,Rain,Tuesday,0,1,4.3,2296,127.7
EVT00876,2025-02-18,Community Event,Anuradhapura,1000,3000,41,679,89068,514,26.2,83,2,16.8,Clear,Tuesday,0,0,5.1,509,74.96
EVT02054,2025-02-18,Conference,Ratnapura,200,1500,52,184,89694,127,24.7,77,20,15.2,Rain,Tuesday,0,0,5.4,210,114.13
EVT00464,2025-02-18,Sports Event,Galle,1500,250,84,670,62262,398,26,78,15.3,6.5,Rain,Tuesday,0,0,2.8,629,93.88
EVT02093,2025-02-18,Music Festival,Kegalle,2000,1500,10,1432,53609,1466,27.8,72,24.8,6.2,Rain,Tuesday,0,0,3,1035,72.28
EVT02450,2025-02-18,Cultural Festival,Kandy,5000,1000,34,1471,2338,2923,22.6,74,31.9,12.2,Heavy Rain,Tuesday,0,0,4.6,1231,83.68
EVT00072,2025-02-19,University Event,Kandy,2000,3000,52,1249,27130,1570,29.6,94,26.6,14.3,Heavy Rain,Wednesday,0,1,2.6,957,76.62
EVT01765,2025-02-19,Perahera,Anuradhapura,5000,3000,56,3480,4405,1798,24,77,1,8.4,Cloudy,Wednesday,0,0,6.5,3383,97.21
EVT00217,2025-02-19,Workshop,Ratnapura,1000,500,24,236,84617,422,30.1,91,22,14.2,Rain,Wednesday,0,0,3.5,75,31.78
EVT01061,2025-02-19,Exhibition,Kurunegala,100,1500,78,39,68824,39,26.9,74,16.7,9.5,Rain,Wednesday,0,1,7.5,105,269.23
EVT00661,2025-02-19,Perahera,Anuradhapura,3000,3000,65,1063,48915,1470,26.9,88,27.4,13.5,Heavy Rain,Wednesday,0,0,6.9,861,81
EVT01443,2025-02-20,University Event,Anuradhapura,200,3000,7,139,79978,141,27.2,58,18.6,10.6,Rain,Thursday,0,0,4.9,198,142.45
EVT01845,2025-02-20,Religious Event,Matara,500,250,86,208,69646,44,27.3,84,18.5,16.6,Rain,Thursday,0,0,6.9,335,161.06
EVT01298,2025-02-20,Workshop,Kegalle,1000,250,31,405,78515,499,28.7,88,9.8,10.8,Rain,Thursday,0,0,2.7,156,38.52
EVT01749,2025-02-22,Community Event,Anuradhapura,500,1000,77,119,19087,217,27.8,76,9.5,17.8,Rain,Saturday,1,0,7.8,245,205.88
EVT02390,2025-02-22,Religious Event,Kegalle,3000,250,60,1509,2003,1841,27.1,86,12.2,7.5,Rain,Saturday,1,0,4.3,1409,93.37
EVT01437,2025-02-23,Conference,Kegalle,300,1000,56,149,41905,72,25.3,75,14.2,15.2,Rain,Sunday,1,0,3.6,176,118.12
EVT00128,2025-02-23,Music Festival,Kurunegala,300,2000,30,178,95844,192,27.6,87,23.3,11.5,Rain,Sunday,1,0,7.4,315,176.97
EVT00352,2025-02-24,Community Event,Ratnapura,200,3000,81,101,56068,108,30.5,65,23.1,13.4,Rain,Monday,0,0,2,137,135.64
EVT00281,2025-02-25,Workshop,Anuradhapura,1000,750,76,713,41837,574,26.7,73,5.9,6.9,Cloudy,Tuesday,0,0,4.6,390,54.7
EVT01564,2025-02-25,Community Event,Negombo,100,1000,19,86,36108,61,30.6,69,13.6,13.4,Rain,Tuesday,0,0,1.6,105,122.09
EVT00538,2025-02-25,School Event,Nuwara Eliya,2000,2000,23,972,18022,1620,18.3,59,2.9,6.6,Clear,Tuesday,0,1,5.8,623,64.09
EVT00198,2025-02-25,Religious Event,Kurunegala,300,750,5,82,64409,210,28.2,79,6.6,7,Clear,Tuesday,0,1,5.1,315,384.15
EVT02286,2025-02-25,Religious Event,Anuradhapura,3000,1000,23,1033,29167,1647,27.9,75,7.8,16.7,Clear,Tuesday,0,0,1.7,1182,114.42
EVT01574,2025-02-26,Exhibition,Negombo,300,750,22,225,85369,301,23.1,65,8.5,2,Rain,Wednesday,0,0,7.6,256,113.78
EVT02022,2025-02-27,Religious Event,Kandy,300,2000,69,115,9477,336,29.9,71,20,15.5,Rain,Thursday,0,1,2.5,315,273.91
EVT00835,2025-02-27,University Event,Kurunegala,750,1500,89,498,79508,645,24.3,74,9.6,20.4,Rain,Thursday,0,0,6,534,107.23
EVT01328,2025-02-27,Sports Event,Ratnapura,100,3000,80,58,6505,40,33.4,93,17.4,7.2,Rain,Thursday,0,1,4.1,105,181.03
EVT01944,2025-02-28,Music Festival,Colombo,750,250,5,210,75673,262,29.4,84,17.3,13.6,Rain,Friday,0,0,7.4,410,195.24
EVT00790,2025-02-28,Community Event,Anuradhapura,300,500,55,249,51910,161,27.4,85,14.6,8.7,Rain,Friday,0,0,5.4,221,88.76
EVT02349,2025-03-01,Workshop,Kurunegala,200,750,49,74,37451,86,30.5,47,13.9,8.4,Rain,Saturday,1,0,4.1,148,200
EVT01393,2025-03-01,Sports Event,Negombo,300,1000,22,219,8572,226,29.3,76,12.5,7,Rain,Saturday,1,0,5.1,315,143.84
EVT02269,2025-03-02,Community Event,Colombo,3000,750,57,2181,52934,2001,30.9,64,8,7.3,Rain,Sunday,1,0,6.5,917,42.04
EVT02476,2025-03-03,Sports Event,Galle,5000,1000,40,3430,68553,4576,25.9,86,19.2,6.8,Rain,Monday,0,0,4,2682,78.19
EVT02236,2025-03-03,School Event,Kandy,1000,2000,83,69,82726,298,29.7,71,19.7,7,Rain,Monday,0,0,2.8,37,53.62
EVT00241,2025-03-04,Workshop,Kurunegala,1500,1000,44,615,1424,1157,25.9,83,1.1,19.1,Clear,Tuesday,0,0,3.3,368,59.84
EVT00093,2025-03-04,Sports Event,Ratnapura,5000,1500,80,2863,74300,3642,26.9,69,10.1,14.7,Rain,Tuesday,0,0,4.6,2286,79.85
EVT01182,2025-03-05,Community Event,Kandy,5000,500,71,2764,79424,2212,28.9,68,13.6,21.1,Rain,Wednesday,0,0,1.8,1761,63.71
EVT00221,2025-03-06,Cultural Festival,Galle,5000,1000,66,2050,80652,3529,26,61,33,7.7,Heavy Rain,Thursday,0,1,4,1034,50.44
EVT01774,2025-03-07,Sports Event,Anuradhapura,300,500,89,209,93455,146,29.1,74,2.3,21.1,Cloudy,Friday,0,0,5.8,315,150.72
EVT00638,2025-03-07,Cultural Festival,Anuradhapura,750,3000,88,478,87573,428,29,92,14,9.1,Rain,Friday,0,0,3.2,710,148.54
EVT01270,2025-03-07,Perahera,Kandy,5000,1000,56,2299,68507,2066,27.9,56,19.6,9.4,Rain,Friday,0,0,2.6,2074,90.21
EVT02296,2025-03-08,Perahera,Ratnapura,1500,0,84,386,88491,549,25.3,56,14.4,10,Rain,Saturday,1,0,1.8,574,148.7
EVT00402,2025-03-08,Workshop,Matara,2000,500,29,669,83290,1107,27.2,80,7.8,4.4,Clear,Saturday,1,0,7.2,435,65.02
EVT00798,2025-03-08,Music Festival,Matara,750,500,59,209,3488,232,28.2,76,18.7,13.5,Rain,Saturday,1,0,5.2,476,227.75
EVT01795,2025-03-08,Cultural Festival,Colombo,5000,3000,55,2504,44372,3519,31,63,12.8,10.9,Rain,Saturday,1,0,2,2053,81.99
EVT02072,2025-03-08,Sports Event,Kurunegala,1500,1500,72,1075,93475,873,29.6,52,14.1,12.9,Rain,Saturday,1,0,2.8,892,82.98
EVT00407,2025-03-08,Religious Event,Colombo,750,3000,8,115,45174,408,27.9,62,27.3,5.2,Heavy Rain,Saturday,1,0,3.3,360,313.04
EVT02452,2025-03-08,School Event,Kandy,1000,1000,72,587,90035,410,27.6,68,2.4,5.5,Cloudy,Saturday,1,1,7.8,600,102.21
EVT02215,2025-03-09,Workshop,Kegalle,5000,500,11,2947,58099,3801,25.7,59,24.4,12.3,Rain,Sunday,1,0,6.1,1091,37.02
EVT00031,2025-03-10,Exhibition,Anuradhapura,200,1500,52,130,7441,78,28.3,78,33.5,10.7,Heavy Rain,Monday,0,0,6,162,124.62
EVT00227,2025-03-10,Cultural Festival,Ratnapura,1000,500,4,604,68208,718,27.9,73,24.3,12.8,Rain,Monday,0,0,7.1,557,92.22
EVT01438,2025-03-11,Workshop,Kurunegala,3000,1000,15,1295,52799,2120,26.7,83,13.2,10.7,Rain,Tuesday,0,0,6.1,778,60.08
EVT00100,2025-03-11,Sports Event,Kegalle,300,750,53,111,76795,126,30.5,67,1.6,19.5,Cloudy,Tuesday,0,0,6.5,315,283.78
EVT00122,2025-03-12,Cultural Festival,Ratnapura,100,1500,11,22,77675,69,26.6,81,29.7,6,Heavy Rain,Wednesday,0,0,5.6,105,477.27
EVT01523,2025-03-13,Cultural Festival,Ratnapura,750,500,79,159,60227,391,27.2,61,20.2,21.9,Rain,Thursday,0,0,2.3,373,234.59
EVT00566,2025-03-13,Religious Event,Kegalle,750,750,15,426,13377,431,28.4,61,8.7,2,Rain,Thursday,0,0,3.2,345,80.99
EVT01440,2025-03-13,Cultural Festival,Negombo,200,250,54,74,43121,106,29.5,69,18.7,15.7,Rain,Thursday,0,0,6.7,210,283.78
EVT01759,2025-03-14,Sports Event,Nuwara Eliya,1000,0,44,795,35242,359,19.4,64,2.7,15.7,Clear,Friday,0,0,7.2,609,76.6
EVT00009,2025-03-14,Community Event,Ratnapura,100,2000,40,60,35198,80,29.3,80,9.6,6,Rain,Friday,0,0,3.6,105,175
EVT00262,2025-03-14,Workshop,Colombo,200,2000,67,89,715,71,26,76,7.5,15.9,Clear,Friday,0,1,3,203,228.09
EVT01978,2025-03-15,University Event,Matara,500,3000,3,222,30749,185,23.8,67,21.4,14,Rain,Saturday,1,1,6.6,226,101.8
EVT00322,2025-03-16,Perahera,Kegalle,300,500,64,49,26528,209,28.4,92,3.8,12.5,Clear,Sunday,1,0,3.7,315,642.86
EVT00869,2025-03-16,Workshop,Matara,500,500,27,362,40897,369,27.7,85,11,13.4,Rain,Sunday,1,0,5.8,170,46.96
EVT01501,2025-03-16,Cultural Festival,Kurunegala,300,1500,32,114,19416,154,34.1,79,33,9.7,Heavy Rain,Sunday,1,0,2.9,134,117.54
EVT00236,2025-03-16,Exhibition,Kandy,1000,500,54,339,6367,348,27.1,66,16.5,22.8,Rain,Sunday,1,0,5.3,507,149.56
EVT02104,2025-03-16,Workshop,Kurunegala,200,250,66,10,81935,128,29.9,50,13.3,13.6,Rain,Sunday,1,0,7.8,168,1680
EVT02140,2025-03-16,Exhibition,Ratnapura,1500,0,65,493,82549,1066,28.1,61,2.3,9.3,Cloudy,Sunday,1,0,7.6,532,107.91
EVT00280,2025-03-16,University Event,Kandy,2000,250,13,832,9827,1314,32.8,67,1,9.6,Cloudy,Sunday,1,0,7.5,485,58.29
EVT02242,2025-03-17,Conference,Kurunegala,750,1500,25,248,29169,135,28.6,71,9.7,14.6,Rain,Monday,0,0,6.4,144,58.06
EVT01658,2025-03-17,Sports Event,Kegalle,300,2000,22,178,43516,172,32.6,84,23.8,8.6,Rain,Monday,0,0,3.3,211,118.54
EVT01867,2025-03-17,Music Festival,Anuradhapura,100,1500,46,56,46106,55,25.8,78,15.4,11.8,Rain,Monday,0,0,6.6,105,187.5
EVT02403,2025-03-18,School Event,Nuwara Eliya,100,750,40,22,10937,47,23.4,82,21.6,14.8,Rain,Tuesday,0,0,6,105,477.27
EVT00882,2025-03-18,Music Festival,Galle,100,1000,22,55,30769,25,26.7,65,30.8,14.8,Heavy Rain,Tuesday,0,0,7.3,105,190.91
EVT01558,2025-03-19,Workshop,Nuwara Eliya,5000,250,32,4102,55582,1611,22.9,76,18.1,12.7,Rain,Wednesday,0,0,2.1,1823,44.44
EVT00958,2025-03-20,Sports Event,Kandy,3000,3000,4,1642,42041,631,27.1,68,4.7,9.3,Clear,Thursday,0,0,4.5,1478,90.01
EVT01964,2025-03-20,Cultural Festival,Negombo,3000,2000,69,1633,83999,1930,27.8,76,3.9,14,Cloudy,Thursday,0,0,7.9,1896,116.11
EVT01920,2025-03-20,Perahera,Matara,750,500,78,581,33098,486,29.8,66,0.5,13.1,Clear,Thursday,0,0,3.2,715,123.06
EVT02397,2025-03-21,Perahera,Anuradhapura,3000,0,38,1617,5940,1574,23.5,61,9.5,8.6,Rain,Friday,0,0,4.8,1538,95.11
EVT02437,2025-03-22,Sports Event,Kandy,750,0,88,418,74733,118,30.4,80,29.9,15.1,Heavy Rain,Saturday,1,1,6,464,111
EVT00912,2025-03-22,Music Festival,Colombo,1500,250,47,202,66724,871,28,80,0.8,17,Clear,Saturday,1,0,7.1,774,383.17
EVT02115,2025-03-22,Community Event,Galle,500,2000,75,201,3397,244,31.3,94,9,2,Rain,Saturday,1,0,7.1,268,133.33
EVT01134,2025-03-23,School Event,Kurunegala,5000,250,25,3296,25540,2975,23.7,72,8.1,14.4,Rain,Sunday,1,1,3.2,1636,49.64
EVT01048,2025-03-23,Cultural Festival,Anuradhapura,3000,750,64,787,48111,1652,29.3,62,7.9,2,Cloudy,Sunday,1,1,4.9,1136,144.35
EVT00828,2025-03-25,Sports Event,Ratnapura,100,3000,54,56,30768,38,23.8,90,14.5,15.7,Rain,Tuesday,0,0,4.5,105,187.5
EVT01516,2025-03-25,Cultural Festival,Ratnapura,750,0,50,555,23207,445,28.5,92,10.7,14.9,Rain,Tuesday,0,0,5.3,495,89.19
EVT01669,2025-03-25,Community Event,Ratnapura,5000,1500,18,444,29777,3267,25.5,76,3.9,9.8,Cloudy,Tuesday,0,0,3.8,56,12.61
EVT01584,2025-03-25,Conference,Galle,5000,3000,28,3645,16865,2838,27.5,76,4.8,16.4,Clear,Tuesday,0,0,3.5,1980,54.32
EVT00416,2025-03-26,Perahera,Negombo,1000,500,48,425,40577,573,30.3,75,10.2,6.6,Rain,Wednesday,0,0,3.5,697,164
EVT01076,2025-03-26,Exhibition,Kandy,1500,0,79,418,18322,802,22.4,73,7.4,7.6,Clear,Wednesday,0,0,4,757,181.1
EVT02085,2025-03-26,Cultural Festival,Kurunegala,1000,1500,8,614,67735,425,27.6,67,2.5,14.1,Clear,Wednesday,0,0,7.1,820,133.55
EVT02415,2025-03-26,Conference,Galle,1500,2000,71,1275,93677,637,33.2,72,11,9,Rain,Wednesday,0,0,7.7,898,70.43
EVT00751,2025-03-28,Perahera,Colombo,750,1500,39,326,23278,488,26.8,82,13.2,17.9,Rain,Friday,0,0,3.6,570,174.85
EVT00116,2025-03-29,Music Festival,Kegalle,300,1000,5,247,2398,135,26.7,77,17.6,22.3,Rain,Saturday,1,1,7.2,315,127.53
EVT00541,2025-03-29,Sports Event,Matara,1000,1000,4,725,6181,411,31,65,0.2,6.9,Cloudy,Saturday,1,0,2.2,546,75.31
EVT02431,2025-03-29,Music Festival,Nuwara Eliya,2000,250,62,1686,73172,1055,18.2,74,12,17.1,Rain,Saturday,1,0,2.4,1395,82.74
EVT00660,2025-03-30,Exhibition,Anuradhapura,1500,2000,60,1012,62961,833,28.1,65,10,11,Rain,Sunday,1,0,1.6,755,74.6
EVT00364,2025-03-30,Community Event,Kandy,1500,2000,59,568,76122,689,33.7,75,11.5,16.6,Rain,Sunday,1,1,3.8,624,109.86
EVT01813,2025-03-30,Perahera,Galle,500,250,44,334,70814,133,29.5,69,23.3,7.1,Rain,Sunday,1,0,3.3,503,150.6
EVT00329,2025-03-30,Religious Event,Kandy,3000,1000,87,1171,66114,2021,30.9,73,7,7.3,Clear,Sunday,1,0,5.6,1935,165.24
EVT01064,2025-03-31,Sports Event,Negombo,200,1500,14,97,55783,36,27.8,79,4.8,9.3,Clear,Monday,0,0,6.9,210,216.49
EVT00420,2025-04-01,Music Festival,Kegalle,750,500,49,328,54164,479,30.1,68,23.5,5.8,Rain,Tuesday,0,1,5.3,497,151.52
EVT01696,2025-04-01,Religious Event,Matara,750,750,3,330,19959,478,27.4,77,20.7,13.4,Rain,Tuesday,0,0,2,416,126.06
EVT01392,2025-04-02,School Event,Ratnapura,1000,3000,64,73,95850,581,25.2,68,21.2,13.2,Rain,Wednesday,0,0,1.8,156,213.7
EVT02345,2025-04-03,Perahera,Galle,500,1500,76,265,24642,316,30.9,73,9.8,16.6,Rain,Thursday,0,0,5.3,525,198.11
EVT00040,2025-04-03,University Event,Kandy,300,500,3,228,8507,178,29.3,81,14.5,14.4,Rain,Thursday,0,0,5.6,231,101.32
EVT01092,2025-04-03,Exhibition,Ratnapura,2000,3000,23,1121,10176,1093,28.9,79,2.8,6.5,Clear,Thursday,0,0,3,768,68.51
EVT01786,2025-04-03,Exhibition,Colombo,1500,1500,7,681,23584,1104,30.9,71,0.5,15.6,Clear,Thursday,0,0,6,830,121.88
EVT01227,2025-04-03,Music Festival,Galle,750,1500,81,572,95782,370,23,78,16.2,5.2,Rain,Thursday,0,0,4.7,506,88.46
EVT00411,2025-04-03,Community Event,Kandy,5000,750,74,931,16331,2983,21.9,81,3.9,12.9,Cloudy,Thursday,0,0,5.1,511,54.89
EVT00932,2025-04-04,School Event,Kandy,2000,1500,31,1363,56209,1506,25.8,67,5.5,3.1,Clear,Friday,0,0,6.5,1212,88.92
EVT01423,2025-04-04,Community Event,Anuradhapura,1500,750,33,846,28531,768,27.1,95,3.9,13.1,Clear,Friday,0,0,6.6,561,66.31
EVT02162,2025-04-05,University Event,Kurunegala,100,3000,59,40,79478,71,28.9,92,11.3,10.3,Rain,Saturday,1,0,3.1,105,262.5
EVT01237,2025-04-05,Cultural Festival,Negombo,100,500,63,45,64811,71,28.1,66,8.8,11.3,Rain,Saturday,1,0,7.8,105,233.33
EVT02291,2025-04-05,Religious Event,Kurunegala,5000,1500,37,3669,43829,3014,28.2,84,21.5,18.2,Rain,Saturday,1,0,6.7,2753,75.03
EVT01122,2025-04-06,Music Festival,Matara,1500,2000,35,1123,55948,659,24.5,89,3.2,16.4,Clear,Sunday,1,0,5.1,1038,92.43
EVT02391,2025-04-06,Religious Event,Nuwara Eliya,750,750,55,420,22496,350,14.7,84,3.6,17.4,Clear,Sunday,1,0,7.6,532,126.67
EVT00474,2025-04-06,School Event,Negombo,500,1000,83,188,43984,238,29.8,66,0.8,22.6,Clear,Sunday,1,0,6,372,197.87
EVT02310,2025-04-06,University Event,Anuradhapura,750,1500,40,571,84866,525,25.8,61,4.2,7.6,Clear,Sunday,1,0,5.7,512,89.67
EVT01075,2025-04-06,Conference,Ratnapura,100,2000,36,42,4346,85,32.2,70,6.3,12.3,Cloudy,Sunday,1,1,7,105,250
EVT01078,2025-04-07,University Event,Kurunegala,1500,250,66,1147,30181,766,25.6,80,14.9,11.5,Rain,Monday,0,0,3.1,599,52.22
EVT02155,2025-04-07,Perahera,Galle,1500,250,43,744,56579,962,29,82,10.8,16.1,Rain,Monday,0,0,4.9,934,125.54
EVT01142,2025-04-07,Community Event,Ratnapura,1500,0,74,781,37224,818,31.4,65,3.9,2,Clear,Monday,0,0,3.4,241,30.86
EVT01743,2025-04-07,Sports Event,Nuwara Eliya,100,0,72,64,74095,55,17.2,64,35.3,13.5,Heavy Rain,Monday,0,1,3,105,164.06
EVT02309,2025-04-07,School Event,Kegalle,200,250,4,108,42493,100,29.7,89,8.9,16.6,Rain,Monday,0,0,2.9,89,82.41
EVT00649,2025-04-08,Exhibition,Ratnapura,1000,0,64,625,45088,804,28,88,8.8,10.6,Rain,Tuesday,0,0,3.4,403,64.48
EVT02429,2025-04-08,School Event,Galle,100,500,90,77,18915,78,27.9,65,23.4,14.5,Rain,Tuesday,0,0,4,105,136.36
EVT01248,2025-04-08,Music Festival,Galle,300,750,60,105,42461,145,30.4,90,3.7,6.3,Cloudy,Tuesday,0,0,1.6,315,300
EVT01307,2025-04-08,Cultural Festival,Anuradhapura,5000,0,33,1558,69785,2055,26.1,84,12.6,14,Rain,Tuesday,0,0,4.3,1393,89.41
EVT01822,2025-04-08,Music Festival,Anuradhapura,750,1500,73,317,14933,440,23,72,2.7,5.2,Clear,Tuesday,0,0,5.8,729,229.97
EVT00389,2025-04-08,Community Event,Kurunegala,100,2000,64,44,12095,68,24.6,84,27.5,6,Heavy Rain,Tuesday,0,0,5.4,89,202.27
EVT01857,2025-04-09,University Event,Kurunegala,300,1500,10,149,25617,125,26.6,67,4.2,14.4,Clear,Wednesday,0,0,4.9,226,151.68
EVT01891,2025-04-10,Community Event,Matara,5000,250,60,3202,50055,2143,23,72,8,9.8,Rain,Thursday,0,0,5.6,1024,31.98
EVT01211,2025-04-10,Perahera,Anuradhapura,3000,2000,90,2280,79604,2555,30.7,75,19.5,8.9,Rain,Thursday,0,0,4,2043,89.61
EVT00248,2025-04-10,Religious Event,Galle,2000,500,44,1355,47011,516,29.1,81,34.7,15.4,Heavy Rain,Thursday,0,0,2.4,1029,75.94
EVT02497,2025-04-12,Community Event,Negombo,5000,3000,73,1498,77937,2490,26.2,77,44.1,9.5,Heavy Rain,Saturday,1,0,5.9,725,48.4
EVT01635,2025-04-12,Exhibition,Kegalle,100,1500,80,52,43819,89,25,66,0.1,8.1,Cloudy,Saturday,1,0,7,105,201.92
EVT01680,2025-04-13,Exhibition,Kandy,1500,0,26,285,799,1112,25.6,64,13.5,8.1,Rain,Sunday,1,0,7.8,376,131.93
EVT01788,2025-04-13,Music Festival,Colombo,300,2000,21,205,11822,195,25,67,9.3,12.1,Rain,Sunday,1,0,3.5,315,153.66
EVT01902,2025-04-14,Conference,Anuradhapura,3000,750,44,1767,31007,961,27.6,95,6.6,2.3,Cloudy,Monday,0,0,6.1,554,31.35
EVT00346,2025-04-14,School Event,Galle,500,1000,44,179,7873,223,27.7,64,9.2,18,Rain,Monday,0,0,2.5,169,94.41
EVT00348,2025-04-15,Exhibition,Kegalle,1500,1500,36,452,2605,105,28,70,6,12.6,Clear,Tuesday,0,0,3.6,257,56.86
EVT00190,2025-04-15,Community Event,Kurunegala,750,2000,43,573,73018,460,25,78,6.3,21.1,Clear,Tuesday,0,0,1.6,435,75.92
EVT02182,2025-04-16,Community Event,Colombo,1000,2000,8,585,53156,364,29.5,78,0.7,13.4,Clear,Wednesday,0,0,1.6,295,50.43
EVT00105,2025-04-17,School Event,Kurunegala,1500,500,29,1037,68195,900,31.6,60,2.7,15.6,Clear,Thursday,0,0,4.4,610,58.82
EVT02136,2025-04-18,Music Festival,Kurunegala,500,500,44,376,16139,293,31.5,80,9.6,12.3,Rain,Friday,0,0,6,483,128.46
EVT00534,2025-04-18,School Event,Ratnapura,300,2000,67,152,56741,240,31.3,94,9.7,13.7,Rain,Friday,0,0,3.7,240,157.89
EVT00691,2025-04-18,Cultural Festival,Galle,1000,0,23,729,79386,484,28.6,78,1.1,13.8,Clear,Friday,0,0,2.3,927,127.16
EVT01497,2025-04-19,Religious Event,Nuwara Eliya,750,3000,27,474,68178,522,23.1,83,10.8,8.2,Rain,Saturday,1,0,5.4,465,98.1
EVT01612,2025-04-20,Religious Event,Kurunegala,300,250,31,218,32453,134,30.7,56,4.1,9.3,Cloudy,Sunday,1,0,6.4,315,144.5
EVT00266,2025-04-21,Workshop,Kurunegala,100,500,3,31,74719,40,21.1,71,7.4,10.3,Clear,Monday,0,0,5.4,105,338.71
EVT01620,2025-04-22,Exhibition,Kegalle,100,3000,32,30,53040,69,27.3,78,21.5,6.8,Rain,Tuesday,0,0,2.7,105,350
EVT02079,2025-04-23,University Event,Kurunegala,750,250,48,553,67111,496,31.5,77,14.7,11.2,Rain,Wednesday,0,0,3.8,366,66.18
EVT01467,2025-04-23,Community Event,Kegalle,5000,3000,7,913,27992,2365,26.1,78,0.1,14.1,Clear,Wednesday,0,0,6.4,188,20.59
EVT00304,2025-04-23,Religious Event,Nuwara Eliya,2000,1000,70,1135,99968,1602,17.4,71,7.9,11.9,Cloudy,Wednesday,0,0,6.5,1206,106.26
EVT01040,2025-04-24,Sports Event,Matara,500,250,27,161,32035,344,23.4,79,5.2,10.3,Clear,Thursday,0,0,6.5,390,242.24
EVT01403,2025-04-24,Perahera,Kandy,500,0,84,257,80891,149,30.6,80,6.2,12.9,Clear,Thursday,0,0,3.3,525,204.28
EVT02410,2025-04-24,Religious Event,Kandy,200,750,67,70,77202,135,26.6,73,15.8,19.6,Rain,Thursday,0,0,5.2,210,300
EVT02068,2025-04-24,Music Festival,Kurunegala,2000,750,57,1109,12690,876,25.6,68,6.7,14.5,Clear,Thursday,0,0,7.5,1219,109.92
EVT02089,2025-04-24,Sports Event,Kandy,5000,500,30,3503,2257,2723,22.3,71,7,5,Clear,Thursday,0,0,5.8,3092,88.27
EVT01194,2025-04-24,Music Festival,Galle,750,500,30,159,29192,381,32.8,81,13.7,4.3,Rain,Thursday,0,0,6,308,193.71
EVT02193,2025-04-25,Workshop,Galle,750,1500,55,519,36293,544,34.2,86,4,12.8,Clear,Friday,0,0,2.7,410,79
EVT00885,2025-04-25,Music Festival,Kandy,1500,0,33,793,88262,730,26.3,73,15.9,9,Rain,Friday,0,1,7.4,1031,130.01
EVT00694,2025-04-25,Exhibition,Matara,2000,3000,73,586,43426,1451,22.8,72,5.3,8.5,Clear,Friday,0,0,3,717,122.35
EVT00288,2025-04-26,Music Festival,Kegalle,5000,1000,60,2090,82964,2949,29.4,62,3.7,3.9,Cloudy,Saturday,1,0,7.5,2055,98.33
EVT01942,2025-04-28,Cultural Festival,Anuradhapura,1000,250,26,517,54928,456,32.4,74,1,11,Clear,Monday,0,0,4.5,673,130.17
EVT01235,2025-04-28,Conference,Negombo,300,2000,8,169,8984,115,30.1,66,10.7,9.4,Rain,Monday,0,0,7.1,169,100
EVT01055,2025-04-28,Workshop,Colombo,1000,750,34,754,97513,513,26.8,68,1.8,11.2,Clear,Monday,0,0,2.4,445,59.02
EVT00730,2025-04-29,Cultural Festival,Kandy,100,750,89,51,51931,58,32.7,65,11.6,5.6,Rain,Tuesday,0,0,7.5,105,205.88
EVT00183,2025-04-29,Sports Event,Kegalle,3000,2000,8,1895,94083,1942,31.6,82,12.3,6.8,Rain,Tuesday,0,0,6.2,1349,71.19
EVT00302,2025-04-30,School Event,Galle,200,750,17,57,8357,48,26.1,76,13.7,11.9,Rain,Wednesday,0,0,3.2,106,185.96
EVT01617,2025-04-30,Community Event,Galle,100,3000,23,68,66955,66,31,74,10.8,5.3,Rain,Wednesday,0,0,5.3,105,154.41
EVT01192,2025-05-01,University Event,Kurunegala,100,1000,16,38,14049,13,30.2,72,5.5,13.5,Clear,Thursday,0,1,2.4,105,276.32
EVT01880,2025-05-01,School Event,Kurunegala,200,250,5,134,20252,65,29.8,73,16.8,10.9,Rain,Thursday,0,0,4.9,127,94.78
EVT00905,2025-05-03,Exhibition,Kurunegala,750,3000,72,307,19148,329,28.1,71,12.3,7.1,Rain,Saturday,1,0,5.1,391,127.36
EVT01720,2025-05-03,Exhibition,Matara,100,250,28,27,8918,31,26.2,67,17.2,10.7,Rain,Saturday,1,1,3.3,105,388.89
EVT00744,2025-05-03,Religious Event,Colombo,1500,2000,82,953,71449,1068,31.1,76,30,18.7,Heavy Rain,Saturday,1,0,7.6,635,66.63
EVT02088,2025-05-04,School Event,Matara,3000,250,86,517,12020,1676,30.6,83,7.7,22.7,Clear,Sunday,1,0,5.2,508,98.26
EVT00449,2025-05-04,University Event,Nuwara Eliya,750,1500,5,253,98815,538,19.8,68,11.9,9.8,Rain,Sunday,1,0,4.6,225,88.93
EVT00421,2025-05-04,University Event,Matara,1000,0,70,695,95885,571,30.9,75,1.1,13,Clear,Sunday,1,0,5.2,501,72.09
EVT02460,2025-05-04,Exhibition,Nuwara Eliya,1000,0,16,455,46774,579,19.4,70,2.9,14.5,Clear,Sunday,1,0,2.3,448,98.46
EVT00708,2025-05-05,Workshop,Negombo,1000,1000,45,547,51349,495,28.4,66,8.1,10,Rain,Monday,0,0,6.5,208,38.03
EVT02257,2025-05-05,Cultural Festival,Ratnapura,2000,500,5,1512,36337,288,28.9,72,19.4,23.4,Rain,Monday,0,0,5.2,815,53.9
EVT01941,2025-05-05,Religious Event,Galle,1000,2000,69,276,10586,591,25.6,81,4.7,15.1,Clear,Monday,0,0,8,716,259.42
EVT00502,2025-05-06,Cultural Festival,Anuradhapura,1500,3000,30,477,72380,1173,31.5,72,9.6,14.8,Rain,Tuesday,0,0,5.3,662,138.78
EVT00470,2025-05-06,Workshop,Colombo,500,500,46,205,17610,244,29.8,80,4.5,23.3,Clear,Tuesday,0,0,6.6,229,111.71
EVT01957,2025-05-06,Perahera,Ratnapura,100,2000,26,54,59693,55,28.4,68,2.3,7.7,Clear,Tuesday,0,0,1.6,105,194.44
EVT00580,2025-05-06,Cultural Festival,Kandy,5000,500,43,3073,75227,0,31.1,69,4,9.6,Clear,Tuesday,0,0,2.5,2570,83.63
EVT01062,2025-05-06,Workshop,Kegalle,750,3000,74,172,10070,241,31.5,65,5,13.4,Clear,Tuesday,0,0,7.7,297,172.67
EVT00059,2025-05-07,School Event,Kandy,1500,500,44,1426,29930,706,25,98,4.8,8,Cloudy,Wednesday,0,0,6.3,911,63.88
EVT02339,2025-05-07,Perahera,Colombo,500,750,64,356,38760,232,30.1,76,5.4,19.6,Cloudy,Wednesday,0,0,5.7,525,147.47
EVT01358,2025-05-07,Perahera,Colombo,500,750,50,243,12561,329,30.1,64,15.6,16.6,Rain,Wednesday,0,0,5.2,525,216.05
EVT00444,2025-05-08,School Event,Kegalle,300,1000,4,181,5261,132,28.3,75,20.5,10.6,Rain,Thursday,0,1,7.2,191,105.52
EVT00559,2025-05-08,University Event,Anuradhapura,100,500,46,37,46020,73,27.5,80,6.7,12,Cloudy,Thursday,0,1,3.2,105,283.78
EVT00558,2025-05-08,Exhibition,Nuwara Eliya,300,1500,19,168,53776,189,18.1,59,6.2,8.3,Clear,Thursday,0,0,7.6,262,155.95
EVT01648,2025-05-08,Perahera,Matara,500,250,65,281,30671,160,24.8,78,3.9,11.6,Clear,Thursday,0,0,5.9,525,186.83
EVT00264,2025-05-08,Perahera,Negombo,200,500,31,81,63394,58,26.7,69,21.4,8.1,Rain,Thursday,0,1,2.7,210,259.26
EVT01253,2025-05-09,Religious Event,Negombo,3000,500,45,2349,6985,1565,28.7,78,39.4,8.6,Heavy Rain,Friday,0,0,4.3,1276,54.32
EVT01779,2025-05-09,Music Festival,Nuwara Eliya,2000,2000,64,1154,89155,528,15.3,86,8.5,13.2,Rain,Friday,0,0,2,705,61.09
EVT02010,2025-05-09,School Event,Kurunegala,100,1500,88,81,5001,67,24.2,65,18.4,12.8,Rain,Friday,0,0,2.9,105,129.63
EVT02363,2025-05-11,Music Festival,Anuradhapura,300,2000,30,100,24022,38,28.8,87,11.4,7,Rain,Sunday,1,0,7.4,287,287
EVT00056,2025-05-12,Conference,Galle,1000,250,14,272,1841,509,31.2,81,18.6,18.8,Rain,Monday,0,0,5.7,204,75
EVT01419,2025-05-13,Workshop,Kegalle,1000,0,80,441,63545,668,31.7,63,15.7,11,Rain,Tuesday,0,0,8,251,56.92
EVT00588,2025-05-13,Music Festival,Nuwara Eliya,1500,1000,62,650,7870,524,17.1,86,29.4,9.4,Heavy Rain,Tuesday,0,0,4.5,244,37.54
EVT00847,2025-05-13,Cultural Festival,Galle,200,0,40,84,64538,113,28.6,73,3.2,18,Clear,Tuesday,0,1,2.3,210,250
EVT01041,2025-05-13,Exhibition,Anuradhapura,1500,1000,47,647,37665,1220,26.3,79,0.3,9.6,Clear,Tuesday,0,0,4.9,471,72.8
EVT01793,2025-05-13,Conference,Kegalle,500,750,42,153,62307,424,31.4,91,7.8,13.8,Clear,Tuesday,0,0,3,249,162.75
EVT01858,2025-05-13,Perahera,Nuwara Eliya,1500,250,72,762,99881,445,21.6,66,8.9,3,Rain,Tuesday,0,0,3.8,833,109.32
EVT00797,2025-05-14,Sports Event,Kegalle,100,0,47,44,49237,46,28.5,78,14.2,15.5,Rain,Wednesday,0,0,1.5,105,238.64
EVT01570,2025-05-14,Music Festival,Negombo,200,1000,73,154,14907,151,26.8,84,15.8,9.5,Rain,Wednesday,0,0,1.7,210,136.36
EVT02315,2025-05-15,School Event,Kurunegala,100,750,64,37,21602,70,23,76,4.6,2.7,Cloudy,Thursday,0,0,1.5,105,283.78
EVT01769,2025-05-15,Music Festival,Kegalle,500,3000,65,355,38004,197,29.8,79,8.9,19,Rain,Thursday,0,0,8,458,129.01
EVT01535,2025-05-15,Conference,Nuwara Eliya,200,0,6,70,7245,81,17.2,83,15.2,6.1,Rain,Thursday,0,0,7.6,81,115.71
EVT01299,2025-05-15,Perahera,Matara,1000,250,61,716,16651,695,28.2,74,12.3,8.2,Rain,Thursday,0,0,6.9,852,118.99
EVT01998,2025-05-16,University Event,Kurunegala,1000,0,6,736,72032,415,30.1,75,37.2,11.4,Heavy Rain,Friday,0,0,5.4,196,26.63
EVT01740,2025-05-16,University Event,Kandy,2000,2000,51,1083,51686,1243,25.9,71,26.1,10.4,Heavy Rain,Friday,0,0,4.7,567,52.35
EVT01529,2025-05-16,Workshop,Matara,200,750,43,129,38556,145,24.5,77,33.4,5,Heavy Rain,Friday,0,1,3,110,85.27
EVT00903,2025-05-16,Workshop,Nuwara Eliya,500,1000,5,153,13693,379,23.4,69,10,21.1,Rain,Friday,0,1,5.6,164,107.19
EVT02053,2025-05-17,University Event,Kandy,100,2000,6,31,32494,56,26.3,66,27.4,15.4,Heavy Rain,Saturday,1,1,5.7,105,338.71
EVT00742,2025-05-17,Workshop,Kandy,2000,2000,11,1530,36279,658,29.3,75,5.7,7.2,Clear,Saturday,1,0,3.6,1135,74.18
EVT02007,2025-05-17,Cultural Festival,Anuradhapura,2000,500,59,874,70809,926,29.9,92,0.7,13.6,Cloudy,Saturday,1,0,3.8,1079,123.46
EVT00473,2025-05-17,Community Event,Kurunegala,750,2000,29,501,87817,571,31.3,87,10.6,11.6,Rain,Saturday,1,0,6.5,320,63.87
EVT01186,2025-05-18,Conference,Nuwara Eliya,1500,1000,63,545,99472,623,17,76,3.2,6.5,Clear,Sunday,1,0,3.7,568,104.22
EVT01803,2025-05-18,Music Festival,Galle,300,0,47,139,40271,214,29.2,70,1.8,5.9,Clear,Sunday,1,0,4.2,315,226.62
EVT01104,2025-05-18,Sports Event,Kegalle,300,2000,8,164,14575,161,32,63,1.3,12.9,Clear,Sunday,1,0,7.6,312,190.24
EVT02364,2025-05-18,Religious Event,Galle,1000,2000,14,300,10923,546,28.9,79,13.4,11,Rain,Sunday,1,0,1.6,540,180
EVT00130,2025-05-19,Workshop,Kurunegala,1000,500,20,348,36768,380,25.3,72,28,13.4,Heavy Rain,Monday,0,0,4.3,156,44.83
EVT00376,2025-05-19,School Event,Ratnapura,2000,750,39,1010,77900,695,27.5,82,16.3,14.2,Rain,Monday,0,0,4.3,576,57.03
EVT02487,2025-05-19,Sports Event,Anuradhapura,3000,2000,42,1435,48374,1704,29.6,80,5.5,6.7,Cloudy,Monday,0,0,4.6,1684,117.35
EVT02300,2025-05-19,Music Festival,Anuradhapura,5000,1000,33,3078,35320,2495,26.7,66,7.2,14.7,Clear,Monday,0,0,3.2,3347,108.74
EVT01224,2025-05-20,Workshop,Kegalle,300,1500,64,208,71513,95,26.5,74,24.6,25.1,Rain,Tuesday,0,0,7.7,131,62.98
EVT01231,2025-05-20,Community Event,Kegalle,5000,3000,42,2185,35660,2454,24.7,65,26.9,14.5,Heavy Rain,Tuesday,0,0,6.2,855,39.13
EVT00321,2025-05-20,School Event,Matara,100,1000,47,31,59525,96,29,72,27.3,16.2,Heavy Rain,Tuesday,0,0,1.7,105,338.71
EVT00628,2025-05-21,University Event,Ratnapura,750,1500,10,392,37855,249,26,61,13.5,16.3,Rain,Wednesday,0,0,6.4,274,69.9
EVT01727,2025-05-21,Community Event,Kandy,200,0,21,121,41500,117,27.5,75,10.7,2,Rain,Wednesday,0,0,7.9,161,133.06
EVT00182,2025-05-21,Cultural Festival,Matara,200,1500,51,69,45035,118,26.2,75,13.9,19.3,Rain,Wednesday,0,0,6.7,210,304.35
EVT01515,2025-05-22,Cultural Festival,Colombo,5000,1000,9,2937,41202,2194,24.8,63,2.7,11.2,Cloudy,Thursday,0,0,4.3,2775,94.48
EVT00300,2025-05-22,Workshop,Nuwara Eliya,3000,1500,74,2473,36807,1492,21.8,71,6.7,10.2,Cloudy,Thursday,0,0,2.2,806,32.59
EVT01161,2025-05-22,Religious Event,Negombo,3000,250,16,1266,17990,1613,28.1,85,17.6,21.6,Rain,Thursday,0,0,1.6,1294,102.21
EVT02446,2025-05-23,University Event,Anuradhapura,300,1000,13,63,49685,200,34.3,67,12.8,13,Rain,Friday,0,0,6.4,193,306.35
EVT00732,2025-05-23,Music Festival,Kandy,5000,500,74,3146,54095,2270,27.1,81,5.8,17.4,Clear,Friday,0,0,3.3,3762,119.58
EVT01163,2025-05-23,Exhibition,Nuwara Eliya,1500,3000,80,813,82486,1344,19.6,61,3.2,12.1,Clear,Friday,0,0,3.7,795,97.79
EVT01412,2025-05-23,Community Event,Kurunegala,1500,2000,34,1025,4269,882,29.4,83,17.9,17.5,Rain,Friday,0,0,3.1,532,51.9
EVT00088,2025-05-23,University Event,Nuwara Eliya,200,3000,37,76,94518,42,15.1,85,5.5,15.4,Clear,Friday,0,0,5.7,189,248.68
EVT01724,2025-05-24,School Event,Galle,5000,250,19,3365,28929,1746,28.2,81,21.4,17.7,Rain,Saturday,1,0,2.1,1281,38.07
EVT01667,2025-05-25,Exhibition,Galle,3000,750,68,1363,24284,580,27.1,58,13.4,17.3,Rain,Sunday,1,0,6.4,677,49.67
EVT00010,2025-05-25,Sports Event,Negombo,1500,750,35,501,89114,613,27.2,83,2.2,18.8,Cloudy,Sunday,1,1,7.3,1049,209.38
EVT01744,2025-05-26,Religious Event,Ratnapura,200,2000,49,120,27149,177,30.4,65,4.3,8.1,Cloudy,Monday,0,0,3.5,210,175
EVT02278,2025-05-26,Exhibition,Anuradhapura,2000,250,20,772,74438,703,30.9,74,16,11.6,Rain,Monday,0,0,6.8,742,96.11
EVT00706,2025-05-27,Conference,Nuwara Eliya,750,1500,85,531,70354,454,18.8,82,14.8,20.5,Rain,Tuesday,0,0,2.5,294,55.37
EVT01562,2025-05-27,School Event,Galle,2000,250,77,1346,40166,430,25.2,74,12.2,9.3,Rain,Tuesday,0,0,4.7,538,39.97
EVT00625,2025-05-27,Workshop,Kandy,750,2000,72,387,51013,368,27.1,76,5.6,15.3,Clear,Tuesday,0,0,4.4,362,93.54
EVT02151,2025-05-28,Perahera,Ratnapura,100,3000,59,40,26320,39,29.7,95,10.9,6,Rain,Wednesday,0,0,4.4,105,262.5
EVT00067,2025-05-30,Perahera,Galle,3000,2000,17,1501,76432,2100,26.8,67,17.2,2.8,Rain,Friday,0,0,6.2,1444,96.2
EVT01281,2025-05-30,Conference,Kegalle,1500,1000,25,773,3871,904,27.4,54,12.3,14.4,Rain,Friday,0,0,2.4,228,29.5
EVT01490,2025-05-31,University Event,Anuradhapura,300,3000,33,124,7870,231,26.2,81,24.4,14.3,Rain,Saturday,1,0,6,210,169.35
EVT01165,2025-05-31,Sports Event,Kegalle,750,1500,5,510,70648,182,31.2,74,11.7,8.8,Rain,Saturday,1,0,2.4,381,74.71
EVT02098,2025-06-01,Religious Event,Nuwara Eliya,2000,750,66,1288,66702,1384,21.3,61,5.6,6.6,Cloudy,Sunday,1,0,7.1,1294,100.47
EVT02218,2025-06-01,Exhibition,Kurunegala,2000,250,80,772,38480,874,26.1,82,6.1,16.6,Clear,Sunday,1,0,1.9,926,119.95
EVT01601,2025-06-01,School Event,Nuwara Eliya,5000,0,81,4024,23593,3214,22.4,83,8.8,15.6,Rain,Sunday,1,0,3.7,1048,26.04
EVT01911,2025-06-02,Conference,Kegalle,500,750,34,290,68846,180,29.7,71,10.4,7.6,Rain,Monday,0,0,7.2,241,83.1
EVT01932,2025-06-02,Community Event,Negombo,300,1000,55,151,27900,118,29.6,98,1.8,5.5,Cloudy,Monday,0,0,3,224,148.34
EVT00764,2025-06-02,Perahera,Anuradhapura,500,1500,44,155,37180,298,27.4,70,9.8,14.2,Rain,Monday,0,0,4.4,436,281.29
EVT01985,2025-06-03,University Event,Negombo,750,500,39,440,48530,286,26.8,62,19.3,25.7,Rain,Tuesday,0,0,8,245,55.68
EVT02340,2025-06-03,Perahera,Matara,300,0,42,176,98532,64,24.6,70,6.9,10.6,Clear,Tuesday,0,0,3.5,315,178.98
EVT01417,2025-06-04,Perahera,Matara,3000,500,61,1758,94390,790,31.6,76,3.6,17.4,Clear,Wednesday,0,0,5.6,2197,124.97
EVT01233,2025-06-05,Perahera,Matara,200,250,87,169,80898,86,30.4,70,14.8,13.4,Rain,Thursday,0,0,1.9,210,124.26
EVT01282,2025-06-05,Religious Event,Negombo,300,500,11,102,39904,175,25.7,71,14.2,7.9,Rain,Thursday,0,0,7.5,247,242.16
EVT01089,2025-06-06,School Event,Galle,1500,1000,6,707,46102,1032,27.7,80,19,13.3,Rain,Friday,0,0,3.2,436,61.67
EVT00117,2025-06-07,Community Event,Kegalle,100,2000,23,65,55926,41,32.5,77,4,15,Clear,Saturday,1,0,6.1,105,161.54
EVT01592,2025-06-07,Religious Event,Nuwara Eliya,2000,750,44,709,11116,987,14.3,93,16.3,2,Rain,Saturday,1,0,2.9,968,136.53
EVT02176,2025-06-08,Cultural Festival,Nuwara Eliya,3000,1000,45,2310,68127,2130,18.7,94,4.3,2.6,Cloudy,Sunday,1,0,3.4,1889,81.77
EVT01391,2025-06-08,Exhibition,Negombo,750,1000,49,310,45343,430,23.1,90,5.9,3.5,Clear,Sunday,1,0,7.1,486,156.77
EVT01728,2025-06-08,Cultural Festival,Nuwara Eliya,200,500,90,144,82588,79,21.6,72,9.9,9.3,Rain,Sunday,1,0,7.8,210,145.83
EVT00831,2025-06-08,Religious Event,Colombo,300,1500,18,143,16821,107,27.4,81,3.5,14.1,Cloudy,Sunday,1,1,3.2,315,220.28
EVT02078,2025-06-08,Exhibition,Kurunegala,5000,2000,53,1501,91130,4824,25.3,63,10,14.2,Rain,Sunday,1,0,4.3,941,62.69
EVT01242,2025-06-08,Workshop,Kurunegala,5000,3000,22,2249,56174,1506,24,95,5.5,3.4,Clear,Sunday,1,1,7.5,812,36.1
EVT00979,2025-06-09,Religious Event,Galle,500,750,50,382,9995,300,28.1,76,8.5,7.1,Rain,Monday,0,1,1.9,525,137.43
EVT00618,2025-06-10,Cultural Festival,Kandy,500,500,11,341,50638,303,20.7,64,0.5,10.2,Clear,Tuesday,0,0,6.3,525,153.96
EVT00610,2025-06-11,Music Festival,Kandy,500,0,37,319,26544,336,23.9,92,21.9,13.4,Rain,Wednesday,0,1,3.1,525,164.58
EVT01051,2025-06-12,Religious Event,Galle,2000,1500,57,715,26688,1195,32.4,62,20.3,9.6,Rain,Thursday,0,0,6.3,812,113.57
EVT01023,2025-06-12,University Event,Nuwara Eliya,750,1500,77,392,87115,349,24.7,85,8.7,6.4,Rain,Thursday,0,0,2.9,308,78.57
EVT00521,2025-06-12,Exhibition,Negombo,750,1500,13,414,29406,524,26.7,86,25.9,16.3,Heavy Rain,Thursday,0,0,5.5,168,40.58
EVT01854,2025-06-13,Religious Event,Kandy,100,3000,82,29,27661,45,28.6,81,5,6.9,Clear,Friday,0,0,3.9,105,362.07
EVT01240,2025-06-13,Perahera,Kurunegala,2000,1500,40,1227,51257,1183,26.1,82,5,22.5,Clear,Friday,0,0,7.8,1383,112.71
EVT00550,2025-06-13,School Event,Nuwara Eliya,100,3000,4,45,11357,62,18.8,66,6.9,9.8,Clear,Friday,0,0,6.6,105,233.33
EVT00219,2025-06-13,Sports Event,Kurunegala,5000,3000,8,2892,70622,2669,27.9,57,0.9,13.7,Cloudy,Friday,0,0,3.9,1931,66.77
EVT00636,2025-06-13,University Event,Anuradhapura,500,2000,39,213,90865,361,26.3,68,11.8,21,Rain,Friday,0,0,3.2,340,159.62
EVT00225,2025-06-14,School Event,Ratnapura,200,500,77,163,15716,67,25.5,71,9.1,10.1,Rain,Saturday,1,0,5.8,174,106.75
EVT00750,2025-06-14,University Event,Matara,100,250,41,42,57871,43,26.8,52,3.8,5.7,Clear,Saturday,1,0,7,105,250
EVT00273,2025-06-14,School Event,Negombo,5000,0,28,1987,12879,3747,29,56,14.2,17.6,Rain,Saturday,1,0,6.9,743,37.39
EVT02217,2025-06-15,Exhibition,Colombo,1000,500,34,580,56661,617,30.1,69,3,22.2,Clear,Sunday,1,0,3.7,765,131.9
EVT02197,2025-06-16,Conference,Kandy,1000,750,7,558,91992,431,30,69,4.7,21.1,Clear,Monday,0,0,7,542,97.13
EVT01975,2025-06-16,Music Festival,Kurunegala,100,3000,10,70,2096,51,27.7,53,20.5,15.5,Rain,Monday,0,0,5.8,105,150
EVT01534,2025-06-16,School Event,Kurunegala,3000,0,56,1230,27915,2255,31.1,60,1.7,16.2,Clear,Monday,0,0,3.4,1171,95.2
EVT00915,2025-06-17,Cultural Festival,Ratnapura,300,3000,79,125,83627,105,28.7,66,3,12.5,Clear,Tuesday,0,0,6.5,315,252
EVT02342,2025-06-17,Conference,Anuradhapura,1000,250,72,637,17711,280,25.8,72,15,16.5,Rain,Tuesday,0,0,5.3,448,70.33
EVT00530,2025-06-17,Conference,Ratnapura,100,2000,62,73,16248,44,27.2,71,4.9,12.1,Cloudy,Tuesday,0,0,2.7,105,143.84
EVT01125,2025-06-18,Community Event,Kurunegala,500,250,9,184,47205,358,31.6,71,12.5,16.9,Rain,Wednesday,0,0,4.3,185,100.54
EVT01058,2025-06-18,Workshop,Kurunegala,500,3000,13,312,87200,300,28.3,73,33.1,9.9,Heavy Rain,Wednesday,0,0,2.4,160,51.28
EVT00664,2025-06-19,Community Event,Matara,750,1000,46,371,47494,517,29.8,48,3.8,12.8,Cloudy,Thursday,0,0,7.4,356,95.96
EVT01982,2025-06-20,Perahera,Kegalle,5000,3000,75,1992,80724,2140,32.5,86,13.7,19.3,Rain,Friday,0,0,5,1916,96.18
EVT02395,2025-06-20,Workshop,Anuradhapura,1500,3000,11,625,67150,936,30.3,71,2.8,19.6,Cloudy,Friday,0,0,5.2,378,60.48
EVT00578,2025-06-20,Sports Event,Kurunegala,1000,1500,28,823,7065,707,28.8,86,6,20,Clear,Friday,0,0,4.8,907,110.21
EVT01099,2025-06-20,University Event,Anuradhapura,1500,1000,50,900,50986,1513,27.1,68,5.6,12.3,Clear,Friday,0,1,2.2,834,92.67
EVT00783,2025-06-21,Music Festival,Anuradhapura,750,1000,63,418,71833,170,30.5,87,6.8,14.2,Clear,Saturday,1,0,4.2,657,157.18
EVT00057,2025-06-21,School Event,Kegalle,100,2000,28,54,94957,41,27.1,66,15.7,18.8,Rain,Saturday,1,0,1.9,105,194.44
EVT00327,2025-06-21,Religious Event,Kurunegala,5000,750,71,3598,76948,3303,26.4,75,7.1,12.7,Clear,Saturday,1,0,4.4,3393,94.3
EVT00702,2025-06-22,Sports Event,Kandy,1000,1000,89,561,90407,696,27.3,80,15.5,22,Rain,Sunday,1,0,4.8,749,133.51
EVT01869,2025-06-23,Exhibition,Kandy,750,750,15,372,65370,595,28.4,69,9,8.3,Rain,Monday,0,0,3.8,397,106.72
EVT00491,2025-06-24,Sports Event,Ratnapura,1500,1000,37,455,79620,613,33.8,76,1.8,6.4,Clear,Tuesday,0,0,2.5,572,125.71
EVT01439,2025-06-24,Sports Event,Galle,3000,750,50,2299,45282,2593,25.2,66,11.2,2,Rain,Tuesday,0,0,6.9,1671,72.68
EVT01119,2025-06-24,Exhibition,Matara,1500,750,14,909,36087,872,26.3,76,6.5,11.6,Clear,Tuesday,0,0,7.2,990,108.91
EVT00803,2025-06-27,Exhibition,Kegalle,500,0,37,166,70426,278,26.3,73,10.7,19.3,Rain,Friday,0,1,5.5,273,164.46
EVT01613,2025-06-28,Conference,Matara,5000,750,89,2757,78940,2546,32.3,63,15.4,10,Rain,Saturday,1,0,5.4,1613,58.51
EVT01454,2025-06-29,Perahera,Anuradhapura,2000,0,49,1369,15916,1243,31.7,71,11.6,9.3,Rain,Sunday,1,0,4.9,1457,106.43
EVT02275,2025-06-29,Religious Event,Ratnapura,1000,1000,24,189,77498,623,25,64,5.2,7.5,Clear,Sunday,1,0,5.8,680,359.79
EVT00500,2025-06-29,Cultural Festival,Nuwara Eliya,300,1500,24,227,63136,184,21.1,58,15,12.1,Rain,Sunday,1,0,3.6,315,138.77
EVT01804,2025-06-29,Conference,Negombo,300,1000,73,69,35440,203,29.1,67,7.9,8.1,Clear,Sunday,1,0,4.9,263,381.16
EVT00175,2025-06-30,Exhibition,Anuradhapura,3000,1500,7,994,76740,1374,22.8,72,9,2,Rain,Monday,0,0,4,470,47.28
EVT00028,2025-06-30,Workshop,Kandy,300,3000,71,192,24293,157,24.9,76,27.4,9.8,Heavy Rain,Monday,0,0,3.9,129,67.19
EVT01541,2025-06-30,Exhibition,Colombo,750,1000,5,304,59585,534,26,74,4.5,9.6,Clear,Monday,0,0,6.7,463,152.3
EVT01265,2025-06-30,Exhibition,Negombo,750,2000,65,441,15492,428,31.4,82,7.6,12.1,Clear,Monday,0,0,4.4,531,120.41
EVT00552,2025-07-02,Religious Event,Kegalle,2000,500,60,1335,30105,1262,24.7,89,3.9,20.2,Clear,Wednesday,0,0,1.9,1136,85.09
EVT01641,2025-07-03,Religious Event,Nuwara Eliya,500,1500,78,194,94928,445,18.5,79,3.9,8.7,Cloudy,Thursday,0,0,7.1,525,270.62
EVT00591,2025-07-03,Sports Event,Kegalle,1000,750,53,538,89600,956,29.1,93,4,13.1,Cloudy,Thursday,0,0,5.8,650,120.82
EVT00146,2025-07-06,Sports Event,Kandy,300,750,73,211,2757,48,31.3,66,27.7,16.2,Heavy Rain,Sunday,1,0,6.4,306,145.02
EVT01145,2025-07-06,Cultural Festival,Kandy,1000,1500,43,506,9323,456,29.5,63,4.6,10.4,Clear,Sunday,1,0,4.8,932,184.19
EVT00467,2025-07-06,Conference,Anuradhapura,3000,0,66,2539,66383,2137,31.6,72,3.6,13.3,Clear,Sunday,1,0,6.3,1234,48.6
EVT01987,2025-07-06,School Event,Ratnapura,2000,500,61,1127,44827,1111,27.6,71,3.3,5.2,Clear,Sunday,1,1,1.5,646,57.32
EVT01878,2025-07-06,Music Festival,Kegalle,1500,3000,85,699,36518,801,28.8,76,15.5,14.5,Rain,Sunday,1,0,5.9,870,124.46
EVT02167,2025-07-07,University Event,Kurunegala,500,750,23,353,26747,233,26.4,58,2.5,11.4,Cloudy,Monday,0,0,6.1,305,86.4
EVT01596,2025-07-07,Religious Event,Galle,1500,0,79,200,16966,755,26.3,60,7.8,16.4,Cloudy,Monday,0,0,3.5,405,202.5
EVT01167,2025-07-07,Workshop,Ratnapura,300,1000,44,156,1706,157,29,69,11,18.4,Rain,Monday,0,0,6,113,72.44
EVT00468,2025-07-07,Community Event,Ratnapura,300,2000,74,173,20544,191,25.5,70,16.2,8,Rain,Monday,0,0,2.1,182,105.2
EVT00374,2025-07-07,School Event,Matara,300,0,58,213,33373,197,23.7,68,27.3,18.6,Heavy Rain,Monday,0,0,5,144,67.61
EVT01132,2025-07-08,Music Festival,Colombo,750,1000,5,313,74106,225,28.7,79,4.4,6,Cloudy,Tuesday,0,1,7.6,687,219.49
EVT01652,2025-07-08,Sports Event,Anuradhapura,5000,250,13,3451,11882,3533,30,53,4.1,10.1,Cloudy,Tuesday,0,1,3.1,3004,87.05
EVT01780,2025-07-09,Workshop,Ratnapura,1500,2000,46,1026,69669,542,30.4,66,5.6,15.3,Cloudy,Wednesday,0,0,6.6,508,49.51
EVT00385,2025-07-10,Perahera,Galle,200,500,43,135,35733,133,25.5,74,11,10.8,Rain,Thursday,0,0,5.9,210,155.56
EVT01317,2025-07-10,Perahera,Kurunegala,1000,1500,13,708,7553,419,25.5,77,4.3,14.5,Cloudy,Thursday,0,0,4.1,755,106.64
EVT00127,2025-07-10,Perahera,Ratnapura,300,750,74,238,69347,247,30.6,65,18.2,14.7,Rain,Thursday,0,0,3.2,315,132.35
EVT01063,2025-07-11,Sports Event,Galle,5000,1500,63,2553,58672,3471,29.2,68,5.6,11.6,Cloudy,Friday,0,0,3.5,2419,94.75
EVT00490,2025-07-11,University Event,Colombo,750,2000,61,421,15359,661,28.8,67,6.9,8.7,Clear,Friday,0,0,2.6,620,147.27
EVT01306,2025-07-11,Music Festival,Colombo,1000,500,4,256,45879,548,26.6,89,3.8,19.3,Clear,Friday,0,0,5.7,778,303.91
EVT00069,2025-07-11,University Event,Kegalle,100,1500,86,55,65955,41,28,59,15.1,9.8,Rain,Friday,0,1,2,105,190.91
EVT01365,2025-07-12,School Event,Nuwara Eliya,300,750,25,159,95629,168,18.5,71,23.5,12.6,Rain,Saturday,1,0,6.3,187,117.61
EVT00874,2025-07-12,Sports Event,Kegalle,3000,250,8,1315,76386,1258,26.6,69,5.5,17.7,Cloudy,Saturday,1,0,6.2,1368,104.03
EVT00136,2025-07-12,Workshop,Kurunegala,1000,500,7,784,46599,455,27.9,65,9.6,2.4,Rain,Saturday,1,0,4.9,308,39.29
EVT01711,2025-07-13,Exhibition,Colombo,300,500,67,170,36666,175,24.6,81,4.3,7.6,Cloudy,Sunday,1,0,5.4,315,185.29
EVT02288,2025-07-14,Workshop,Kegalle,3000,3000,51,1715,34345,1384,24.8,72,21.8,13.7,Rain,Monday,0,0,7.8,409,23.85
EVT00950,2025-07-14,Workshop,Anuradhapura,200,500,74,129,15928,140,24.3,76,6,13.2,Clear,Monday,0,0,4.9,210,162.79
EVT01284,2025-07-14,Exhibition,Galle,500,1500,49,446,75548,254,29.1,71,9.9,8,Rain,Monday,0,0,5.7,352,78.92
EVT02045,2025-07-14,University Event,Kegalle,200,1500,12,54,5875,89,27.7,70,11.1,10.6,Rain,Monday,0,1,5,182,337.04
EVT02419,2025-07-14,School Event,Anuradhapura,750,1500,64,570,72939,382,30.3,75,5.7,8.9,Clear,Monday,0,1,4.4,535,93.86
EVT00827,2025-07-14,Cultural Festival,Negombo,5000,3000,24,3161,58424,2673,29.9,62,19.2,12.6,Rain,Monday,0,0,6.3,3016,95.41
EVT00879,2025-07-15,Music Festival,Matara,500,2000,17,197,97294,226,28.4,87,7.9,15.9,Clear,Tuesday,0,0,3.2,417,211.68
EVT01575,2025-07-16,Cultural Festival,Kandy,2000,1500,17,1027,70800,1440,31,72,4.5,12.2,Clear,Wednesday,0,0,7.9,1511,147.13
EVT02095,2025-07-16,Conference,Galle,2000,250,84,577,60316,1283,31.5,56,15.2,10.3,Rain,Wednesday,0,0,7.1,388,67.24
EVT01925,2025-07-16,Sports Event,Negombo,1500,2000,25,805,16408,652,29.7,82,9.4,11.6,Rain,Wednesday,0,0,5.3,637,79.13
EVT01109,2025-07-16,Perahera,Kandy,500,1000,13,133,14263,164,24.6,90,14.9,14.7,Rain,Wednesday,0,0,7.4,367,275.94
EVT01979,2025-07-16,University Event,Galle,100,750,89,42,80191,55,28.5,59,1.2,8.4,Clear,Wednesday,0,0,2.3,105,250
EVT00880,2025-07-16,Exhibition,Anuradhapura,100,1500,44,58,26721,34,27.2,91,10.1,11.4,Rain,Wednesday,0,0,7.4,105,181.03
EVT01565,2025-07-17,University Event,Matara,100,3000,13,52,98248,44,30,74,9.2,12.5,Rain,Thursday,0,0,4.3,105,201.92
EVT00325,2025-07-18,Workshop,Matara,100,250,78,65,2647,78,27.1,79,16.6,7.8,Rain,Friday,0,0,2.6,105,161.54
EVT00528,2025-07-19,Perahera,Anuradhapura,750,750,50,166,92585,301,29.3,72,6.4,9,Clear,Saturday,1,0,3.6,642,386.75
EVT01856,2025-07-19,Perahera,Negombo,2000,0,59,1589,78885,850,26.4,78,33.2,7.5,Heavy Rain,Saturday,1,0,5.2,928,58.4
EVT01156,2025-07-19,Perahera,Negombo,500,0,11,215,18731,197,25.7,72,1.4,25.3,Cloudy,Saturday,1,1,4.1,525,244.19
EVT02468,2025-07-20,School Event,Galle,750,1500,51,237,97968,352,31.4,65,4,15.2,Cloudy,Sunday,1,0,5.1,318,134.18
EVT00941,2025-07-20,Exhibition,Kurunegala,300,2000,25,118,49247,290,29,73,3.7,12.1,Clear,Sunday,1,0,5.3,261,221.19
EVT02356,2025-07-20,University Event,Matara,500,1000,46,312,39045,225,27.3,79,1.1,6.5,Clear,Sunday,1,1,6.6,455,145.83
EVT00172,2025-07-21,Community Event,Kurunegala,200,1000,60,60,43927,171,25.1,76,6.3,19,Clear,Monday,0,0,2.8,161,268.33
EVT01796,2025-07-21,Workshop,Negombo,1500,1500,59,300,54822,1056,30.6,78,4.1,7,Clear,Monday,0,0,4.8,201,67
EVT00436,2025-07-21,Conference,Kandy,100,2000,63,17,95922,32,24.2,90,5,15.6,Cloudy,Monday,0,0,4.2,105,617.65
EVT02302,2025-07-21,Sports Event,Matara,5000,2000,52,1451,85559,3900,24.6,79,7,3.4,Clear,Monday,0,0,5.2,1453,100.14
EVT01405,2025-07-21,Conference,Galle,750,1000,62,403,41635,269,30,88,4.2,14.3,Cloudy,Monday,0,0,3.5,392,97.27
EVT02409,2025-07-22,Cultural Festival,Negombo,1500,2000,82,827,13146,1083,22.1,74,1.7,8.5,Clear,Tuesday,0,0,3.8,1123,135.79
EVT00624,2025-07-23,Workshop,Kegalle,3000,250,64,411,88867,1740,26.5,77,2,8.5,Clear,Wednesday,0,0,6.8,650,158.15
EVT00154,2025-07-24,Music Festival,Colombo,750,3000,68,497,9211,401,24.9,65,18.5,7.2,Rain,Thursday,0,0,6.5,684,137.63
EVT01021,2025-07-24,Workshop,Kandy,500,750,59,182,23531,276,27.4,73,18.5,17.2,Rain,Thursday,0,0,7.6,242,132.97
EVT01830,2025-07-25,Sports Event,Negombo,500,2000,54,262,86428,338,29.5,75,7.4,7.9,Clear,Friday,0,0,6.5,508,193.89
EVT01414,2025-07-25,Conference,Negombo,2000,1500,15,655,76069,890,24.7,80,19.5,14.4,Rain,Friday,0,0,4.4,188,28.7
EVT02265,2025-07-25,Religious Event,Matara,100,3000,84,36,51021,83,21.6,60,6.7,17.4,Clear,Friday,0,0,3.4,105,291.67
EVT01308,2025-07-25,Music Festival,Kandy,500,500,75,169,35199,283,26.9,69,10.7,22.7,Rain,Friday,0,0,3.9,497,294.08
EVT00612,2025-07-27,School Event,Kandy,1000,2000,30,414,21446,525,27.1,82,3,16.2,Clear,Sunday,1,0,4.1,540,130.43
EVT01831,2025-07-27,Workshop,Nuwara Eliya,500,500,74,237,41612,340,21.2,92,13.3,8,Rain,Sunday,1,0,2.6,237,100
EVT00186,2025-07-28,Workshop,Anuradhapura,750,3000,37,584,86179,460,29.7,71,6.8,15.7,Clear,Monday,0,0,7,417,71.4
EVT01498,2025-07-29,Sports Event,Matara,1500,3000,71,1073,8316,300,26.2,70,16.4,18.6,Rain,Tuesday,0,0,4.1,531,49.49
EVT01016,2025-07-29,Workshop,Negombo,1500,0,6,514,28590,1052,23.6,86,20.5,5.6,Rain,Tuesday,0,0,2.3,218,42.41
EVT02032,2025-07-29,Cultural Festival,Anuradhapura,2000,3000,71,1448,15577,1251,32.4,82,2.4,16.8,Cloudy,Tuesday,0,0,1.8,1414,97.65
EVT00425,2025-07-29,Community Event,Nuwara Eliya,2000,3000,7,387,85705,1562,22,78,19.5,11.3,Rain,Tuesday,0,0,5.4,254,65.63
EVT00995,2025-07-29,Religious Event,Nuwara Eliya,1000,750,52,711,30931,652,17.7,76,20.3,20.5,Rain,Tuesday,0,0,4.6,572,80.45
EVT00054,2025-07-29,Music Festival,Anuradhapura,100,500,55,47,90099,29,28.6,79,14.8,12.7,Rain,Tuesday,0,0,2.4,105,223.4
EVT01260,2025-07-29,Workshop,Kandy,200,3000,69,108,99150,128,23.7,72,0.1,16.7,Clear,Tuesday,0,0,2.5,210,194.44
EVT01262,2025-07-29,Perahera,Nuwara Eliya,750,1500,32,400,23470,525,26.2,72,6.5,21.4,Clear,Tuesday,0,1,6.7,723,180.75
EVT01043,2025-07-29,Perahera,Galle,750,2000,87,426,96433,312,29.8,83,24,13.4,Rain,Tuesday,0,0,6.4,664,155.87
EVT01331,2025-07-30,University Event,Anuradhapura,1000,0,13,445,78058,272,27.8,75,7.4,12.1,Cloudy,Wednesday,0,0,3.3,423,95.06
EVT01449,2025-07-30,Cultural Festival,Galle,2000,0,7,1151,62921,1106,24.2,75,15.6,19.8,Rain,Wednesday,0,0,6.2,911,79.15
EVT00316,2025-07-30,Perahera,Colombo,100,1000,5,69,75582,64,24.8,74,4.9,8.6,Clear,Wednesday,0,0,7.3,105,152.17
EVT00623,2025-07-30,Religious Event,Kegalle,1500,750,12,484,51305,1166,26,69,2.9,9,Clear,Wednesday,0,0,3.6,817,168.8
EVT00092,2025-07-31,University Event,Kurunegala,200,500,75,79,38567,116,27.8,78,27.4,12.1,Heavy Rain,Thursday,0,0,5,85,107.59
EVT02195,2025-07-31,University Event,Ratnapura,200,1000,23,162,76028,73,24.4,86,8,13.8,Rain,Thursday,0,0,5.7,165,101.85
EVT01106,2025-07-31,Religious Event,Matara,5000,750,77,4031,28837,3560,27.4,86,23.7,11.2,Rain,Thursday,0,0,2.9,3290,81.62
EVT01576,2025-08-01,Sports Event,Nuwara Eliya,300,3000,58,133,81116,213,21.7,69,6.7,3.4,Cloudy,Friday,0,0,5.3,304,228.57
EVT00812,2025-08-01,Cultural Festival,Colombo,200,1000,11,147,76541,50,33.1,65,10.5,17.9,Rain,Friday,0,0,5.4,210,142.86
EVT02283,2025-08-02,University Event,Anuradhapura,300,500,60,211,9201,210,27.5,90,14.9,8.4,Rain,Saturday,1,0,2.1,276,130.81
EVT01019,2025-08-02,Perahera,Kurunegala,750,0,90,402,59898,545,30.1,95,10.6,18.8,Rain,Saturday,1,0,2.1,721,179.35
EVT02237,2025-08-02,Exhibition,Colombo,1000,250,40,397,1984,356,25.2,86,8.4,16.6,Rain,Saturday,1,0,7.9,436,109.82
EVT00986,2025-08-03,Music Festival,Kandy,500,750,66,218,93056,278,25.5,64,7.3,15.7,Clear,Sunday,1,0,6.7,525,240.83
EVT01384,2025-08-03,School Event,Ratnapura,1000,3000,56,477,5341,609,23.3,79,64.1,12.9,Heavy Rain,Sunday,1,0,6.4,164,34.38
EVT00278,2025-08-03,Exhibition,Kurunegala,750,0,17,254,67208,164,29.3,83,10.5,13.2,Rain,Sunday,1,0,6,348,137.01
EVT01093,2025-08-04,Religious Event,Anuradhapura,300,2000,30,74,78955,254,29.2,52,1.9,5.2,Clear,Monday,0,0,3.6,315,425.68
EVT01018,2025-08-04,Conference,Anuradhapura,1000,500,45,546,33814,485,27.7,71,7.5,12.8,Cloudy,Monday,0,0,6.9,546,100
EVT01930,2025-08-05,Religious Event,Colombo,200,1000,43,201,8231,111,26.1,70,18.4,13.4,Rain,Tuesday,0,0,4.9,210,104.48
EVT01900,2025-08-05,Perahera,Matara,1000,500,41,339,96606,372,29.3,89,5.7,15.5,Cloudy,Tuesday,0,0,5.8,566,166.96
EVT01458,2025-08-06,Conference,Kurunegala,5000,1500,82,1988,70344,3743,25.6,71,9.3,6.9,Rain,Wednesday,0,0,6.1,1544,77.67
EVT00061,2025-08-06,Cultural Festival,Anuradhapura,750,500,76,209,83356,487,26.4,70,8,19.1,Rain,Wednesday,0,0,2.5,434,207.66
EVT00862,2025-08-06,Perahera,Galle,2000,3000,59,1139,46233,1717,25.5,97,6.2,2,Clear,Wednesday,0,0,5.2,1468,128.88
EVT00704,2025-08-06,Sports Event,Matara,5000,250,84,988,95083,4371,23.7,79,0.1,2,Clear,Wednesday,0,0,5.4,1503,152.13
EVT02341,2025-08-07,Workshop,Matara,750,2000,17,421,8011,396,29.6,74,7.4,19.7,Clear,Thursday,0,0,5.8,295,70.07
EVT01144,2025-08-08,University Event,Kegalle,5000,2000,54,3061,90286,2498,29.8,58,11,6.5,Rain,Friday,0,0,4.9,2193,71.64
EVT00485,2025-08-08,Sports Event,Colombo,300,1000,89,58,66946,189,32,65,35.3,6.9,Heavy Rain,Friday,0,0,4.9,216,372.41
EVT01293,2025-08-08,School Event,Matara,300,500,13,66,65537,131,28.3,80,7.4,13.9,Clear,Friday,0,0,2.8,185,280.3
EVT00272,2025-08-08,Perahera,Kandy,5000,3000,86,2882,33424,1420,29,73,15.8,19.5,Rain,Friday,0,1,3.2,2321,80.53
EVT02277,2025-08-08,Conference,Anuradhapura,1000,750,80,92,63086,601,27.9,81,5.9,20.3,Clear,Friday,0,0,1.8,362,393.48
EVT02319,2025-08-09,Workshop,Matara,1500,250,60,881,74618,853,32.5,75,12.8,8.2,Rain,Saturday,1,0,7.9,316,35.87
EVT00964,2025-08-10,Exhibition,Negombo,500,1500,29,155,25338,308,32.4,88,7.5,12.8,Clear,Sunday,1,0,6.8,373,240.65
EVT01879,2025-08-10,Music Festival,Kurunegala,300,1500,29,248,93996,193,23.9,95,31.7,20.1,Heavy Rain,Sunday,1,0,3.4,258,104.03
EVT01113,2025-08-10,Perahera,Matara,3000,750,28,1954,2517,2048,27.3,88,6.6,12.5,Clear,Sunday,1,1,4.7,2466,126.2
EVT01279,2025-08-10,Sports Event,Negombo,1000,3000,15,622,28118,452,28,77,19.9,8.6,Rain,Sunday,1,0,6.6,446,71.7
EVT00053,2025-08-10,Exhibition,Kurunegala,5000,1500,87,362,81682,2980,30.5,91,21.1,11.2,Rain,Sunday,1,0,4.9,987,272.65
EVT00577,2025-08-10,Cultural Festival,Kegalle,1000,250,43,387,29781,600,27.2,79,9.3,10.7,Rain,Sunday,1,0,3.4,483,124.81
EVT01519,2025-08-10,Sports Event,Ratnapura,2000,3000,47,1305,29907,1521,30.6,76,23.8,15.3,Rain,Sunday,1,0,5.4,833,63.83
EVT01326,2025-08-10,Cultural Festival,Nuwara Eliya,2000,2000,45,857,68552,1167,24.2,70,0.7,16.1,Clear,Sunday,1,0,5.5,825,96.27
EVT01081,2025-08-11,Community Event,Negombo,200,250,88,153,99839,74,25.3,75,12.9,9.5,Rain,Monday,0,0,6.9,197,128.76
EVT00829,2025-08-12,Exhibition,Nuwara Eliya,100,500,42,67,20643,46,18.1,66,22.8,12.1,Rain,Tuesday,0,0,2.2,105,156.72
EVT01640,2025-08-12,Conference,Negombo,500,3000,54,328,49329,296,28,89,1,6.7,Clear,Tuesday,0,0,2,309,94.21
EVT02384,2025-08-12,Perahera,Nuwara Eliya,100,500,81,75,78771,66,19.1,80,8.9,10,Rain,Tuesday,0,0,3,105,140
EVT00400,2025-08-13,Sports Event,Anuradhapura,500,0,86,413,11754,165,33.1,63,3.3,13.6,Cloudy,Wednesday,0,0,6.8,525,127.12
EVT01747,2025-08-13,Conference,Anuradhapura,300,3000,88,206,60102,241,28.9,66,0.9,15.7,Cloudy,Wednesday,0,0,2.8,315,152.91
EVT02184,2025-08-14,Perahera,Ratnapura,750,0,22,620,50044,610,27.6,80,4.2,17.9,Clear,Thursday,0,0,7.5,787,126.94
EVT00947,2025-08-14,School Event,Negombo,5000,250,82,1317,14479,1863,26.7,80,2.1,14.1,Clear,Thursday,0,0,2.9,1335,101.37
EVT00553,2025-08-14,School Event,Negombo,1500,2000,50,516,11525,888,29.6,82,1.6,13.9,Clear,Thursday,0,0,4.6,555,107.56
EVT00522,2025-08-15,Workshop,Galle,1500,250,16,1001,27426,734,31.8,67,29.2,13,Heavy Rain,Friday,0,0,4.5,290,28.97
EVT01731,2025-08-15,Perahera,Nuwara Eliya,750,0,77,464,35036,199,22.2,91,6.4,11.4,Cloudy,Friday,0,1,5.5,787,169.61
EVT00113,2025-08-15,Religious Event,Kandy,5000,500,43,3918,45732,2005,28.2,64,6,22.1,Clear,Friday,0,0,1.9,4921,125.6
EVT01397,2025-08-15,University Event,Colombo,2000,1000,77,1189,83012,1203,29.1,81,11.1,11.1,Rain,Friday,0,0,3.5,820,68.97
EVT00834,2025-08-15,Conference,Kurunegala,5000,2000,79,2251,85298,2279,30.6,72,3.8,10.1,Clear,Friday,0,0,5,1618,71.88
EVT01960,2025-08-16,Religious Event,Nuwara Eliya,1000,750,30,547,10635,373,20,76,8.6,15.6,Rain,Saturday,1,0,2.9,635,116.09
EVT01651,2025-08-16,Perahera,Nuwara Eliya,200,3000,55,150,72632,146,16.2,79,17.2,10.7,Rain,Saturday,1,0,4.6,210,140
EVT01672,2025-08-16,Cultural Festival,Negombo,1000,250,72,444,24629,344,22.4,74,0.9,7.4,Clear,Saturday,1,0,4.5,602,135.59
EVT02157,2025-08-16,Perahera,Negombo,2000,1500,71,1023,90897,1300,30.6,63,19,2,Rain,Saturday,1,0,2,1066,104.2
EVT00824,2025-08-17,Exhibition,Galle,200,1500,54,167,6589,171,25.9,87,18.6,5,Rain,Sunday,1,0,4,210,125.75
EVT02114,2025-08-17,Music Festival,Ratnapura,3000,250,24,1220,26865,2743,31.5,84,5.2,9.9,Clear,Sunday,1,1,3.4,1751,143.52
EVT00450,2025-08-17,University Event,Nuwara Eliya,100,500,72,55,53880,105,17.4,61,17.2,11.9,Rain,Sunday,1,0,4.4,105,190.91
EVT02253,2025-08-18,Cultural Festival,Anuradhapura,300,1500,33,187,87485,52,24.7,98,11,2.1,Rain,Monday,0,0,3.2,283,151.34
EVT00338,2025-08-18,University Event,Negombo,5000,250,90,4495,66894,2221,29.2,60,7.3,10.1,Cloudy,Monday,0,0,5.9,2676,59.53
EVT01246,2025-08-18,Cultural Festival,Kandy,3000,2000,9,1567,58617,1967,28.3,84,38.1,8.4,Heavy Rain,Monday,0,1,1.8,1241,79.2
EVT00548,2025-08-18,Workshop,Colombo,3000,1000,65,751,77620,1309,29.5,78,3.9,15.4,Clear,Monday,0,0,5,803,106.92
EVT02038,2025-08-20,Music Festival,Kegalle,300,1500,17,226,82360,216,27.3,66,17.1,13.6,Rain,Wednesday,0,0,2.4,315,139.38
EVT00648,2025-08-20,Sports Event,Kurunegala,300,1500,34,241,63665,129,30.7,76,2.6,11.6,Cloudy,Wednesday,0,0,7.5,315,130.71
EVT00923,2025-08-21,Conference,Kandy,3000,1500,41,1357,97196,1931,28.6,71,11,12,Rain,Thursday,0,0,7.1,899,66.25
EVT00332,2025-08-21,Conference,Nuwara Eliya,100,1000,29,55,69107,76,22.8,63,4.8,13.1,Clear,Thursday,0,0,7.6,105,190.91
EVT01996,2025-08-21,University Event,Colombo,2000,1500,30,801,80859,772,29.9,82,11.1,12.7,Rain,Thursday,0,0,7,794,99.13
EVT00589,2025-08-21,Community Event,Kegalle,500,750,29,305,76965,243,27.6,72,9.8,11.4,Rain,Thursday,0,0,7.5,280,91.8
EVT00539,2025-08-21,School Event,Galle,750,500,40,160,49931,405,29.4,64,9.5,7.5,Rain,Thursday,0,0,6.9,287,179.38
EVT01127,2025-08-23,Workshop,Negombo,500,0,43,190,32786,377,31.9,83,17.5,12.8,Rain,Saturday,1,0,5.3,206,108.42
EVT02124,2025-08-23,Religious Event,Anuradhapura,750,1000,39,570,61652,522,29.8,74,21.3,13,Rain,Saturday,1,0,5.2,778,136.49
EVT00234,2025-08-23,Workshop,Anuradhapura,3000,750,6,1287,80378,431,25.1,77,3.2,9,Cloudy,Saturday,1,0,2.6,550,42.74
EVT00780,2025-08-23,School Event,Ratnapura,1500,500,35,974,98963,926,24.4,75,30.2,13.3,Heavy Rain,Saturday,1,0,2.8,152,15.61
EVT02080,2025-08-24,Cultural Festival,Kandy,750,3000,70,406,52754,330,30.3,98,22.7,2,Rain,Sunday,1,0,5.8,643,158.37
EVT00626,2025-08-24,Exhibition,Anuradhapura,2000,2000,60,1043,99206,535,25.9,84,14,11.8,Rain,Sunday,1,0,5,642,61.55
EVT01425,2025-08-27,Community Event,Kurunegala,3000,500,34,964,35618,1225,25.4,71,9.9,7.6,Rain,Wednesday,0,0,3.9,500,51.87
EVT00460,2025-08-27,Conference,Kurunegala,500,1500,20,112,25061,117,25.7,63,16.3,17.3,Rain,Wednesday,0,0,7.9,139,124.11
EVT02190,2025-08-28,Cultural Festival,Galle,200,250,5,99,41402,77,33.5,78,5.3,8.2,Cloudy,Thursday,0,0,6.9,210,212.12
EVT00426,2025-08-28,Music Festival,Kegalle,1000,250,79,430,22613,336,26.5,82,25.5,21.9,Heavy Rain,Thursday,0,0,1.6,335,77.91
EVT02051,2025-08-29,Perahera,Kandy,300,500,35,257,74448,247,27,77,6.2,5.3,Clear,Friday,0,0,3.6,315,122.57
EVT02137,2025-08-29,Perahera,Ratnapura,100,1000,34,73,5978,66,29.9,67,17.3,14.5,Rain,Friday,0,0,7.1,105,143.84
EVT01483,2025-08-29,Cultural Festival,Galle,200,500,72,45,59014,174,26.7,84,38.9,16.3,Heavy Rain,Friday,0,0,7.8,210,466.67
EVT01953,2025-08-30,Perahera,Kandy,750,500,33,276,14625,418,28.3,80,5.7,14.3,Clear,Saturday,1,0,3.1,754,273.19
EVT02344,2025-08-30,Sports Event,Kandy,500,0,73,163,42972,393,30.2,74,3.8,13.9,Clear,Saturday,1,0,3.3,525,322.09
EVT00726,2025-08-30,Conference,Kandy,500,1500,4,281,30192,228,28.8,65,4.1,14.5,Cloudy,Saturday,1,0,7.5,393,139.86
EVT00604,2025-08-30,Sports Event,Kurunegala,2000,3000,22,1104,25607,728,29,67,5.9,12,Clear,Saturday,1,0,3,960,86.96
EVT00313,2025-08-31,Conference,Kegalle,1000,1000,74,771,68347,672,27.5,86,15.5,2,Rain,Sunday,1,0,5.3,421,54.6
EVT02414,2025-09-01,Conference,Colombo,750,250,48,473,18259,481,23.8,77,16.1,15.1,Rain,Monday,0,0,2.3,403,85.2
EVT00276,2025-09-01,School Event,Kurunegala,500,3000,68,47,81649,168,29,68,37.4,11.6,Heavy Rain,Monday,0,0,3.5,120,255.32
EVT02495,2025-09-01,University Event,Kurunegala,1500,750,28,811,44455,869,30.5,78,0.5,14,Clear,Monday,0,0,7.7,414,51.05
EVT00233,2025-09-01,Community Event,Galle,1000,1500,44,331,31271,624,26,88,5.5,22.8,Clear,Monday,0,0,3.8,324,97.89
EVT01188,2025-09-01,Music Festival,Negombo,1500,1500,44,964,36703,645,33.1,83,16.6,8,Rain,Monday,0,0,2.6,815,84.54
EVT01277,2025-09-01,Workshop,Kurunegala,200,1000,59,137,73512,87,30.4,64,17.9,16.5,Rain,Monday,0,0,2.1,146,106.57
EVT00592,2025-09-01,Community Event,Anuradhapura,1500,1000,49,1082,83790,866,29.7,70,25.2,10.9,Heavy Rain,Monday,0,1,5.2,429,39.65
EVT01526,2025-09-01,University Event,Kurunegala,100,750,33,47,96784,47,29.8,90,5.4,15,Clear,Monday,0,0,5.1,105,223.4
EVT00926,2025-09-02,Sports Event,Nuwara Eliya,750,250,35,423,62646,566,16.5,70,2.2,14.8,Clear,Tuesday,0,0,4.5,618,146.1
EVT01424,2025-09-02,Sports Event,Negombo,5000,1500,8,3218,77945,1031,25.8,80,0.7,19.3,Clear,Tuesday,0,0,1.8,2361,73.37
EVT01175,2025-09-02,Perahera,Galle,300,1500,38,135,15307,225,27,70,14.4,2,Rain,Tuesday,0,0,1.8,315,233.33
EVT01036,2025-09-02,Exhibition,Galle,2000,0,63,341,50454,842,26.9,83,0.9,11.8,Clear,Tuesday,0,1,4.1,212,62.17
EVT02338,2025-09-02,Cultural Festival,Galle,3000,1000,82,524,13434,2655,30.1,86,1.4,10.2,Clear,Tuesday,0,0,3.9,884,168.7
EVT01485,2025-09-04,Exhibition,Colombo,100,750,7,65,92710,74,28.3,65,0.7,21,Cloudy,Thursday,0,0,2.3,105,161.54
EVT00929,2025-09-04,Perahera,Kegalle,2000,500,23,1487,71866,1059,28,69,13.6,5.8,Rain,Thursday,0,0,5.6,1347,90.59
EVT01547,2025-09-04,Exhibition,Ratnapura,2000,250,61,794,81434,1000,26,84,1.7,20.2,Cloudy,Thursday,0,0,2.5,597,75.19
EVT00837,2025-09-05,Sports Event,Matara,5000,1500,26,1638,6921,3114,32,67,3.8,4.8,Cloudy,Friday,0,0,7.9,1577,96.28
EVT00504,2025-09-05,Religious Event,Colombo,3000,500,3,1107,18361,1705,27.3,81,6.4,12.9,Clear,Friday,0,0,2.2,1179,106.5
EVT01410,2025-09-06,Community Event,Negombo,5000,1500,62,4027,79993,3649,28.4,71,3.4,18.9,Clear,Saturday,1,0,5.7,2113,52.47
EVT01792,2025-09-07,Community Event,Kandy,1500,750,8,524,68007,603,30.9,90,9.7,19.6,Rain,Sunday,1,0,3.9,470,89.69
EVT01244,2025-09-08,School Event,Kurunegala,200,2000,80,159,72331,150,30.1,69,14.8,11,Rain,Monday,0,0,5.4,210,132.08
EVT00572,2025-09-09,Community Event,Negombo,300,1500,27,235,15872,136,29.3,72,2.5,15.7,Cloudy,Tuesday,0,0,3.3,219,93.19
EVT00466,2025-09-10,Community Event,Kegalle,5000,1000,35,3016,23586,3306,29,73,3.5,11.8,Clear,Wednesday,0,0,3.8,2045,67.81
EVT00966,2025-09-11,Exhibition,Galle,1000,500,12,471,99038,602,27,72,41.6,5.1,Heavy Rain,Thursday,0,0,6.2,281,59.66
EVT00497,2025-09-11,University Event,Negombo,2000,3000,70,971,33247,993,30,57,17,10.8,Rain,Thursday,0,0,5.4,841,86.61
EVT01367,2025-09-12,Community Event,Matara,300,1000,9,212,96108,156,30,77,22.8,7.5,Rain,Friday,0,0,3.5,200,94.34
EVT01353,2025-09-12,Exhibition,Kegalle,5000,0,58,2788,6528,1752,26.6,64,19.6,14.5,Rain,Friday,0,0,4.1,605,21.7
EVT01844,2025-09-12,Perahera,Kandy,5000,500,29,2316,57711,2876,29,82,12.7,11,Rain,Friday,0,0,4.4,2622,113.21
EVT00268,2025-09-12,Exhibition,Nuwara Eliya,750,1000,4,462,41044,733,20.4,51,28,18.9,Heavy Rain,Friday,0,0,6.3,267,57.79
EVT01080,2025-09-13,University Event,Kandy,1500,1000,60,1090,5544,1081,29.8,68,6,2,Clear,Saturday,1,1,4.8,1117,102.48
EVT02163,2025-09-13,Conference,Anuradhapura,3000,0,23,971,41427,1755,30.4,72,9.1,10.9,Rain,Saturday,1,0,2.5,574,59.11
EVT01922,2025-09-14,Religious Event,Kurunegala,1500,750,17,347,19214,772,31.1,67,14.1,15.4,Rain,Sunday,1,0,7.6,632,182.13
EVT00555,2025-09-14,Perahera,Nuwara Eliya,500,750,35,111,65041,245,18.2,77,14.7,16.8,Rain,Sunday,1,1,6.9,379,341.44
EVT01712,2025-09-14,Sports Event,Negombo,1000,250,78,498,92017,553,31.1,82,4.6,2,Clear,Sunday,1,0,1.6,720,144.58
EVT00377,2025-09-14,Sports Event,Nuwara Eliya,750,0,24,272,4831,456,23.1,73,3.1,7.1,Cloudy,Sunday,1,0,6.7,408,150
EVT01781,2025-09-14,University Event,Kurunegala,1500,1000,9,300,62438,845,24.2,69,41.3,15.8,Heavy Rain,Sunday,1,0,4.7,5,1.67
EVT00515,2025-09-15,Sports Event,Colombo,750,1500,69,479,55096,596,31.5,77,1.1,16.4,Cloudy,Monday,0,0,5.6,607,126.72
EVT01904,2025-09-15,Exhibition,Kurunegala,200,2000,51,88,15335,75,29.8,77,3.3,11.5,Cloudy,Monday,0,0,3.2,210,238.64
EVT00176,2025-09-15,Exhibition,Colombo,1500,3000,87,934,70793,1296,22.8,80,30.6,9.1,Heavy Rain,Monday,0,0,5.6,468,50.11
EVT01345,2025-09-15,School Event,Nuwara Eliya,1500,2000,17,943,24278,461,19.5,61,12.9,6.6,Rain,Monday,0,0,5.1,252,26.72
EVT02192,2025-09-16,Sports Event,Negombo,750,500,42,380,90468,521,27.3,70,12.4,12,Rain,Tuesday,0,1,6.2,504,132.63
EVT00997,2025-09-17,Perahera,Kandy,1000,1000,36,365,38717,868,31.4,81,12.8,6.8,Rain,Wednesday,0,0,7.7,613,167.95
EVT02454,2025-09-17,Community Event,Colombo,5000,1500,20,2314,49588,2537,29,63,25.3,10.8,Heavy Rain,Wednesday,0,0,1.8,414,17.89
EVT01811,2025-09-18,Music Festival,Kegalle,500,250,20,257,98619,420,29,67,9,23.7,Rain,Thursday,0,0,2.1,417,162.26
EVT02238,2025-09-19,Religious Event,Kurunegala,1000,1000,31,299,65291,728,27.6,58,5.5,17.6,Clear,Friday,0,0,4,653,218.39
EVT02119,2025-09-19,Community Event,Galle,300,750,22,226,34049,91,27.9,75,4.3,12.5,Cloudy,Friday,0,0,6.2,246,108.85
EVT01463,2025-09-20,Conference,Galle,300,0,62,126,43310,252,31.9,69,2.7,15.3,Clear,Saturday,1,0,5,244,193.65
EVT01285,2025-09-20,University Event,Kandy,2000,3000,90,866,37871,1395,28.7,70,16.5,5.4,Rain,Saturday,1,0,4.1,823,95.03
EVT00382,2025-09-20,Community Event,Negombo,500,1000,84,75,3389,283,32.2,84,5.8,2,Clear,Saturday,1,0,4,248,330.67
EVT01897,2025-09-20,Cultural Festival,Nuwara Eliya,1000,750,33,826,53877,212,23.7,98,5.8,4.6,Clear,Saturday,1,0,2.6,714,86.44
EVT00687,2025-09-20,School Event,Matara,300,3000,17,93,53606,152,26,76,15.7,15.7,Rain,Saturday,1,0,4.8,177,190.32
EVT01986,2025-09-20,Religious Event,Colombo,300,2000,14,277,98904,117,24.9,82,32.5,15.1,Heavy Rain,Saturday,1,1,6.3,315,113.72
EVT01691,2025-09-20,Exhibition,Anuradhapura,300,1000,66,218,24138,207,29.4,65,4.6,17.5,Clear,Saturday,1,0,5.7,315,144.5
EVT01413,2025-09-21,Music Festival,Kurunegala,3000,0,76,1187,49766,2133,32.9,84,1.2,14.9,Cloudy,Sunday,1,0,2.8,1210,101.94
EVT01706,2025-09-21,Exhibition,Kurunegala,3000,500,88,1330,9660,2242,26.3,80,10.4,9.8,Rain,Sunday,1,0,7.9,1053,79.17
EVT00695,2025-09-22,Religious Event,Kandy,500,250,38,320,16777,400,28.8,54,18.7,15.1,Rain,Monday,0,0,7.5,525,164.06
EVT01896,2025-09-24,University Event,Nuwara Eliya,200,500,55,113,40352,105,17.7,83,36.5,15,Heavy Rain,Wednesday,0,0,2.4,117,103.54
EVT00261,2025-09-25,Perahera,Colombo,5000,2000,4,4308,76868,3466,28,75,7.5,15.1,Cloudy,Thursday,0,0,2.9,5116,118.76
EVT01303,2025-09-25,Religious Event,Nuwara Eliya,200,500,64,100,90341,138,18.1,68,17.5,9,Rain,Thursday,0,1,6.2,210,210
EVT01537,2025-09-26,Workshop,Negombo,1000,1500,78,636,78008,555,28.4,71,24.8,19,Rain,Friday,0,0,2.3,182,28.62
EVT01492,2025-09-26,Exhibition,Nuwara Eliya,200,3000,56,83,43936,86,18.3,94,2.7,15.9,Clear,Friday,0,0,6.6,210,253.01
EVT01999,2025-09-26,University Event,Kegalle,300,250,12,147,17651,161,36,67,10.7,18,Rain,Friday,0,0,7.8,201,136.73
EVT01234,2025-09-28,Religious Event,Matara,5000,0,5,3084,80671,1440,30.2,69,11.1,14.9,Rain,Sunday,1,0,4.6,1496,48.51
EVT00821,2025-09-28,Community Event,Ratnapura,5000,250,90,1259,16400,1780,27.3,67,12.2,11.1,Rain,Sunday,1,0,4.9,813,64.58
EVT01569,2025-09-28,School Event,Kegalle,3000,1000,27,1438,91203,3179,26.8,65,6.7,15,Clear,Sunday,1,0,4.9,962,66.9
EVT01973,2025-09-29,School Event,Galle,200,3000,28,148,13718,88,26.5,62,0.7,7.8,Clear,Monday,0,0,4.6,210,141.89
EVT01723,2025-09-30,Religious Event,Kurunegala,3000,500,49,1910,21614,1047,26.5,76,6.4,14.1,Clear,Tuesday,0,0,2,2077,108.74
EVT00143,2025-09-30,Community Event,Nuwara Eliya,100,2000,59,17,69203,55,22.2,77,3.2,24.2,Clear,Tuesday,0,1,7.6,105,617.65
EVT01889,2025-09-30,School Event,Matara,300,2000,66,196,45092,302,27,79,13.2,5.7,Rain,Tuesday,0,0,5.1,231,117.86
EVT00645,2025-09-30,Conference,Negombo,2000,3000,23,1051,77673,962,30.6,57,10.3,11.6,Rain,Tuesday,0,0,6.2,504,47.95
EVT01418,2025-10-01,Community Event,Kandy,2000,500,33,787,20213,1034,24,78,7.3,19,Clear,Wednesday,0,0,6.6,631,80.18
EVT00745,2025-10-01,Conference,Kurunegala,500,0,64,157,9958,266,24.5,76,20.4,16.1,Rain,Wednesday,0,0,5.8,121,77.07
EVT00748,2025-10-01,Religious Event,Anuradhapura,5000,3000,50,2178,77170,3300,30.8,76,16.6,9,Rain,Wednesday,0,0,7.6,2344,107.62
EVT00627,2025-10-01,Sports Event,Anuradhapura,300,1500,7,209,82672,100,28.3,74,2,5.6,Clear,Wednesday,0,0,5.3,315,150.72
EVT02408,2025-10-02,Conference,Kurunegala,300,250,41,159,96736,178,29.7,60,3.5,15.7,Cloudy,Thursday,0,0,7.1,241,151.57
EVT02347,2025-10-02,Religious Event,Galle,1500,2000,77,817,90843,1391,24.8,54,9.5,8.1,Rain,Thursday,0,0,6.8,930,113.83
EVT01863,2025-10-03,Religious Event,Matara,2000,500,71,829,33760,1150,27.6,77,6.3,6.4,Clear,Friday,0,0,5.6,1281,154.52
EVT00410,2025-10-05,Conference,Matara,3000,750,21,2189,19616,2183,30.6,67,3.5,5.8,Clear,Sunday,1,0,7.1,1202,54.91
EVT02272,2025-10-05,Religious Event,Anuradhapura,3000,1000,29,1948,67566,1350,28,81,44.7,3.6,Heavy Rain,Sunday,1,0,6.1,1259,64.63
EVT00085,2025-10-05,School Event,Nuwara Eliya,1500,2000,76,870,48868,583,16,79,9.2,14.8,Rain,Sunday,1,0,1.8,493,56.67
EVT01772,2025-10-05,Perahera,Kegalle,200,750,88,178,91078,90,30.6,80,10,18.6,Rain,Sunday,1,0,5.3,210,117.98
EVT00523,2025-10-05,Religious Event,Nuwara Eliya,3000,3000,5,972,98947,2136,23.3,54,15.9,9.3,Rain,Sunday,1,0,4.8,698,71.81
EVT01053,2025-10-05,School Event,Anuradhapura,1500,250,67,1371,10406,1099,30.8,69,11.2,12,Rain,Sunday,1,1,5.9,951,69.37
EVT02404,2025-10-06,Cultural Festival,Kegalle,750,3000,69,467,25521,371,28.3,84,3.4,11.4,Clear,Monday,0,0,8,596,127.62
EVT00328,2025-10-07,Music Festival,Anuradhapura,5000,3000,20,2292,13775,2605,24.6,77,7.9,12.2,Clear,Tuesday,0,0,2.3,2802,122.25
EVT01799,2025-10-07,Exhibition,Ratnapura,3000,250,74,1071,78966,2326,32.1,68,7.4,12,Cloudy,Tuesday,0,0,1.7,981,91.6
EVT02493,2025-10-08,Conference,Anuradhapura,2000,1000,11,976,15668,765,26.1,66,21.2,17.9,Rain,Wednesday,0,0,2.5,450,46.11
EVT01024,2025-10-08,Cultural Festival,Nuwara Eliya,1000,1500,69,725,89549,576,24,67,14.5,10.8,Rain,Wednesday,0,1,5.4,564,77.79
EVT00442,2025-10-08,Perahera,Colombo,3000,1000,28,1520,99038,1219,28.7,79,8.8,6.3,Rain,Wednesday,0,0,2.2,1382,90.92
EVT01068,2025-10-08,Workshop,Kurunegala,500,750,79,379,92717,290,24.5,58,27.8,15,Heavy Rain,Wednesday,0,1,6,236,62.27
EVT00634,2025-10-09,Music Festival,Anuradhapura,5000,250,39,2084,59519,2004,26.5,78,16.2,4.3,Rain,Thursday,0,0,1.6,1427,68.47
EVT00498,2025-10-09,University Event,Anuradhapura,5000,250,4,2543,76715,2471,29,74,3.7,10.9,Clear,Thursday,0,0,1.7,2274,89.42
EVT00091,2025-10-09,Cultural Festival,Galle,1500,750,7,792,82705,1038,33.8,78,11.1,10.5,Rain,Thursday,0,0,6.6,653,82.45
EVT02103,2025-10-09,Perahera,Kandy,750,0,71,276,24047,388,26.2,72,8.9,10.2,Rain,Thursday,0,0,4.2,596,215.94
EVT00818,2025-10-10,Perahera,Galle,500,1000,72,179,96611,290,25.1,63,31.2,9.3,Heavy Rain,Friday,0,1,2.7,416,232.4
EVT00671,2025-10-10,Perahera,Nuwara Eliya,1500,500,47,476,77125,638,22.6,80,10.2,2.5,Rain,Friday,0,1,3.9,527,110.71
EVT01757,2025-10-11,Perahera,Colombo,2000,500,45,1438,7808,1084,26.7,59,2.6,8.3,Clear,Saturday,1,0,3.5,2100,146.04
EVT00999,2025-10-11,Religious Event,Matara,5000,250,21,1135,27366,3311,30.9,80,9,5.5,Rain,Saturday,1,0,5.2,1962,172.86
EVT00114,2025-10-11,Sports Event,Galle,100,3000,34,38,13319,83,28.7,78,3.8,19.9,Clear,Saturday,1,0,2.1,105,276.32
EVT02178,2025-10-11,School Event,Matara,100,1000,80,36,14430,36,28.6,60,9.4,21.5,Rain,Saturday,1,0,3.8,105,291.67
EVT00902,2025-10-12,University Event,Kandy,1000,250,74,392,60589,386,28.8,87,17.3,14.1,Rain,Sunday,1,0,2.7,408,104.08
EVT00024,2025-10-14,Religious Event,Matara,3000,250,29,2224,58354,1392,28.5,83,26.1,7.2,Heavy Rain,Tuesday,0,0,6.1,974,43.79
EVT01339,2025-10-15,Religious Event,Galle,1500,500,67,791,1337,612,26.7,60,7.4,16,Cloudy,Wednesday,0,0,3.8,728,92.04
EVT00994,2025-10-15,Community Event,Anuradhapura,1500,0,24,579,88848,440,27.5,58,1.9,5.3,Clear,Wednesday,0,0,5.5,340,58.72
EVT00472,2025-10-15,Perahera,Kandy,1500,2000,90,888,7910,1000,27.8,78,3.3,11.4,Clear,Wednesday,0,0,3.3,1575,177.36
EVT00331,2025-10-16,School Event,Nuwara Eliya,5000,0,66,2370,95541,1923,22.4,80,7.8,11,Clear,Thursday,0,1,5.5,860,36.29
EVT00976,2025-10-16,Religious Event,Nuwara Eliya,200,1500,90,132,5891,77,17.6,60,33.2,19.9,Heavy Rain,Thursday,0,1,3.7,210,159.09
EVT00939,2025-10-16,Cultural Festival,Matara,500,3000,64,292,68057,215,29,92,19.7,13.5,Rain,Thursday,0,0,5.6,418,143.15
EVT00006,2025-10-16,Community Event,Negombo,1500,500,88,850,64544,660,27.2,60,7.5,10.3,Cloudy,Thursday,0,0,7.4,636,74.82
EVT01644,2025-10-17,Perahera,Anuradhapura,200,0,46,92,27386,116,27.7,79,5.5,14.2,Clear,Friday,0,0,2.1,210,228.26
EVT01913,2025-10-17,Religious Event,Kegalle,5000,1500,67,2257,15246,3070,24.5,65,30.2,12.4,Heavy Rain,Friday,0,0,7,1545,68.45
EVT00761,2025-10-17,Religious Event,Galle,200,1000,14,64,75647,60,26.3,77,22.3,15.2,Rain,Friday,0,0,1.8,210,328.12
EVT01805,2025-10-17,School Event,Colombo,750,750,14,380,872,360,27.4,82,0.8,13.1,Clear,Friday,0,0,2.7,410,107.89
EVT01177,2025-10-18,University Event,Ratnapura,200,250,71,75,18064,113,27.5,58,4.1,6.9,Cloudy,Saturday,1,0,1.6,210,280
EVT00658,2025-10-18,Cultural Festival,Galle,1500,500,69,800,81299,789,24.2,72,3.1,5.2,Clear,Saturday,1,0,2.2,917,114.62
EVT00753,2025-10-19,School Event,Matara,750,750,34,309,7663,574,27.3,87,4.4,16.6,Clear,Sunday,1,0,4.4,494,159.87
EVT00344,2025-10-19,Perahera,Ratnapura,300,0,83,231,27349,174,30.5,87,3.4,7,Clear,Sunday,1,0,1.6,315,136.36
EVT00438,2025-10-19,Exhibition,Negombo,3000,1500,44,1666,31490,1674,31.1,77,2.8,16,Clear,Sunday,1,0,1.6,1387,83.25
EVT02052,2025-10-19,Conference,Kandy,3000,250,39,1529,74285,1570,28.8,81,58.6,12.7,Heavy Rain,Sunday,1,0,4,820,53.63
EVT01420,2025-10-21,Exhibition,Kandy,200,750,8,71,73262,103,27.5,66,9.8,12.4,Rain,Tuesday,0,0,7.2,185,260.56
EVT00103,2025-10-22,Religious Event,Ratnapura,1500,2000,77,468,58505,932,26.4,69,15.4,14.5,Rain,Wednesday,0,0,5.3,713,152.35
EVT01687,2025-10-22,University Event,Colombo,100,0,69,94,35283,78,29.6,65,33,20.5,Heavy Rain,Wednesday,0,0,3.4,105,111.7
EVT02498,2025-10-22,Music Festival,Anuradhapura,300,0,51,117,62461,110,27.5,71,16.6,10.7,Rain,Wednesday,0,1,4.1,315,269.23
EVT00537,2025-10-22,School Event,Ratnapura,3000,750,41,1911,56732,808,29.6,80,1.6,11.8,Clear,Wednesday,0,0,7.4,1050,54.95
EVT02122,2025-10-23,Perahera,Nuwara Eliya,100,2000,66,83,29060,43,19.5,68,19.4,3.9,Rain,Thursday,0,0,5.7,105,126.51
EVT00368,2025-10-23,Perahera,Colombo,750,250,79,503,42867,486,25.7,71,48.7,13.5,Heavy Rain,Thursday,0,0,5.1,582,115.71
EVT02402,2025-10-24,School Event,Kandy,2000,2000,25,1614,55841,1390,28.2,66,19.4,6.3,Rain,Friday,0,1,4.5,1161,71.93
EVT01266,2025-10-25,Workshop,Matara,1000,1000,17,578,26173,692,30.5,68,7,10,Cloudy,Saturday,1,0,7.7,282,48.79
EVT01983,2025-10-25,Community Event,Galle,2000,2000,69,867,97112,1427,27.2,73,7.7,13.7,Cloudy,Saturday,1,0,2.3,718,82.81
EVT00647,2025-10-25,Religious Event,Kurunegala,1000,3000,17,429,90641,611,29.6,63,22.5,10.1,Rain,Saturday,1,0,4,519,120.98
EVT00853,2025-10-25,Workshop,Colombo,200,2000,57,88,92112,55,27.8,83,32.5,13.3,Heavy Rain,Saturday,1,0,6.2,140,159.09
EVT02247,2025-10-25,Perahera,Kurunegala,5000,3000,59,2903,40037,2586,32.1,66,10.3,9,Rain,Saturday,1,0,7.8,2282,78.61
EVT00678,2025-10-25,Religious Event,Kandy,1000,750,59,533,64820,422,25.9,77,2.3,23.1,Cloudy,Saturday,1,0,2.5,1035,194.18
EVT00102,2025-10-26,Religious Event,Matara,3000,250,24,1236,65446,1926,28.8,83,18.9,9.1,Rain,Sunday,1,0,7.5,1431,115.78
EVT01594,2025-10-26,Cultural Festival,Kandy,200,0,11,178,91816,136,30.7,68,18.4,3.8,Rain,Sunday,1,1,7.2,210,117.98
EVT01602,2025-10-26,Perahera,Ratnapura,750,3000,75,244,71004,249,26.9,72,3.5,6.2,Clear,Sunday,1,0,7.6,635,260.25
EVT00378,2025-10-27,Cultural Festival,Kurunegala,500,1500,82,147,93635,236,29,64,11.7,22.8,Rain,Monday,0,0,4.1,399,271.43
EVT00898,2025-10-27,Community Event,Galle,3000,1000,29,1757,93471,1599,25.5,76,2.3,13.3,Clear,Monday,0,0,6.6,1258,71.6
EVT00047,2025-10-27,Music Festival,Kurunegala,100,2000,83,83,50340,74,28.4,61,10.7,7.6,Rain,Monday,0,0,6.7,105,126.51
EVT02256,2025-10-27,Sports Event,Galle,1500,250,9,1122,25475,843,29.4,64,4.1,8.7,Clear,Monday,0,0,5.7,867,77.27
EVT01542,2025-10-28,School Event,Matara,200,500,28,113,63955,85,25.2,63,5.5,7.8,Clear,Tuesday,0,0,7.1,196,173.45
EVT00868,2025-10-30,University Event,Nuwara Eliya,1000,3000,65,256,62336,799,23.6,71,0.7,10.7,Clear,Thursday,0,0,3.5,261,101.95
EVT00715,2025-10-31,Exhibition,Kegalle,750,3000,49,348,29879,405,27.5,86,22.3,13.1,Rain,Friday,0,0,2.6,427,122.7
EVT01685,2025-10-31,Conference,Ratnapura,1000,2000,37,747,82254,868,31,80,1.7,7.4,Clear,Friday,0,0,1.8,483,64.66
EVT01841,2025-11-01,Workshop,Matara,300,0,16,134,27503,97,27.4,77,5.6,12.4,Cloudy,Saturday,1,0,2.4,182,135.82
EVT00875,2025-11-01,Music Festival,Colombo,5000,2000,61,3500,76519,1849,29.5,69,20,10.7,Rain,Saturday,1,0,1.6,3193,91.23
EVT02477,2025-11-01,University Event,Ratnapura,100,1000,69,51,61238,27,27.6,77,9.4,19.6,Rain,Saturday,1,0,5.3,105,205.88
EVT01967,2025-11-01,Exhibition,Anuradhapura,5000,0,31,2824,33397,3291,26.9,77,0.3,7.1,Clear,Saturday,1,0,2,2211,78.29
EVT01085,2025-11-01,University Event,Kurunegala,750,0,10,547,13157,226,27,71,2.9,13.3,Clear,Saturday,1,0,5.1,434,79.34
EVT01349,2025-11-02,Religious Event,Colombo,300,500,34,114,91187,261,31.5,73,4.8,15.4,Cloudy,Sunday,1,0,6.7,315,276.32
EVT01536,2025-11-02,University Event,Matara,3000,3000,33,1906,64725,1294,27.7,93,15.4,7.4,Rain,Sunday,1,1,5.7,755,39.61
EVT02221,2025-11-04,Workshop,Ratnapura,750,0,13,254,38393,309,27.7,71,2.3,13.5,Clear,Tuesday,0,0,5.7,143,56.3
EVT01573,2025-11-05,Cultural Festival,Nuwara Eliya,1000,3000,11,839,67504,579,21.2,60,10.8,8.7,Rain,Wednesday,0,0,2.5,554,66.03
EVT00212,2025-11-05,Workshop,Kurunegala,1000,250,51,537,17869,576,25.1,71,10.8,12.3,Rain,Wednesday,0,0,1.9,183,34.08
EVT00792,2025-11-06,Sports Event,Ratnapura,1500,750,22,725,51981,792,32.6,71,11.6,8.5,Rain,Thursday,0,0,5,511,70.48
EVT00463,2025-11-06,Religious Event,Kurunegala,750,1000,14,504,30373,430,29.2,80,19.2,6.9,Rain,Thursday,0,1,2.8,567,112.5
EVT00617,2025-11-06,Perahera,Kegalle,2000,1000,36,1143,55513,1169,25,81,7.4,9.5,Clear,Thursday,0,0,7.8,1366,119.51
EVT00089,2025-11-06,Sports Event,Nuwara Eliya,2000,0,72,863,69749,822,18.7,77,1.9,16.1,Clear,Thursday,0,0,4.5,595,68.95
EVT00223,2025-11-07,Workshop,Matara,500,1000,46,181,76716,375,33.7,76,1,2,Clear,Friday,0,0,5.7,216,119.34
EVT01505,2025-11-08,Perahera,Nuwara Eliya,3000,1500,8,2019,72600,1215,18.1,81,1.2,14.4,Clear,Saturday,1,0,1.9,2113,104.66
EVT01694,2025-11-08,Workshop,Kandy,200,3000,61,110,20178,125,24.5,72,14.7,24.6,Rain,Saturday,1,0,6.4,195,177.27
EVT01862,2025-11-08,Community Event,Ratnapura,750,1500,51,12,32211,577,25,61,16.9,8.7,Rain,Saturday,1,0,3.4,105,875
EVT00185,2025-11-08,Sports Event,Colombo,750,250,15,513,28026,527,24.9,80,15.9,7.3,Rain,Saturday,1,0,1.7,691,134.7
EVT02496,2025-11-08,Sports Event,Ratnapura,200,1000,78,23,43880,79,28.5,89,1.3,6.5,Cloudy,Saturday,1,0,5.9,210,913.04
EVT01664,2025-11-09,School Event,Anuradhapura,1500,1500,10,593,57619,726,32.6,67,8.1,19.8,Rain,Sunday,1,0,3.6,472,79.6
EVT02458,2025-11-09,Workshop,Kegalle,750,500,88,498,77751,410,23.4,98,3.6,10.8,Cloudy,Sunday,1,0,3.3,399,80.12
EVT01972,2025-11-09,Sports Event,Galle,1000,2000,56,490,14246,408,28.6,83,29.4,5.5,Heavy Rain,Sunday,1,0,5.8,461,94.08
EVT02333,2025-11-09,Cultural Festival,Nuwara Eliya,1000,250,61,130,80375,549,19.7,97,12.5,3.7,Rain,Sunday,1,0,4.9,442,340
EVT01219,2025-11-09,University Event,Colombo,300,1000,45,138,94918,196,34,73,1.2,6.3,Cloudy,Sunday,1,0,3.9,315,228.26
EVT01659,2025-11-10,Sports Event,Kandy,1500,250,3,637,69321,660,29.3,96,10.9,7.4,Rain,Monday,0,0,1.7,410,64.36
EVT01645,2025-11-10,Exhibition,Ratnapura,2000,2000,43,971,88120,726,24.2,77,13.3,7.1,Rain,Monday,0,1,3.4,793,81.67
EVT02297,2025-11-10,Conference,Colombo,5000,250,66,1760,9853,2147,32.1,67,3.2,19.1,Cloudy,Monday,0,0,6,1077,61.19
EVT01655,2025-11-10,Exhibition,Ratnapura,3000,0,37,818,40302,1543,26.8,76,6.2,8,Cloudy,Monday,0,0,7.9,604,73.84
EVT00471,2025-11-10,Sports Event,Kurunegala,100,1000,56,49,28871,54,24.1,69,15.5,6.3,Rain,Monday,0,0,6,105,214.29
EVT01172,2025-11-11,University Event,Anuradhapura,5000,1000,26,2824,25110,2891,30.1,76,4.4,15.6,Clear,Tuesday,0,0,6.3,2290,81.09
EVT01707,2025-11-12,Cultural Festival,Negombo,100,250,77,24,95109,83,27.1,73,1.9,18,Cloudy,Wednesday,0,0,5.4,105,437.5
EVT00356,2025-11-12,Conference,Nuwara Eliya,1500,3000,16,533,83776,990,24.1,85,26.7,12.3,Heavy Rain,Wednesday,0,0,3.2,447,83.86
EVT00149,2025-11-12,Community Event,Nuwara Eliya,200,1000,8,64,55850,63,14.6,77,20.7,5.2,Rain,Wednesday,0,0,1.7,110,171.88
EVT00788,2025-11-13,Sports Event,Kurunegala,750,750,26,304,50493,252,28.1,73,28.4,5.6,Heavy Rain,Thursday,0,0,6.2,197,64.8
EVT02061,2025-11-14,Conference,Kegalle,750,3000,60,500,69327,272,30.4,64,6.4,15.4,Clear,Friday,0,0,5.5,389,77.8
EVT01868,2025-11-14,Sports Event,Matara,100,2000,39,58,26582,56,23.7,70,2.5,8.2,Clear,Friday,0,0,6.3,105,181.03
EVT00914,2025-11-14,Conference,Ratnapura,5000,750,68,2197,99005,1611,30.3,59,6.8,6,Clear,Friday,0,0,1.8,1243,56.58
EVT02267,2025-11-15,School Event,Anuradhapura,1500,500,70,1317,58012,775,27.8,78,7.7,14.2,Clear,Saturday,1,0,2.5,759,57.63
EVT02148,2025-11-15,Perahera,Negombo,300,750,61,254,17535,140,24.1,81,2.7,15.7,Clear,Saturday,1,0,2.9,315,124.02
EVT00228,2025-11-15,Cultural Festival,Anuradhapura,500,3000,35,326,62087,264,28.6,81,2.6,10.8,Clear,Saturday,1,0,5.8,525,161.04
EVT02485,2025-11-15,Conference,Kurunegala,200,1000,4,133,11785,120,23.8,57,3.3,2,Clear,Saturday,1,1,2.1,210,157.89
EVT01912,2025-11-16,Sports Event,Kurunegala,200,1500,12,56,31533,118,26.4,49,27.3,10.2,Heavy Rain,Sunday,1,1,3.4,210,375
EVT00713,2025-11-16,Exhibition,Anuradhapura,500,0,81,119,58466,315,29.2,83,16.4,18,Rain,Sunday,1,0,3.9,367,308.4
EVT02021,2025-11-16,School Event,Matara,200,250,30,146,44430,102,26.5,65,11.5,13,Rain,Sunday,1,0,5,205,140.41
EVT02274,2025-11-16,Sports Event,Nuwara Eliya,5000,1000,57,2505,73604,2360,18.5,83,2.2,4.4,Clear,Sunday,1,0,4.7,2008,80.16
EVT00152,2025-11-16,Music Festival,Matara,100,250,7,50,48062,53,26.6,85,4.1,15.3,Clear,Sunday,1,0,2.7,105,210
EVT00433,2025-11-18,Religious Event,Kegalle,3000,2000,19,1554,16426,1885,30.5,71,13.8,10.9,Rain,Tuesday,0,0,5.6,1192,76.71
EVT01267,2025-11-19,Perahera,Galle,200,0,30,119,76918,88,27.4,74,4.7,16.6,Clear,Wednesday,0,0,6,210,176.47
EVT00060,2025-11-19,Sports Event,Ratnapura,200,750,20,72,81188,118,25.6,72,15.1,4.3,Rain,Wednesday,0,0,5.4,204,283.33
EVT00677,2025-11-20,School Event,Ratnapura,2000,500,12,1363,77422,966,29.7,71,12.4,4.3,Rain,Thursday,0,0,5.3,596,43.73
EVT02069,2025-11-20,University Event,Colombo,1000,1500,32,700,3339,631,25.9,55,10.5,12.2,Rain,Thursday,0,0,7.1,481,68.71
EVT00568,2025-11-20,Exhibition,Matara,2000,1500,42,1190,69892,254,31.7,61,24,11.9,Rain,Thursday,0,0,2.4,393,33.03
EVT00242,2025-11-21,Conference,Galle,2000,2000,18,731,53219,866,26,81,14.6,2,Rain,Friday,0,0,5.3,671,91.79
EVT02362,2025-11-21,Community Event,Colombo,100,0,86,52,7350,47,24.6,83,14.6,6.5,Rain,Friday,0,0,5,105,201.92
EVT02301,2025-11-21,School Event,Ratnapura,3000,1000,20,818,58469,2089,27.3,85,5.9,22.5,Cloudy,Friday,0,0,5.1,907,110.88
EVT01357,2025-11-21,Music Festival,Anuradhapura,1500,0,55,376,33219,959,26.7,63,7.7,16.7,Clear,Friday,0,0,4.1,729,193.88
EVT01396,2025-11-21,Community Event,Kandy,300,2000,26,151,96337,294,27.9,71,2.7,15.3,Cloudy,Friday,0,0,5.9,260,172.19
EVT00079,2025-11-21,School Event,Negombo,750,250,90,450,57003,466,22.7,98,3.6,14,Cloudy,Friday,0,0,2.8,429,95.33
EVT01046,2025-11-22,Music Festival,Kegalle,750,500,59,211,61010,392,25.4,80,16,10.3,Rain,Saturday,1,0,2.1,360,170.62
EVT02261,2025-11-22,Community Event,Galle,100,0,59,24,54238,35,26.7,74,3.9,7.8,Cloudy,Saturday,1,0,6.5,105,437.5
EVT01027,2025-11-23,Music Festival,Kegalle,3000,1000,3,1290,72524,2425,26.2,79,4.8,2.4,Clear,Sunday,1,0,5.1,1452,112.56
EVT01329,2025-11-23,School Event,Kandy,100,250,87,77,77837,51,26.4,92,16.1,7.9,Rain,Sunday,1,1,3.4,105,136.36
EVT02017,2025-11-23,Conference,Galle,5000,750,51,1546,38791,3039,30.3,77,21.6,14.4,Rain,Sunday,1,0,4.2,577,37.32
EVT01035,2025-11-23,University Event,Nuwara Eliya,300,0,79,54,29333,102,22.4,61,9.1,8.7,Rain,Sunday,1,0,3.8,186,344.44
EVT00685,2025-11-24,Cultural Festival,Kegalle,1500,750,14,1084,44758,875,27.3,70,8.4,7.4,Rain,Monday,0,0,2,852,78.6
EVT02056,2025-11-24,University Event,Galle,100,3000,20,47,33200,59,28.4,81,14.7,12,Rain,Monday,0,0,2.2,105,223.4
EVT02158,2025-11-25,Community Event,Nuwara Eliya,500,3000,60,123,37974,323,19.7,78,8.5,8.5,Rain,Tuesday,0,0,1.7,135,109.76
EVT01347,2025-11-25,Community Event,Ratnapura,1000,750,20,531,64228,657,32.1,73,13.6,14.4,Rain,Tuesday,0,0,2.1,380,71.56
EVT01737,2025-11-25,Music Festival,Colombo,500,2000,28,192,36158,138,29.9,61,11.5,15,Rain,Tuesday,0,0,5.8,365,190.1
EVT02029,2025-11-26,Cultural Festival,Kegalle,3000,250,21,2159,45238,729,25.3,81,9.1,20.7,Rain,Wednesday,0,0,7.7,1543,71.47
EVT00104,2025-11-26,Sports Event,Anuradhapura,300,2000,31,125,30306,176,28.5,62,15.5,15.8,Rain,Wednesday,0,0,2.8,285,228
EVT00439,2025-11-26,University Event,Anuradhapura,5000,250,20,4184,52190,1309,26,86,20.4,13.4,Rain,Wednesday,0,0,3,1347,32.19
EVT01170,2025-11-27,Conference,Kegalle,1000,0,34,453,44445,300,25,77,3.4,13,Clear,Thursday,0,0,3,443,97.79
EVT01901,2025-11-27,Community Event,Galle,1000,250,4,501,7203,0,27.3,70,18,12.1,Rain,Thursday,0,0,2.7,238,47.5
EVT01014,2025-11-28,Perahera,Colombo,2000,500,31,1452,14982,1516,33.1,69,2.6,9.3,Clear,Friday,0,0,3.9,2100,144.63
EVT00802,2025-11-28,Music Festival,Galle,500,1000,75,146,27910,124,29.8,77,7.1,14.5,Clear,Friday,0,0,1.6,499,341.78
EVT00718,2025-11-28,Workshop,Kandy,500,1500,70,89,60521,232,25.1,93,1.6,13.4,Clear,Friday,0,0,4.9,256,287.64
EVT02183,2025-11-28,Exhibition,Nuwara Eliya,3000,500,47,1428,81683,3018,19.9,93,23.5,13.6,Rain,Friday,0,1,7.7,1094,76.61
EVT00561,2025-11-29,Religious Event,Galle,1500,750,53,1082,85112,1192,30.7,45,6.4,7.6,Clear,Saturday,1,0,5,1395,128.93
EVT00938,2025-11-29,Cultural Festival,Matara,1000,1000,14,546,16833,419,25.8,73,16.3,17.2,Rain,Saturday,1,0,2,555,101.65
EVT00246,2025-11-29,Perahera,Galle,500,1000,51,460,6230,252,25.3,52,22.5,7.2,Rain,Saturday,1,0,2.5,525,114.13
EVT01430,2025-11-29,University Event,Colombo,1500,250,55,208,11723,812,23.2,80,7.6,10,Clear,Saturday,1,0,5.5,577,277.4
EVT00371,2025-11-30,Music Festival,Anuradhapura,300,500,33,179,79968,116,30,79,3.2,9.3,Clear,Sunday,1,0,3.6,315,175.98
EVT00808,2025-11-30,Conference,Colombo,200,3000,54,124,22040,92,27.7,70,14.6,13.9,Rain,Sunday,1,0,2,210,169.35
EVT01621,2025-11-30,Community Event,Matara,300,500,4,62,91253,250,27.3,61,6.6,9.5,Cloudy,Sunday,1,0,4.5,224,361.29
EVT01049,2025-11-30,Sports Event,Nuwara Eliya,750,750,56,517,88954,348,18.9,68,5.6,6.4,Clear,Sunday,1,0,7.4,656,126.89
EVT01305,2025-11-30,Perahera,Kegalle,500,3000,51,249,74423,145,24,98,38,14.9,Heavy Rain,Sunday,1,0,4.3,347,139.36
EVT01206,2025-12-01,Cultural Festival,Ratnapura,300,250,3,65,94195,114,27.4,82,17.2,16,Rain,Monday,0,0,4.5,217,333.85
EVT01272,2025-12-01,School Event,Kegalle,3000,0,38,1695,13644,1639,29.8,74,3,13.8,Cloudy,Monday,0,0,5.6,1051,62.01
EVT00361,2025-12-01,Sports Event,Anuradhapura,500,250,46,411,43552,263,26.1,75,21.3,14.5,Rain,Monday,0,0,6.1,460,111.92
EVT00741,2025-12-01,Sports Event,Colombo,200,3000,7,119,81321,78,28.8,75,0.9,11.9,Clear,Monday,0,0,6.9,210,176.47
EVT00199,2025-12-02,Cultural Festival,Nuwara Eliya,3000,2000,87,2229,20442,2456,21.3,88,32.3,5.4,Heavy Rain,Tuesday,0,0,5.1,946,42.44
EVT01377,2025-12-02,Perahera,Galle,500,500,87,313,31071,440,27.3,84,7.7,16.2,Clear,Tuesday,0,0,6.9,525,167.73
EVT00211,2025-12-02,Perahera,Colombo,1000,250,15,315,79172,675,27.4,62,11.8,19.5,Rain,Tuesday,0,0,3.3,669,212.38
EVT00564,2025-12-02,Workshop,Negombo,1000,2000,54,483,80022,382,26.7,74,37,8,Heavy Rain,Tuesday,0,0,1.6,200,41.41
EVT00121,2025-12-02,Sports Event,Galle,500,0,27,253,15782,212,29.4,83,21,22.3,Rain,Tuesday,0,0,5.6,263,103.95
EVT00256,2025-12-03,Exhibition,Matara,200,750,27,146,17797,115,28.9,75,0.4,6.8,Cloudy,Wednesday,0,0,7.1,210,143.84
EVT00856,2025-12-03,Music Festival,Nuwara Eliya,100,1000,35,46,94518,48,19.9,71,1.8,5.9,Cloudy,Wednesday,0,0,2.4,105,228.26
EVT01954,2025-12-04,University Event,Galle,1500,1000,51,238,60930,1492,25.7,89,17.6,7.6,Rain,Thursday,0,0,3.1,305,128.15
EVT01222,2025-12-05,Community Event,Kurunegala,100,2000,90,47,3734,34,31.9,57,3,21.6,Clear,Friday,0,0,3.9,105,223.4
EVT00231,2025-12-06,Cultural Festival,Anuradhapura,2000,1000,53,1066,7871,1534,24.1,79,6.8,18.6,Cloudy,Saturday,1,0,5.9,1196,112.2
EVT00810,2025-12-06,Cultural Festival,Kandy,100,500,69,66,57331,80,27.2,74,1.5,3.6,Clear,Saturday,1,0,4.9,105,159.09
EVT02173,2025-12-06,Sports Event,Ratnapura,200,2000,62,76,59389,69,29.6,68,7.7,11.3,Clear,Saturday,1,0,5.5,210,276.32
EVT00819,2025-12-06,Cultural Festival,Negombo,100,2000,89,53,50874,50,27.4,73,22,15.3,Rain,Saturday,1,0,4,105,198.11
EVT02489,2025-12-07,Cultural Festival,Colombo,3000,0,22,2243,92041,1967,26.8,82,13.1,12,Rain,Sunday,1,1,2.8,2403,107.13
EVT01390,2025-12-07,Music Festival,Galle,750,2000,16,502,96025,735,25.7,83,10.5,7.1,Rain,Sunday,1,0,1.5,606,120.72
EVT00719,2025-12-08,Sports Event,Ratnapura,100,1000,3,29,25234,55,25.9,70,1.7,2,Cloudy,Monday,0,0,5.6,105,362.07
EVT01992,2025-12-08,Community Event,Anuradhapura,200,2000,11,79,36757,114,27,59,12.1,7.5,Rain,Monday,0,0,3.1,159,201.27
EVT02263,2025-12-08,Workshop,Kandy,200,1000,63,74,5801,172,23.2,66,5.9,2,Clear,Monday,0,0,4.5,206,278.38
EVT01457,2025-12-09,Community Event,Colombo,750,250,38,493,36605,268,29.4,71,18.7,3,Rain,Tuesday,0,0,6.5,396,80.32
EVT00886,2025-12-10,Community Event,Anuradhapura,5000,750,10,1642,34080,3972,23,75,15.1,8.4,Rain,Wednesday,0,0,3.8,1300,79.17
EVT01802,2025-12-10,Cultural Festival,Ratnapura,5000,3000,24,2595,60631,2653,26.7,71,21.3,14.8,Rain,Wednesday,0,1,6.5,1747,67.32
EVT00479,2025-12-10,Community Event,Kurunegala,200,750,71,66,24380,94,27.1,78,16.4,15.1,Rain,Wednesday,0,0,2.4,161,243.94
EVT02147,2025-12-10,School Event,Kegalle,500,750,79,213,13348,395,27.8,93,24.4,2,Rain,Wednesday,0,0,6.7,213,100
EVT00796,2025-12-11,Religious Event,Kegalle,5000,750,51,3075,82569,1005,29.6,80,22,17.5,Rain,Thursday,0,0,6.3,1696,55.15
EVT02211,2025-12-11,Workshop,Colombo,1500,500,54,1027,68925,504,29.9,57,9.5,11.5,Rain,Thursday,0,0,4.6,452,44.01
EVT00243,2025-12-12,Religious Event,Colombo,3000,250,14,2458,69953,2052,26.2,62,20.6,2,Rain,Friday,0,1,5.9,2136,86.9
EVT00594,2025-12-12,University Event,Matara,1000,250,24,748,61550,582,29.7,71,52.9,11.6,Heavy Rain,Friday,0,0,3.3,371,49.6
EVT00274,2025-12-12,Cultural Festival,Negombo,750,1500,9,263,56617,419,26.6,73,32.5,7.3,Heavy Rain,Friday,0,0,3.8,200,76.05
EVT01494,2025-12-13,Exhibition,Kandy,100,3000,48,20,59112,56,29.3,89,17.6,8,Rain,Saturday,1,0,5.8,105,525
EVT00740,2025-12-13,Religious Event,Galle,100,750,58,56,22137,45,25.4,78,3.7,15.4,Clear,Saturday,1,0,4,105,187.5
EVT01478,2025-12-13,Community Event,Ratnapura,500,1500,22,387,65306,438,30.2,69,0.9,11.6,Clear,Saturday,1,0,8,307,79.33
EVT02393,2025-12-14,Religious Event,Kandy,1000,3000,77,621,52052,833,23.1,83,13.8,14.1,Rain,Sunday,1,0,5.2,828,133.33
EVT02110,2025-12-14,School Event,Nuwara Eliya,1500,500,68,904,96700,1106,24,72,35.6,6.2,Heavy Rain,Sunday,1,0,4.2,521,57.63
EVT00084,2025-12-15,Sports Event,Negombo,750,1000,88,295,46913,183,27.8,65,2.7,2.4,Clear,Monday,0,0,3.3,537,182.03
EVT02492,2025-12-15,Community Event,Nuwara Eliya,5000,500,21,1877,14389,4813,15,67,20.1,11.9,Rain,Monday,0,0,3,241,12.84
EVT00974,2025-12-15,University Event,Galle,2000,750,5,728,76993,804,29.1,84,11.3,9.9,Rain,Monday,0,0,7,184,25.27
EVT00619,2025-12-16,Sports Event,Galle,2000,750,10,569,46038,1072,28.4,72,0.8,13.4,Clear,Tuesday,0,0,1.7,1069,187.87
EVT00693,2025-12-16,Cultural Festival,Kandy,100,500,45,55,24660,44,31.1,74,13,21.9,Rain,Tuesday,0,0,4.5,105,190.91
EVT01389,2025-12-16,Perahera,Nuwara Eliya,300,250,15,111,50120,134,23,79,11.1,17.5,Rain,Tuesday,0,0,3.7,247,222.52
EVT00516,2025-12-17,Religious Event,Negombo,1000,500,21,586,68094,503,30.2,73,33.4,11.6,Heavy Rain,Wednesday,0,0,3.9,505,86.18
EVT02002,2025-12-17,University Event,Kandy,3000,250,51,603,34030,2459,26.3,78,36.3,2,Heavy Rain,Wednesday,0,0,3.2,651,107.96
EVT00985,2025-12-17,University Event,Negombo,3000,250,47,2216,93416,1746,25.6,93,16.5,4.9,Rain,Wednesday,0,0,6.5,1325,59.79
EVT01184,2025-12-18,Religious Event,Anuradhapura,300,0,34,74,26051,111,29.3,80,9.8,11.6,Rain,Thursday,0,0,7.7,293,395.95
EVT00326,2025-12-19,Religious Event,Galle,1500,500,42,1035,88590,1134,20.9,74,8.4,20.3,Rain,Friday,0,0,6.8,1002,96.81
EVT01677,2025-12-20,Workshop,Colombo,500,1000,30,244,98509,185,25.5,67,2.3,3.9,Clear,Saturday,1,1,7.4,347,142.21
EVT01864,2025-12-21,School Event,Anuradhapura,3000,1000,78,1800,64503,1503,29.3,73,22.3,3.7,Rain,Sunday,1,0,4.3,728,40.44
EVT02075,2025-12-21,Perahera,Kurunegala,1500,0,83,963,64350,1192,25.2,58,5,14.8,Clear,Sunday,1,0,3.8,1348,139.98
EVT00844,2025-12-21,Sports Event,Kandy,1000,1000,62,447,45880,800,32.9,75,5.4,8.9,Clear,Sunday,1,0,7.1,819,183.22
EVT00756,2025-12-22,Cultural Festival,Galle,500,1000,25,39,70662,493,31,85,8,10,Rain,Monday,0,0,2.4,314,805.13
EVT01591,2025-12-22,Perahera,Negombo,200,0,33,89,76880,147,31,62,21.8,14.9,Rain,Monday,0,0,1.9,210,235.96
EVT00710,2025-12-24,Religious Event,Matara,300,500,18,143,69125,216,29.7,83,4.8,11.8,Clear,Wednesday,0,0,5.7,315,220.28
EVT00593,2025-12-24,Exhibition,Matara,100,3000,88,52,52130,28,25.9,82,1.8,16.1,Cloudy,Wednesday,0,0,7.3,105,201.92
EVT01007,2025-12-25,Community Event,Negombo,100,0,24,82,89270,61,30.7,69,8.1,10.1,Rain,Thursday,0,0,7.4,102,124.39
EVT02294,2025-12-25,Cultural Festival,Kandy,1000,0,62,471,948,554,28.1,59,4.4,15.4,Clear,Thursday,0,0,6.6,804,170.7
EVT01221,2025-12-26,Workshop,Negombo,100,0,84,66,51469,29,27.5,72,11.6,8.1,Rain,Friday,0,0,4.4,105,159.09
EVT00255,2025-12-26,Community Event,Galle,2000,0,70,1563,15105,832,24.2,63,9.1,8.4,Rain,Friday,0,0,3.6,725,46.39
EVT01625,2025-12-26,Perahera,Nuwara Eliya,500,2000,18,350,62306,231,17.6,92,7,7.4,Clear,Friday,0,0,3.8,467,133.43
EVT00910,2025-12-27,School Event,Kurunegala,3000,2000,41,2125,57672,893,28,69,5.2,14.7,Clear,Saturday,1,0,6.6,1377,64.8
EVT01989,2025-12-27,Music Festival,Kandy,750,750,80,426,20625,434,28.4,69,3.1,11.2,Cloudy,Saturday,1,1,2.8,787,184.74
EVT01250,2025-12-28,Religious Event,Kandy,3000,250,62,1918,34081,1005,30.5,78,15.1,15.5,Rain,Sunday,1,0,7.7,1977,103.08
EVT00298,2025-12-28,University Event,Negombo,300,3000,16,128,9220,130,28.8,78,8.8,11.1,Rain,Sunday,1,0,3.7,169,132.03
EVT00586,2025-12-28,Conference,Nuwara Eliya,1500,1000,82,311,38386,865,17.4,68,0.7,23.9,Clear,Sunday,1,0,6.1,388,124.76
EVT01321,2025-12-29,Perahera,Galle,300,1000,65,126,77289,99,27.6,64,4.8,14.9,Clear,Monday,0,0,7.9,315,250
EVT02421,2025-12-29,Exhibition,Galle,100,2000,47,46,18532,49,26.8,77,21.4,4.6,Rain,Monday,0,0,4.7,105,228.26
EVT00150,2025-12-29,Religious Event,Ratnapura,1000,500,6,729,94608,416,26,91,8.4,12.1,Rain,Monday,0,0,2,639,87.65
EVT01984,2025-12-30,School Event,Ratnapura,300,3000,25,275,42073,163,25.2,58,3.5,12.9,Clear,Tuesday,0,0,6.3,241,87.64
EVT00458,2025-12-30,Perahera,Anuradhapura,2000,3000,79,876,89803,1755,29.7,72,3.4,15.2,Clear,Tuesday,0,0,6.8,1581,180.48
EVT01183,2025-12-30,Community Event,Kandy,300,3000,39,164,65734,192,27.4,68,28.5,6.5,Heavy Rain,Tuesday,0,0,6.7,128,78.05
EVT01468,2025-12-30,Music Festival,Kegalle,500,750,60,253,79586,332,28.5,92,9.1,8.8,Rain,Tuesday,0,0,5.4,417,164.82
EVT02480,2025-12-30,Cultural Festival,Negombo,200,1000,42,70,95555,105,23.7,86,5.7,10.5,Cloudy,Tuesday,0,1,6.5,210,300
EVT02372,2025-12-30,Workshop,Kurunegala,750,250,82,349,37795,553,31.2,74,47.7,14.3,Heavy Rain,Tuesday,0,0,8,40,11.46
EVT00258,2025-12-31,Workshop,Kegalle,1500,0,77,855,74917,1219,23.4,72,0.6,11.2,Clear,Wednesday,0,0,7.5,585,68.42
EVT02474,2025-12-31,Religious Event,Matara,1500,500,55,823,43824,752,26.9,85,0.8,18.2,Clear,Wednesday,0,0,4.9,1105,134.26
EVT00722,2026-01-01,Community Event,Kandy,500,250,67,323,6594,325,29.4,72,13.1,18.8,Rain,Thursday,0,0,5.2,259,80.19
EVT01632,2026-01-02,Religious Event,Kandy,750,750,12,428,60499,240,27.2,76,15,3.3,Rain,Friday,0,0,4.4,631,147.43
EVT00203,2026-01-02,Conference,Kurunegala,2000,2000,58,1069,13733,1503,26,66,8.2,3.6,Rain,Friday,0,0,3.4,488,45.65
EVT02014,2026-01-02,School Event,Ratnapura,1500,0,35,536,39738,716,30,68,4,14.6,Cloudy,Friday,0,0,4.4,430,80.22
EVT01315,2026-01-02,Workshop,Matara,750,500,28,238,83586,413,28.8,58,5.2,3.6,Cloudy,Friday,0,0,1.8,272,114.29
EVT00445,2026-01-02,Religious Event,Negombo,1500,750,46,562,73166,775,27.5,71,7.4,15.4,Cloudy,Friday,0,0,6.7,989,175.98
EVT01543,2026-01-02,Music Festival,Kurunegala,5000,1000,71,2822,80035,3177,31.1,76,7.9,14.9,Cloudy,Friday,0,1,2.6,2974,105.39
EVT00405,2026-01-03,Community Event,Kegalle,5000,0,6,3543,14580,1552,32.1,68,22.2,3.4,Rain,Saturday,1,0,2,844,23.82
EVT00139,2026-01-03,Sports Event,Galle,200,3000,28,150,86656,128,30,82,23.8,15.5,Rain,Saturday,1,0,2.1,210,140
EVT01195,2026-01-03,Perahera,Negombo,2000,500,32,790,52056,997,29.5,76,7.9,9.4,Clear,Saturday,1,0,5.8,1333,168.73
EVT01481,2026-01-04,Music Festival,Kandy,750,250,89,523,77858,534,29.5,76,35,11.9,Heavy Rain,Sunday,1,0,5.8,519,99.24
EVT00254,2026-01-04,University Event,Kandy,500,750,57,140,73333,268,29.2,88,18.2,10.1,Rain,Sunday,1,0,5.6,296,211.43
EVT00403,2026-01-04,Exhibition,Galle,500,250,90,238,82715,310,29.2,79,9.7,14.5,Rain,Sunday,1,0,7.1,365,153.36
EVT01833,2026-01-04,Sports Event,Nuwara Eliya,750,2000,15,362,14028,428,21.8,70,23.7,16.8,Rain,Sunday,1,0,4.6,375,103.59
EVT01364,2026-01-05,School Event,Matara,200,3000,39,146,32323,102,27.7,72,2.3,2,Clear,Monday,0,0,7,203,139.04
EVT01589,2026-01-05,Religious Event,Galle,100,250,35,75,16968,65,26.4,88,20.2,13.6,Rain,Monday,0,0,6.3,105,140
EVT01126,2026-01-05,Conference,Colombo,1500,250,65,657,23821,542,25.5,80,26.4,4.1,Heavy Rain,Monday,0,0,4,357,54.34
EVT02209,2026-01-05,Workshop,Matara,5000,250,47,2083,97693,2380,24.7,78,1.9,13.9,Clear,Monday,0,0,7.9,1370,65.77
EVT02353,2026-01-05,Music Festival,Kegalle,750,1000,30,634,75381,404,27.7,65,5.2,9,Cloudy,Monday,0,1,1.8,773,121.92
EVT01657,2026-01-05,Exhibition,Ratnapura,1000,1000,58,629,13653,747,30.4,66,8.9,18.1,Rain,Monday,0,0,4.1,333,52.94
EVT01344,2026-01-06,Music Festival,Matara,1000,500,30,372,70043,728,33.9,69,10.6,7.3,Rain,Tuesday,0,0,5.1,540,145.16
EVT01241,2026-01-06,Exhibition,Negombo,5000,1000,47,2633,89394,1642,30.5,65,4.6,13.1,Clear,Tuesday,0,0,6.9,2101,79.79
EVT00758,2026-01-06,Workshop,Nuwara Eliya,1500,1000,34,755,88253,851,19.5,69,23.6,22.6,Rain,Tuesday,0,0,3,378,50.07
EVT02138,2026-01-07,Exhibition,Nuwara Eliya,100,750,32,63,60803,41,23.7,83,16,10.4,Rain,Wednesday,0,0,4.6,105,166.67
EVT01873,2026-01-08,Community Event,Kandy,100,500,57,67,62929,65,22.7,88,26.4,8.5,Heavy Rain,Thursday,0,0,5.6,105,156.72
EVT00075,2026-01-09,Music Festival,Kandy,500,1500,41,171,18278,195,24.6,68,17.4,8.4,Rain,Friday,0,0,5.6,404,236.26
EVT01441,2026-01-09,Sports Event,Kegalle,200,250,19,125,6140,147,28.8,85,35,10.3,Heavy Rain,Friday,0,1,6.5,191,152.8
EVT02210,2026-01-09,Exhibition,Negombo,3000,500,65,2148,65900,1223,30.5,71,2.4,14.7,Clear,Friday,0,1,3.4,1448,67.41
EVT02399,2026-01-10,Sports Event,Kandy,300,250,70,209,55280,84,26.1,69,2.8,10.1,Clear,Saturday,1,0,2.8,315,150.72
EVT02199,2026-01-10,Workshop,Kegalle,5000,250,76,3502,94356,3349,26.7,61,15.4,8.1,Rain,Saturday,1,0,7.5,825,23.56
EVT01955,2026-01-10,Community Event,Anuradhapura,100,500,32,40,10911,41,28.3,76,36.9,7.3,Heavy Rain,Saturday,1,0,7.4,73,182.5
EVT01254,2026-01-11,Sports Event,Matara,300,250,7,230,74247,148,23.6,98,7.1,14.3,Clear,Sunday,1,0,4.3,315,136.96
EVT01112,2026-01-11,School Event,Anuradhapura,1000,750,87,533,76667,618,31.7,84,20.8,9.2,Rain,Sunday,1,0,6.5,417,78.24
EVT01000,2026-01-12,Sports Event,Kegalle,100,2000,19,89,97975,62,30.1,72,4.1,17.7,Cloudy,Monday,0,0,3.1,105,117.98
EVT01597,2026-01-12,School Event,Nuwara Eliya,100,2000,10,67,84567,63,19.2,81,17.4,12.1,Rain,Monday,0,0,3,105,156.72
EVT01054,2026-01-12,Music Festival,Kegalle,300,0,31,108,88747,32,29.2,84,4.2,15,Clear,Monday,0,0,2.2,315,291.67
EVT00679,2026-01-13,Conference,Kegalle,1500,2000,29,734,98575,532,27.2,89,1.7,8.5,Clear,Tuesday,0,0,6.4,359,48.91
EVT02220,2026-01-13,School Event,Kandy,1500,250,35,685,37594,208,30,82,5.8,3.8,Cloudy,Tuesday,0,1,2.3,526,76.79
EVT00362,2026-01-13,Religious Event,Anuradhapura,750,3000,21,496,76456,407,24.5,73,14.6,15.7,Rain,Tuesday,0,0,4.2,697,140.52
EVT00098,2026-01-13,Sports Event,Nuwara Eliya,500,1000,40,240,91036,209,18.5,93,16.5,9.6,Rain,Tuesday,0,0,4.5,351,146.25
EVT01318,2026-01-14,Cultural Festival,Galle,1500,2000,58,1206,45578,331,27,88,9.6,18.6,Rain,Wednesday,0,0,3,904,74.96
EVT01130,2026-01-14,Cultural Festival,Ratnapura,300,1000,65,136,11226,172,28.5,75,0.4,10.2,Clear,Wednesday,0,0,3.3,315,231.62
EVT00404,2026-01-15,Cultural Festival,Colombo,2000,250,45,367,20142,1073,27.1,54,20.5,13.5,Rain,Thursday,0,0,6.8,367,100
EVT00839,2026-01-16,Conference,Nuwara Eliya,750,1000,13,397,83517,578,21.1,69,20.6,2,Rain,Friday,0,0,5.7,299,75.31
EVT00952,2026-01-18,Music Festival,Negombo,1500,0,64,345,18040,933,28.4,88,5.2,3,Clear,Sunday,1,0,6.3,915,265.22
EVT00147,2026-01-18,Music Festival,Nuwara Eliya,2000,3000,9,658,62761,977,20.5,73,3.6,4.9,Cloudy,Sunday,1,0,3.2,523,79.48
EVT00035,2026-01-19,Community Event,Kandy,5000,1500,17,1698,39018,2581,27.9,64,4.7,20.4,Clear,Monday,0,0,2.1,1644,96.82
EVT02091,2026-01-20,Conference,Matara,100,1500,70,25,8246,73,29.1,85,20.1,7.9,Rain,Tuesday,0,0,7.9,105,420
EVT01840,2026-01-20,Music Festival,Colombo,750,500,82,345,58616,375,26.2,72,5.9,6.5,Cloudy,Tuesday,0,0,2.7,684,198.26
EVT00160,2026-01-20,University Event,Kurunegala,1500,250,52,840,13656,1058,29.4,70,2.6,9,Clear,Tuesday,0,0,2,834,99.29
EVT01475,2026-01-20,School Event,Galle,300,750,56,166,78306,125,25.3,77,19.5,4.6,Rain,Tuesday,0,1,5,240,144.58
EVT00919,2026-01-20,School Event,Anuradhapura,5000,750,53,3172,95655,973,25.1,77,10.1,3.9,Rain,Tuesday,0,1,4.3,1025,32.31
EVT01970,2026-01-20,University Event,Galle,300,1000,47,218,46636,134,26,58,20.8,2,Rain,Tuesday,0,0,6.7,238,109.17
EVT00181,2026-01-20,University Event,Ratnapura,500,2000,59,335,37445,383,26.8,56,15.8,5.7,Rain,Tuesday,0,1,3.9,269,80.3
EVT00055,2026-01-20,Cultural Festival,Galle,300,750,83,144,45920,185,25.4,53,6.6,20.3,Clear,Tuesday,0,0,2,315,218.75
EVT01510,2026-01-21,School Event,Matara,200,0,69,116,12677,138,27,74,6.3,7.9,Clear,Wednesday,0,0,4.7,210,181.03
EVT00387,2026-01-21,Community Event,Kurunegala,500,750,70,192,98620,414,30.4,88,4.9,10.6,Cloudy,Wednesday,0,0,4.6,307,159.9
EVT00738,2026-01-22,Religious Event,Matara,750,1000,56,219,7327,385,29.2,68,21.5,2.9,Rain,Thursday,0,0,4.8,398,181.74
EVT02049,2026-01-22,Sports Event,Negombo,750,750,27,297,48885,638,33.4,74,12.1,14.2,Rain,Thursday,0,0,4.7,289,97.31
EVT01198,2026-01-22,University Event,Kurunegala,1000,250,49,791,11504,507,27.1,85,4.4,14.7,Cloudy,Thursday,0,0,5.5,423,53.48
EVT00292,2026-01-23,Exhibition,Colombo,1500,1000,58,863,3817,938,26.4,75,9.4,14.4,Rain,Friday,0,0,7.1,570,66.05
EVT00728,2026-01-23,Sports Event,Negombo,500,250,64,275,76418,239,29.3,70,5.8,11.6,Clear,Friday,0,0,3.3,507,184.36
EVT01604,2026-01-23,Sports Event,Kegalle,3000,1000,32,1103,63242,1472,29.6,65,9.4,11.6,Rain,Friday,0,0,4.9,927,84.04
EVT00896,2026-01-24,Conference,Nuwara Eliya,5000,250,14,3942,69133,2399,19.7,74,5.7,13.1,Cloudy,Saturday,1,1,3.2,1968,49.92
EVT00074,2026-01-24,Sports Event,Anuradhapura,100,2000,78,32,74631,64,31.5,82,9.6,19.9,Rain,Saturday,1,0,5.3,105,328.12
EVT02232,2026-01-25,Community Event,Galle,5000,500,73,4438,7508,1504,22.3,86,1,13.5,Clear,Sunday,1,1,6.3,2436,54.89
EVT01139,2026-01-26,Cultural Festival,Ratnapura,750,0,64,436,94647,291,27.3,88,7.2,5.7,Cloudy,Monday,0,0,2.1,584,133.94
EVT00443,2026-01-26,Religious Event,Colombo,500,1500,71,147,99248,262,27,52,27.2,5.3,Heavy Rain,Monday,0,0,4,345,234.69
EVT02428,2026-01-27,Cultural Festival,Nuwara Eliya,3000,500,40,1155,93979,2208,18.8,80,0.4,21.3,Clear,Tuesday,0,0,3.7,1020,88.31
EVT00698,2026-01-27,Religious Event,Kegalle,500,250,27,382,85471,297,25.6,86,22,5.8,Rain,Tuesday,0,0,3,386,101.05
EVT01155,2026-01-27,Religious Event,Ratnapura,300,0,72,210,39329,144,24.9,84,8.7,17.1,Rain,Tuesday,0,0,2.6,315,150
EVT00711,2026-01-27,Perahera,Galle,100,750,17,27,41663,40,28.3,79,11.3,13.3,Rain,Tuesday,0,0,2.9,105,388.89
EVT01096,2026-01-27,Workshop,Anuradhapura,200,3000,54,133,17050,134,27.6,94,21.5,9.5,Rain,Tuesday,0,0,7.6,148,111.28
EVT02451,2026-01-28,University Event,Anuradhapura,500,3000,7,193,24288,373,29.7,68,4,19.9,Cloudy,Wednesday,0,0,6,339,175.65
EVT01406,2026-01-28,Conference,Ratnapura,500,0,29,138,36368,214,28.2,66,13.1,12.6,Rain,Wednesday,0,0,7.6,242,175.36
EVT01819,2026-01-29,Conference,Ratnapura,1000,1500,68,339,41079,604,26,78,7.2,15.6,Cloudy,Thursday,0,0,7.6,226,66.67
EVT02396,2026-01-29,University Event,Nuwara Eliya,100,250,65,60,47672,43,12.7,66,2,11.9,Clear,Thursday,0,0,1.7,105,175
EVT02153,2026-01-29,Music Festival,Nuwara Eliya,500,250,64,148,32535,413,18.6,78,4.1,8.9,Clear,Thursday,0,0,6.9,441,297.97
EVT01605,2026-01-29,Community Event,Nuwara Eliya,1500,0,46,661,82059,930,21.2,62,3.8,12.7,Clear,Thursday,0,0,3.1,278,42.06
EVT01899,2026-01-30,Community Event,Nuwara Eliya,100,750,24,30,52473,55,17.2,79,6.8,11.8,Clear,Friday,0,0,3.8,105,350
EVT01097,2026-01-30,Community Event,Ratnapura,1500,1500,84,984,64329,1127,24.2,74,12.8,8,Rain,Friday,0,0,3.6,477,48.48
EVT00524,2026-01-31,Perahera,Matara,1500,500,27,749,75787,836,23.4,88,10.6,19,Rain,Saturday,1,0,1.8,906,120.96
EVT00451,2026-01-31,Exhibition,Kandy,200,0,28,27,62637,75,31.5,92,7.4,2,Cloudy,Saturday,1,0,2.2,210,777.78
EVT01688,2026-01-31,Conference,Ratnapura,300,1500,34,153,90099,166,29.3,75,5.4,11.2,Clear,Saturday,1,0,3.6,255,166.67
EVT02326,2026-01-31,Workshop,Colombo,100,1500,46,63,68842,49,31.3,82,4.8,3,Clear,Saturday,1,0,7.1,105,166.67
EVT01005,2026-02-02,Religious Event,Nuwara Eliya,200,0,62,98,70515,177,19.2,83,24.5,11.3,Rain,Monday,0,1,7,210,214.29
EVT00237,2026-02-03,Religious Event,Galle,500,250,45,254,1007,347,28.4,85,6.8,16.7,Clear,Tuesday,0,0,4.6,430,169.29
EVT00846,2026-02-03,School Event,Galle,3000,2000,16,1286,39124,1902,27.8,63,23,8,Rain,Tuesday,0,0,6.4,634,49.3
EVT02365,2026-02-03,University Event,Galle,500,2000,67,310,29237,405,30.7,82,10.2,18.2,Rain,Tuesday,0,0,2.4,383,123.55
EVT00531,2026-02-04,Conference,Colombo,1500,1500,4,840,63726,637,29,91,7.8,15.3,Cloudy,Wednesday,0,0,3.4,648,77.14
EVT00413,2026-02-04,Conference,Negombo,500,500,60,91,92916,194,27.9,88,0.7,14.1,Cloudy,Wednesday,0,0,2.8,198,217.58
EVT01013,2026-02-04,Workshop,Anuradhapura,5000,750,75,1811,5793,2857,27.9,78,52.2,3.1,Heavy Rain,Wednesday,0,0,4.5,1349,74.49
EVT02361,2026-02-04,Religious Event,Kurunegala,1500,500,28,908,60916,940,29.5,80,4.4,2,Clear,Wednesday,0,0,6.6,1071,117.95
EVT00992,2026-02-04,Exhibition,Anuradhapura,750,750,88,200,32352,361,24.1,84,1.6,11,Cloudy,Wednesday,0,0,7.2,429,214.5
EVT01361,2026-02-05,Sports Event,Anuradhapura,200,3000,42,93,2294,131,27.9,69,22.8,6.8,Rain,Thursday,0,1,2.5,210,225.81
EVT00859,2026-02-05,University Event,Anuradhapura,100,500,78,29,68259,45,30.1,55,3,21.8,Clear,Thursday,0,0,7,105,362.07
EVT01593,2026-02-05,Cultural Festival,Negombo,200,2000,29,135,70103,113,24.7,76,14.1,14.9,Rain,Thursday,0,0,2.9,210,155.56
EVT02111,2026-02-06,Cultural Festival,Negombo,750,500,43,483,50618,546,26.5,76,21.3,15.5,Rain,Friday,0,0,1.7,467,96.69
EVT00187,2026-02-06,Workshop,Negombo,5000,500,37,1756,61315,1834,27.4,74,8.2,2.9,Rain,Friday,0,0,3,933,53.13
EVT01107,2026-02-06,University Event,Galle,200,250,81,66,45541,134,26.7,63,3.5,12.7,Cloudy,Friday,0,0,6.9,210,318.18
EVT01322,2026-02-06,Perahera,Ratnapura,3000,3000,4,1627,8136,1511,26.9,66,5.5,5.3,Clear,Friday,0,0,2.7,1643,100.98
EVT01009,2026-02-07,Sports Event,Kegalle,5000,0,31,2160,32853,2774,26.4,71,7.5,13.1,Clear,Saturday,1,0,7.8,2117,98.01
EVT01892,2026-02-07,School Event,Ratnapura,2000,250,38,1298,19196,1221,24.2,74,2.9,13.7,Cloudy,Saturday,1,0,1.7,713,54.93
EVT00897,2026-02-08,Community Event,Kurunegala,2000,1500,27,1296,97565,779,27.2,74,2.5,14.6,Clear,Sunday,1,0,5,739,57.02
EVT01394,2026-02-08,Perahera,Kurunegala,3000,2000,32,771,35226,596,27.6,85,2.1,13.3,Clear,Sunday,1,0,2,940,121.92
EVT02438,2026-02-08,University Event,Galle,100,500,11,60,5729,92,32,50,22.2,19.7,Rain,Sunday,1,0,2.6,105,175
EVT00918,2026-02-09,Religious Event,Kurunegala,1500,500,74,831,73586,618,26.5,89,10.2,11.3,Rain,Monday,0,1,7,995,119.74
EVT01030,2026-02-09,Music Festival,Kandy,750,1000,47,523,58913,249,30.1,76,1.6,20.3,Clear,Monday,0,0,2.8,787,150.48
EVT01578,2026-02-10,Music Festival,Kegalle,100,2000,47,80,88151,79,25.3,61,31,20.5,Heavy Rain,Tuesday,0,0,3.5,105,131.25
EVT01883,2026-02-10,Cultural Festival,Colombo,3000,0,47,882,61981,2443,25.8,76,12.7,8,Rain,Tuesday,0,0,6.6,1519,172.22
EVT01548,2026-02-10,Cultural Festival,Kegalle,2000,750,31,1778,24581,1249,29.2,91,23.7,16.1,Rain,Tuesday,0,0,6,1175,66.09
EVT00353,2026-02-12,Religious Event,Galle,3000,1000,67,290,1468,548,27.7,80,4.7,11.8,Clear,Thursday,0,0,4.8,794,273.79
EVT02200,2026-02-12,Perahera,Ratnapura,200,1000,34,108,4868,78,23.8,77,29.9,12.2,Heavy Rain,Thursday,0,0,2.9,177,163.89
EVT02322,2026-02-12,Workshop,Anuradhapura,750,3000,54,389,81536,274,24.1,77,7.8,8.6,Clear,Thursday,0,1,3.4,441,113.37
EVT00475,2026-02-12,Perahera,Kurunegala,1000,3000,83,500,50845,718,26.7,49,4,5.4,Clear,Thursday,0,0,5.8,889,177.8
EVT00701,2026-02-12,School Event,Kurunegala,750,0,15,555,68103,337,32,64,9.9,16.8,Rain,Thursday,0,0,6.6,221,39.82
EVT00492,2026-02-12,Exhibition,Kandy,1000,1500,74,862,95721,571,24.2,79,3.4,4.6,Cloudy,Thursday,0,0,3.5,917,106.38
EVT01074,2026-02-13,Perahera,Ratnapura,100,0,49,55,50882,56,28.3,64,6,10,Clear,Friday,0,0,3.2,105,190.91
EVT00459,2026-02-13,Religious Event,Kurunegala,100,3000,86,34,60400,57,27.3,82,0.4,15.8,Clear,Friday,0,0,2.8,105,308.82
EVT01159,2026-02-14,Workshop,Kandy,750,750,76,295,71411,569,28.1,86,19.6,12.5,Rain,Saturday,1,0,6.1,368,124.75
EVT01826,2026-02-15,University Event,Ratnapura,3000,750,10,1927,50838,1841,28.3,74,13.5,19.3,Rain,Sunday,1,0,6.8,1194,61.96
EVT00388,2026-02-16,Workshop,Matara,3000,0,16,1490,7810,2468,29,71,5.6,2,Cloudy,Monday,0,0,3.8,411,27.58
EVT01861,2026-02-16,Community Event,Kandy,3000,500,36,1866,77692,1585,24.1,67,39.9,24.6,Heavy Rain,Monday,0,0,4.8,235,12.59
EVT01532,2026-02-16,Community Event,Kandy,200,750,40,78,40413,116,31.4,68,4.7,10.2,Clear,Monday,0,1,4.6,210,269.23
EVT02448,2026-02-17,Cultural Festival,Nuwara Eliya,500,250,75,427,13305,310,18.6,77,8.4,26.8,Rain,Tuesday,0,0,1.6,419,98.13
EVT00799,2026-02-17,Cultural Festival,Galle,500,750,76,156,47719,279,27.5,77,9.7,3.1,Rain,Tuesday,0,0,2.5,330,211.54
EVT01341,2026-02-18,Exhibition,Matara,500,2000,52,291,69234,380,27.7,71,17.3,13.6,Rain,Wednesday,0,0,3,350,120.27
EVT00674,2026-02-18,Sports Event,Kandy,2000,1500,9,997,21829,1051,26.2,73,19.5,18.2,Rain,Wednesday,0,0,1.7,1153,115.65
EVT00703,2026-02-19,Community Event,Ratnapura,300,250,55,60,76003,173,28.7,69,15.4,15.3,Rain,Thursday,0,0,6.2,129,215
EVT01471,2026-02-19,Workshop,Anuradhapura,100,500,88,64,26854,58,30.9,76,2.2,6.9,Clear,Thursday,0,0,4.8,105,164.06
EVT00606,2026-02-20,Music Festival,Nuwara Eliya,750,500,7,451,5459,477,27.2,80,2.9,2,Clear,Friday,0,0,6.8,486,107.76
EVT02490,2026-02-20,School Event,Matara,300,0,29,238,10266,147,28.6,60,20.4,8.3,Rain,Friday,0,0,5.7,170,71.43
EVT00002,2026-02-21,Sports Event,Kegalle,500,3000,5,295,42106,220,30.4,77,4.8,11.9,Cloudy,Saturday,1,0,3.2,357,121.02
EVT02028,2026-02-21,Conference,Colombo,500,750,50,271,16042,438,29.7,75,10.3,4.4,Rain,Saturday,1,0,4.1,369,136.16
EVT02382,2026-02-21,Exhibition,Anuradhapura,5000,1500,37,3172,17681,2697,29.6,67,23.5,7.4,Rain,Saturday,1,0,7.7,2104,66.33
EVT01725,2026-02-22,Religious Event,Kegalle,200,1500,52,179,70986,63,29.3,85,22.2,11.1,Rain,Sunday,1,0,1.7,210,117.32
EVT01633,2026-02-22,Religious Event,Matara,2000,3000,87,1274,50669,548,26.4,83,6.9,11.8,Clear,Sunday,1,0,4,1241,97.41
EVT02042,2026-02-23,Workshop,Matara,1500,1500,62,1314,2609,356,23.3,69,9.9,14.1,Rain,Monday,0,0,2.4,273,20.78
EVT01910,2026-02-23,Music Festival,Ratnapura,2000,3000,39,832,2187,1690,26.6,67,11.7,16,Rain,Monday,0,0,3.4,878,105.53
EVT00921,2026-02-24,Sports Event,Kegalle,1000,2000,49,662,68187,444,28.8,80,5.2,22.8,Clear,Tuesday,0,0,5.9,835,126.13
EVT01936,2026-02-24,Exhibition,Colombo,5000,2000,26,1819,79110,4316,26.2,63,2.3,13.3,Cloudy,Tuesday,0,0,5.5,2823,155.2
EVT00863,2026-02-24,University Event,Ratnapura,3000,2000,44,2130,10511,1323,31.3,88,1.3,13.5,Cloudy,Tuesday,0,0,4.9,1447,67.93
EVT00681,2026-02-25,Perahera,Kegalle,100,2000,54,26,62072,29,29.2,76,16,18.8,Rain,Wednesday,0,0,3.4,105,403.85
EVT01917,2026-02-25,Religious Event,Kandy,500,0,52,140,37468,291,31.1,86,16.2,7.7,Rain,Wednesday,0,0,6.9,417,297.86
EVT00659,2026-02-25,Community Event,Ratnapura,500,500,72,337,58677,217,26.4,63,13,19.3,Rain,Wednesday,0,0,5.3,219,64.99
EVT01138,2026-02-25,Religious Event,Ratnapura,5000,500,20,1419,69985,2992,28.7,78,7.5,19.4,Clear,Wednesday,0,0,3.4,2176,153.35
EVT00208,2026-02-27,Religious Event,Nuwara Eliya,5000,1000,72,4264,2487,1988,17.7,76,9.9,17.4,Rain,Friday,0,0,5.1,2906,68.15
EVT02009,2026-02-28,Cultural Festival,Kandy,750,0,25,517,96104,459,29.6,78,18.2,20,Rain,Saturday,1,0,2.4,720,139.26
EVT00398,2026-03-01,Religious Event,Anuradhapura,2000,500,60,271,68549,1069,27.2,57,3.3,14.4,Clear,Sunday,1,0,5.6,734,270.85
EVT01069,2026-03-01,Sports Event,Matara,1000,1000,41,116,39766,541,29.4,90,13.4,13.8,Rain,Sunday,1,0,1.6,372,320.69
EVT00735,2026-03-01,Exhibition,Kurunegala,5000,3000,36,1534,92562,3647,30.9,86,5.5,3.1,Cloudy,Sunday,1,0,6,351,22.88
EVT00110,2026-03-02,University Event,Negombo,1000,0,56,329,67655,370,28.9,76,3.2,7.5,Clear,Monday,0,0,3.3,374,113.68
EVT01630,2026-03-03,Music Festival,Kegalle,2000,2000,10,1090,47693,1571,30.6,62,2.6,12.5,Clear,Tuesday,0,0,2.7,1447,132.75
EVT01346,2026-03-03,Workshop,Negombo,5000,2000,20,1990,12197,2328,26,81,10.5,11.7,Rain,Tuesday,0,0,4.9,375,18.84
EVT01801,2026-03-03,Religious Event,Negombo,750,1500,12,408,24553,380,25,89,18.9,19.2,Rain,Tuesday,0,0,5.6,369,90.44
EVT01671,2026-03-04,University Event,Anuradhapura,500,500,82,362,23237,235,27.6,66,18.8,15.3,Rain,Wednesday,0,0,1.9,317,87.57
EVT00843,2026-03-04,Conference,Ratnapura,750,3000,73,135,17900,405,29,70,10.7,4.3,Rain,Wednesday,0,0,5.1,158,117.04
EVT00978,2026-03-04,Cultural Festival,Colombo,750,1000,51,525,52088,608,25.3,51,15.2,20.5,Rain,Wednesday,0,0,7.1,787,149.9
EVT01332,2026-03-05,Religious Event,Anuradhapura,500,250,90,352,90836,201,24.7,67,1.3,17.8,Cloudy,Thursday,0,0,2.8,525,149.15
EVT00957,2026-03-05,Exhibition,Colombo,5000,1000,86,1409,75083,3081,28,75,5.5,3.8,Cloudy,Thursday,0,0,1.5,1309,92.9
EVT00991,2026-03-05,Conference,Kurunegala,3000,1000,37,2177,10471,2348,26.1,76,4.1,9,Clear,Thursday,0,0,3.3,1204,55.31
EVT01245,2026-03-06,Perahera,Colombo,750,1500,50,12,42184,390,27.1,70,19,9.1,Rain,Friday,0,0,2.3,432,3600
EVT02405,2026-03-06,School Event,Kegalle,750,1500,50,493,71782,464,25.3,83,10.5,11.7,Rain,Friday,0,0,1.8,362,73.43
EVT02011,2026-03-06,University Event,Galle,200,750,22,105,51928,87,29.6,80,3.8,19.9,Clear,Friday,0,0,5.1,210,200
EVT02284,2026-03-06,Conference,Kegalle,3000,1000,75,1743,93848,1606,25.5,85,17.1,11,Rain,Friday,0,1,6.7,952,54.62
EVT01836,2026-03-06,University Event,Kurunegala,3000,1000,55,2313,75653,1079,24.4,76,10,25,Rain,Friday,0,0,6.9,1009,43.62
EVT00032,2026-03-07,Cultural Festival,Matara,2000,0,76,903,37086,1534,23.5,84,0.3,22.2,Clear,Saturday,1,0,2.7,1095,121.26
EVT00235,2026-03-08,Perahera,Galle,500,1000,47,140,27741,361,31.8,89,0.3,7.3,Clear,Sunday,1,0,2.4,525,375
EVT02044,2026-03-08,Music Festival,Galle,750,1500,56,415,91465,414,26.8,72,8.5,15.4,Rain,Sunday,1,0,4,613,147.71
EVT01229,2026-03-08,Community Event,Galle,2000,3000,79,1255,98499,1114,30.1,73,9.2,16.3,Rain,Sunday,1,0,5.3,624,49.72
EVT02386,2026-03-08,Workshop,Kegalle,1000,3000,83,520,75812,846,29.1,74,7.4,18.4,Cloudy,Sunday,1,0,2.2,390,75
EVT01834,2026-03-09,Religious Event,Colombo,100,500,18,72,4633,62,27.8,84,8.4,12.4,Rain,Monday,0,0,7.3,105,145.83
EVT00384,2026-03-09,Conference,Anuradhapura,200,3000,61,54,14041,131,26.3,83,4.1,10.1,Clear,Monday,0,0,2.8,182,337.04
EVT00613,2026-03-09,Community Event,Matara,3000,0,71,2052,70758,2219,28.9,85,8.8,13,Rain,Monday,0,0,5.2,1010,49.22
EVT00380,2026-03-09,Perahera,Nuwara Eliya,5000,3000,23,1885,36024,3696,21.4,68,9.4,12.7,Rain,Monday,0,0,6.7,2032,107.8
EVT00161,2026-03-09,School Event,Matara,200,2000,11,69,68868,192,24,82,20.5,16,Rain,Monday,0,0,4.8,156,226.09
EVT01785,2026-03-09,Music Festival,Matara,500,0,58,209,14010,245,29.8,63,4.5,4.7,Clear,Monday,0,1,2.8,525,251.2
EVT00045,2026-03-09,School Event,Nuwara Eliya,1000,500,31,382,69404,533,22,98,14.6,11.2,Rain,Monday,0,0,1.5,221,57.85
EVT00318,2026-03-10,Perahera,Ratnapura,300,3000,32,106,35308,193,34.7,65,9.6,20.4,Rain,Tuesday,0,0,5,288,271.7
EVT02366,2026-03-10,University Event,Kandy,5000,2000,29,1950,23467,3624,29.5,71,15.7,10.3,Rain,Tuesday,0,0,3.2,1237,63.44
EVT00816,2026-03-10,Workshop,Kegalle,2000,1000,87,1010,91904,873,24.1,84,27.3,15.8,Heavy Rain,Tuesday,0,0,6.6,416,41.19
EVT00535,2026-03-11,School Event,Matara,500,3000,67,279,55541,255,29.6,64,26.2,7.4,Heavy Rain,Wednesday,0,0,2.5,169,60.57
EVT01898,2026-03-11,Perahera,Ratnapura,1000,250,28,82,9446,208,31,71,5.1,9.9,Cloudy,Wednesday,0,0,3.9,440,536.59
EVT02205,2026-03-11,Music Festival,Kurunegala,1500,250,63,975,13670,852,24.6,64,19.6,11,Rain,Wednesday,0,1,3.9,955,97.95
EVT00412,2026-03-11,Community Event,Colombo,1500,3000,33,608,75377,1198,33.1,82,15.5,16.7,Rain,Wednesday,0,0,4.5,297,48.85
EVT01977,2026-03-12,Perahera,Matara,5000,0,47,2035,59274,1381,28.5,83,5.6,4,Clear,Thursday,0,0,3.4,1976,97.1
EVT00381,2026-03-12,Community Event,Matara,1000,1500,4,151,31220,558,29.7,73,9.5,7.6,Rain,Thursday,0,0,2.5,285,188.74
EVT01178,2026-03-12,Community Event,Ratnapura,2000,1000,43,1417,48897,1165,28.9,80,6,13.2,Clear,Thursday,0,0,5.3,742,52.36
EVT00050,2026-03-13,Religious Event,Ratnapura,500,750,39,58,47557,193,28.8,62,19.8,11.1,Rain,Friday,0,0,3.2,313,539.66
EVT02039,2026-03-13,Sports Event,Negombo,300,250,82,228,77637,118,23,62,7.5,11,Cloudy,Friday,0,1,3.1,315,138.16
EVT00090,2026-03-13,Music Festival,Kegalle,500,3000,24,185,61463,284,28.9,68,14.6,18.2,Rain,Friday,0,1,3.5,385,208.11
EVT01082,2026-03-13,Religious Event,Nuwara Eliya,100,2000,65,26,67934,41,16.7,74,10.2,15,Rain,Friday,0,0,5.7,105,403.85
EVT00981,2026-03-14,Workshop,Matara,1500,500,27,974,38380,694,26.2,73,3.9,18.5,Clear,Saturday,1,0,3.9,414,42.51
EVT02117,2026-03-14,Community Event,Nuwara Eliya,100,250,27,17,11754,58,18.8,73,4.2,5.5,Clear,Saturday,1,1,4.9,105,617.65
EVT00652,2026-03-15,Religious Event,Matara,500,0,89,255,84958,269,28.1,79,12.6,11.9,Rain,Sunday,1,0,3.7,525,205.88
EVT00680,2026-03-16,Workshop,Kandy,1000,2000,58,555,558,617,27.6,75,6.6,24.3,Cloudy,Monday,0,0,5.1,317,57.12
EVT00132,2026-03-16,Conference,Ratnapura,200,3000,58,129,95540,111,29,57,1.6,11.8,Cloudy,Monday,0,0,3.9,192,148.84
EVT00008,2026-03-17,Music Festival,Galle,100,1000,58,16,27236,53,28.9,74,7.4,13.7,Clear,Tuesday,0,0,5.4,105,656.25
EVT00822,2026-03-17,Exhibition,Kurunegala,2000,3000,20,382,81221,1178,30.3,71,26.1,4.6,Heavy Rain,Tuesday,0,0,2.2,5,1.31
EVT01289,2026-03-17,Community Event,Ratnapura,200,1000,43,82,99699,116,24.1,67,6.8,9.7,Cloudy,Tuesday,0,0,1.5,169,206.1
EVT00631,2026-03-18,School Event,Ratnapura,3000,250,37,900,22084,1296,29.3,78,3.1,13.9,Cloudy,Wednesday,0,0,3.2,688,76.44
EVT00823,2026-03-18,Religious Event,Galle,3000,1500,58,683,47929,2444,28.6,72,9.2,20.1,Rain,Wednesday,0,0,1.7,604,88.43
EVT00587,2026-03-18,Workshop,Anuradhapura,500,500,87,255,98815,407,29.7,79,10.1,9.3,Rain,Wednesday,0,0,3.5,213,83.53
EVT00429,2026-03-18,Perahera,Matara,3000,2000,21,1709,48350,1770,32.3,67,3.5,5.3,Cloudy,Wednesday,0,1,5.1,2248,131.54
EVT01181,2026-03-19,Exhibition,Galle,100,250,89,49,22275,63,26.7,58,11.6,5.2,Rain,Thursday,0,0,7.9,105,214.29
EVT01700,2026-03-20,Exhibition,Matara,3000,750,79,1149,27724,1790,26.6,67,4,6.6,Cloudy,Friday,0,0,3.1,982,85.47
EVT02378,2026-03-20,Community Event,Ratnapura,500,0,24,283,6538,238,31.1,57,3.2,2,Clear,Friday,0,0,2.5,244,86.22
EVT01050,2026-03-20,Cultural Festival,Colombo,750,500,53,387,25530,189,26.7,68,10.4,8.2,Rain,Friday,0,0,6.7,557,143.93
EVT01732,2026-03-20,Music Festival,Galle,5000,1000,68,2683,27043,2141,26.7,66,34.8,9.7,Heavy Rain,Friday,0,1,2.4,1129,42.08
EVT02317,2026-03-20,Exhibition,Nuwara Eliya,300,750,79,124,67537,144,19.7,78,2.8,17,Cloudy,Friday,0,1,2.8,315,254.03
EVT01678,2026-03-23,Community Event,Nuwara Eliya,1000,2000,10,387,8451,341,16,83,25.7,10.8,Heavy Rain,Monday,0,0,7,243,62.79
EVT00734,2026-03-23,Perahera,Colombo,5000,500,26,2738,89729,4237,29.4,75,15.5,6.3,Rain,Monday,0,1,5.1,3384,123.59
EVT00004,2026-03-23,Perahera,Nuwara Eliya,1500,0,90,482,3195,1103,22.3,66,6.9,4.5,Cloudy,Monday,0,0,3.6,904,187.55
EVT01837,2026-03-24,Perahera,Matara,100,1500,52,25,58150,50,29.4,81,0.7,10.9,Clear,Tuesday,0,0,6.6,105,420
EVT02109,2026-03-24,Perahera,Anuradhapura,1500,250,4,979,74356,974,31.3,83,8.2,9.3,Rain,Tuesday,0,0,5,999,102.04
EVT00603,2026-03-24,Conference,Colombo,1000,250,55,541,93821,857,30.6,78,0.7,6.5,Cloudy,Tuesday,0,0,7.7,461,85.21
EVT01598,2026-03-24,University Event,Negombo,2000,0,73,1017,24781,1047,25,81,9,9,Rain,Tuesday,0,0,6.6,692,68.04
EVT01872,2026-03-26,Cultural Festival,Ratnapura,100,1000,70,58,75779,55,26,81,1.5,15.9,Clear,Thursday,0,0,5.9,105,181.03
EVT01502,2026-03-27,Exhibition,Kandy,500,750,64,347,43175,344,27.1,69,13.8,13.7,Rain,Friday,0,0,4.9,342,98.56
EVT01067,2026-03-28,Community Event,Kandy,2000,2000,75,1030,62276,845,25.5,71,5.3,14.3,Cloudy,Saturday,1,0,6,804,78.06
EVT01895,2026-03-28,Sports Event,Kurunegala,3000,500,28,585,88375,1585,29.8,72,14.6,15.8,Rain,Saturday,1,0,4,300,51.28
EVT00805,2026-03-29,Workshop,Ratnapura,2000,3000,68,1342,83107,1333,23.1,65,24.8,9.8,Rain,Sunday,1,0,6.9,239,17.81
EVT01631,2026-03-30,Community Event,Matara,2000,1500,3,1410,19267,479,32.8,85,14.5,16.1,Rain,Monday,0,0,7,355,25.18
EVT00096,2026-03-30,Cultural Festival,Anuradhapura,1500,250,65,1133,57522,455,27.4,63,0.8,16.4,Cloudy,Monday,0,0,4.6,1247,110.06
EVT02048,2026-03-31,Perahera,Galle,1000,0,48,634,58710,639,32.9,76,16.2,7.3,Rain,Tuesday,0,0,4,873,137.7
EVT02156,2026-03-31,Exhibition,Negombo,300,1500,22,227,21977,203,29.6,70,19.6,14,Rain,Tuesday,0,0,6.1,270,118.94
EVT00179,2026-03-31,Perahera,Colombo,100,500,27,41,32630,91,30.4,64,18.6,13.4,Rain,Tuesday,0,0,6.8,105,256.1
EVT02360,2026-03-31,Exhibition,Negombo,750,750,48,98,76737,713,28.4,92,6.5,8.6,Clear,Tuesday,0,0,7.8,386,393.88
EVT01507,2026-04-01,Community Event,Kegalle,750,750,74,258,23609,234,27.1,77,3,8.4,Clear,Wednesday,0,1,4.5,308,119.38
EVT02387,2026-04-01,Cultural Festival,Kegalle,300,250,61,142,19762,192,29.5,82,7.6,13,Cloudy,Wednesday,0,1,2.6,315,221.83
EVT00948,2026-04-02,Community Event,Kandy,1000,3000,35,230,50844,359,30.3,69,3.6,11.2,Clear,Thursday,0,0,5.9,437,190
EVT01504,2026-04-02,Cultural Festival,Galle,750,750,50,624,91028,298,30.9,67,8.3,4.1,Rain,Thursday,0,0,7.6,688,110.26
EVT02118,2026-04-02,School Event,Colombo,5000,250,23,2932,90762,2146,30.4,81,2.8,4.7,Clear,Thursday,0,0,4.8,2161,73.7
EVT00653,2026-04-03,Exhibition,Colombo,200,250,19,62,76437,62,27,67,8,7.8,Rain,Friday,0,0,7.1,182,293.55
EVT01464,2026-04-03,Conference,Kandy,300,0,33,125,35760,256,30.9,70,9.9,11.5,Rain,Friday,0,1,2.1,275,220
EVT01828,2026-04-03,Exhibition,Kegalle,200,250,75,95,72869,98,25.9,93,12.9,8,Rain,Friday,0,0,3.5,210,221.05
EVT02026,2026-04-03,Workshop,Negombo,2000,2000,10,1151,99033,626,28.2,73,5.2,12,Clear,Friday,0,1,1.9,847,73.59
EVT00461,2026-04-04,Religious Event,Kurunegala,2000,1500,33,1190,19391,499,31.3,59,2.9,18.5,Cloudy,Saturday,1,0,4.9,1151,96.72
EVT00295,2026-04-04,Perahera,Kegalle,5000,500,23,2613,70211,2759,29.4,57,6.5,13.2,Cloudy,Saturday,1,0,4.1,2204,84.35
EVT00959,2026-04-05,Workshop,Matara,500,250,79,195,14742,161,27.7,79,19.8,13.4,Rain,Sunday,1,0,4,147,75.38
EVT00214,2026-04-05,Conference,Negombo,2000,500,82,1304,91919,909,32.6,76,7.1,8.8,Cloudy,Sunday,1,0,6.9,832,63.8
EVT00937,2026-04-05,Exhibition,Matara,1500,2000,30,466,19140,1061,29.3,78,11.5,15.1,Rain,Sunday,1,0,2,435,93.35
EVT01251,2026-04-05,Music Festival,Kegalle,1500,0,64,1272,47868,417,26.3,89,6.4,8,Clear,Sunday,1,0,3.4,1151,90.49
EVT00029,2026-04-06,Community Event,Colombo,100,250,3,42,48426,59,28.8,90,12.3,9.7,Rain,Monday,0,0,2.3,105,250
EVT00826,2026-04-06,Music Festival,Ratnapura,100,250,9,65,85446,24,30,72,21.1,7.9,Rain,Monday,0,0,6.9,105,161.54
EVT00095,2026-04-07,Workshop,Kandy,1500,500,33,382,56177,1227,26.6,70,6.5,8.5,Clear,Tuesday,0,1,4.8,311,81.41
EVT01316,2026-04-07,School Event,Kandy,500,750,38,353,82953,270,35.1,80,2.5,11.5,Clear,Tuesday,0,0,4.4,411,116.43
EVT00684,2026-04-07,Cultural Festival,Anuradhapura,100,250,74,17,97680,62,27.6,72,9.6,12.4,Rain,Tuesday,0,0,5,105,617.65
EVT00990,2026-04-07,Conference,Kurunegala,1000,2000,55,503,77230,817,29.1,64,5.5,17.4,Cloudy,Tuesday,0,0,1.6,397,78.93
EVT01616,2026-04-07,School Event,Kandy,500,1500,59,262,18675,379,27.6,80,8.4,13,Rain,Tuesday,0,0,2.1,317,120.99
EVT01255,2026-04-07,Sports Event,Kandy,300,2000,73,173,76309,204,28.3,73,37.1,15.5,Heavy Rain,Tuesday,0,0,3,288,166.47
EVT01676,2026-04-07,Music Festival,Kegalle,1500,3000,35,1106,10688,923,26.1,70,7.8,23.2,Clear,Tuesday,0,0,7.1,1275,115.28
EVT02067,2026-04-08,Community Event,Anuradhapura,300,750,34,111,35299,213,23.9,56,7.8,9.7,Cloudy,Wednesday,0,0,4.7,216,194.59
EVT00709,2026-04-08,Sports Event,Kegalle,1000,2000,83,808,75374,644,25.7,93,1.4,18.8,Clear,Wednesday,0,0,2.5,853,105.57
EVT00222,2026-04-09,Workshop,Negombo,1000,750,54,478,46396,465,24.4,82,2.5,16.9,Clear,Thursday,0,0,6.3,375,78.45
EVT01223,2026-04-09,School Event,Kurunegala,3000,750,68,2165,92111,0,31.4,78,5.6,12.4,Clear,Thursday,0,0,4.3,903,41.71
EVT00265,2026-04-10,University Event,Kegalle,300,1500,32,150,6580,256,25.4,64,3.4,9.5,Cloudy,Friday,0,0,2.3,225,150
EVT02486,2026-04-10,Conference,Kandy,3000,250,29,1950,76556,1614,27.3,71,24.9,15.9,Rain,Friday,0,0,7.5,1237,63.44
EVT01701,2026-04-10,School Event,Matara,100,2000,61,30,44204,63,25.9,93,9.4,14.4,Rain,Friday,0,0,4.2,105,350
EVT00673,2026-04-10,Religious Event,Kandy,300,2000,64,190,72623,254,25.4,73,15.5,12.4,Rain,Friday,0,0,5.7,315,165.79
EVT02128,2026-04-10,Workshop,Ratnapura,2000,250,67,1002,84308,998,32.9,80,6.2,15.4,Clear,Friday,0,0,8,476,47.5
EVT00308,2026-04-11,School Event,Matara,200,2000,18,87,33430,221,24.3,62,19,6.8,Rain,Saturday,1,0,5.7,169,194.25
EVT02348,2026-04-11,Music Festival,Galle,200,1500,16,144,7272,137,28,60,7.8,19.2,Clear,Saturday,1,0,7.4,210,145.83
EVT00884,2026-04-12,Conference,Ratnapura,1500,1000,69,797,83904,1077,27.5,60,1.1,17.3,Cloudy,Sunday,1,1,3.3,941,118.07
EVT00094,2026-04-12,Workshop,Negombo,300,500,43,141,71808,132,27.5,75,14.7,3,Rain,Sunday,1,0,4.4,151,107.09
EVT01812,2026-04-12,Workshop,Colombo,5000,250,12,1690,73457,2428,26.6,79,1.2,13.1,Cloudy,Sunday,1,0,4.8,725,42.9
EVT02055,2026-04-13,School Event,Kegalle,100,0,67,74,47504,39,25.2,89,19.9,2,Rain,Monday,0,0,7.5,105,141.89
EVT00303,2026-04-13,Cultural Festival,Matara,1500,3000,19,722,29052,1077,26.5,62,12.1,11.7,Rain,Monday,0,0,3.1,669,92.66
EVT01704,2026-04-13,Music Festival,Kegalle,300,500,81,238,78026,212,26.7,83,8,12.1,Rain,Monday,0,0,3.1,315,132.35
EVT02318,2026-04-13,University Event,Negombo,500,2000,53,355,31120,298,27.2,55,23.3,11.9,Rain,Monday,0,0,5.2,326,91.83
EVT02047,2026-04-13,Conference,Kurunegala,5000,250,20,3133,88117,2971,31.6,85,13.7,18.8,Rain,Monday,0,0,6.8,1502,47.94
EVT00343,2026-04-14,Conference,Kegalle,2000,750,77,741,38598,1441,27.8,95,14.9,13.6,Rain,Tuesday,0,0,2.8,803,108.37
EVT00536,2026-04-14,University Event,Kurunegala,200,250,62,81,54761,165,27.4,68,38.9,16.7,Heavy Rain,Tuesday,0,0,7.4,155,191.36
EVT01753,2026-04-15,Cultural Festival,Nuwara Eliya,5000,250,69,3154,11608,2315,19.1,78,3.4,15.3,Cloudy,Wednesday,0,0,7.5,2985,94.64
EVT00953,2026-04-15,Perahera,Kurunegala,3000,500,39,2217,62031,1799,23.4,73,27.7,23.6,Heavy Rain,Wednesday,0,0,1.8,1298,58.55
EVT01416,2026-04-15,University Event,Kegalle,1500,3000,20,803,90116,684,26.1,46,5,5.2,Clear,Wednesday,0,1,1.8,784,97.63
EVT02235,2026-04-16,Religious Event,Kandy,500,3000,81,256,84131,182,27.5,64,4.5,13.2,Clear,Thursday,0,0,1.6,525,205.08
EVT00315,2026-04-19,Exhibition,Kurunegala,5000,2000,44,2641,81994,3125,25.1,79,36.6,18.2,Heavy Rain,Sunday,1,0,6.9,867,32.83
EVT02304,2026-04-19,Sports Event,Nuwara Eliya,200,2000,60,132,34295,60,21.9,76,3.7,17.3,Clear,Sunday,1,0,2.6,210,159.09
EVT00138,2026-04-19,Sports Event,Anuradhapura,300,500,71,186,24545,204,25.8,97,13.9,9.4,Rain,Sunday,1,0,4.9,315,169.35
EVT01371,2026-04-19,Music Festival,Kurunegala,300,0,15,265,64304,182,26.3,79,3.6,10.3,Clear,Sunday,1,0,7,315,118.87
EVT01476,2026-04-20,Religious Event,Matara,1000,500,39,569,67603,464,29.4,62,6.2,13.8,Clear,Monday,0,0,7.7,698,122.67
EVT01238,2026-04-20,University Event,Colombo,500,2000,84,369,20062,306,29.6,87,5.3,12.5,Clear,Monday,0,0,6.2,424,114.91
EVT00488,2026-04-20,Exhibition,Kandy,3000,500,10,1392,72802,852,32.5,68,8.5,6,Rain,Monday,0,1,2.3,1010,72.56
EVT01333,2026-04-20,School Event,Kegalle,750,250,4,507,53365,420,29,79,0.5,15.5,Clear,Monday,0,1,6,517,101.97
EVT01489,2026-04-21,Community Event,Negombo,2000,2000,22,852,95284,1008,26.2,64,26.8,14.6,Heavy Rain,Tuesday,0,0,3.4,482,56.57
EVT01100,2026-04-21,Conference,Nuwara Eliya,300,0,70,105,38648,150,19.9,77,10.3,4.6,Rain,Tuesday,0,0,6.1,144,137.14
EVT02135,2026-04-21,Religious Event,Ratnapura,500,2000,81,300,76588,256,29.8,73,6.1,9.5,Cloudy,Tuesday,0,0,4.2,520,173.33
EVT00037,2026-04-22,Religious Event,Kegalle,3000,2000,5,1361,4824,1860,27.8,77,11.9,14.5,Rain,Wednesday,0,0,5.1,912,67.01
EVT00931,2026-04-22,Community Event,Negombo,100,250,78,54,79182,77,30.8,95,7.5,13.2,Clear,Wednesday,0,1,7.5,105,194.44
EVT00496,2026-04-23,Music Festival,Kurunegala,1500,500,61,648,43746,520,24.3,79,1.8,11.9,Clear,Thursday,0,0,6.2,814,125.62
EVT01524,2026-04-23,Cultural Festival,Colombo,1500,250,20,1012,97096,1021,28.4,80,1.6,19.2,Clear,Thursday,0,0,6.2,1276,126.09
EVT00825,2026-04-23,Workshop,Matara,100,1500,45,45,87602,42,24.9,71,11.4,11.3,Rain,Thursday,0,0,5.5,105,233.33
EVT02325,2026-04-24,Perahera,Colombo,2000,1000,20,1152,71113,1245,29.2,72,3.5,16.5,Clear,Friday,0,0,2.7,1703,147.83
EVT01628,2026-04-24,School Event,Negombo,2000,1000,80,1246,97149,1384,26.6,75,32.7,14.7,Heavy Rain,Friday,0,1,6.9,353,28.33
EVT00525,2026-04-24,Religious Event,Matara,300,1500,84,65,90106,171,27.4,79,17.9,7.4,Rain,Friday,0,1,1.6,315,484.62
EVT00602,2026-04-24,School Event,Kandy,300,0,77,169,94766,243,25.7,87,4.9,17.6,Cloudy,Friday,0,0,3.7,292,172.78
EVT00655,2026-04-24,Community Event,Galle,100,0,40,69,41033,62,28.8,81,8.7,9.5,Rain,Friday,0,0,7.6,105,152.17
EVT02086,2026-04-24,Conference,Matara,1500,750,24,1190,50878,417,26.6,77,9.1,9.4,Rain,Friday,0,0,1.6,618,51.93
EVT01378,2026-04-25,Exhibition,Kegalle,100,3000,35,10,97830,66,24.6,59,1.4,15.3,Clear,Saturday,1,0,2.2,105,1050
EVT02233,2026-04-25,University Event,Kegalle,1500,3000,85,759,4805,789,26.8,59,12.5,8.1,Rain,Saturday,1,1,7.3,546,71.94
EVT01488,2026-04-26,Sports Event,Kurunegala,1000,3000,52,193,97944,493,30.7,80,4.7,16.7,Clear,Sunday,1,0,7.4,540,279.79
EVT02223,2026-04-27,Music Festival,Colombo,2000,2000,49,397,57914,1066,26.3,89,11,3,Rain,Monday,0,0,6.6,643,161.96
EVT00570,2026-04-27,Exhibition,Ratnapura,750,750,25,567,80593,453,28.3,76,1.4,17,Cloudy,Monday,0,0,6.2,455,80.25
EVT01433,2026-04-28,School Event,Matara,1000,0,6,753,78881,559,29.5,78,5.5,15.5,Clear,Tuesday,0,1,4.2,589,78.22
EVT01037,2026-04-28,Community Event,Galle,200,2000,31,124,93006,199,28.2,81,22.4,6.5,Rain,Tuesday,0,0,4.7,182,146.77
EVT02254,2026-04-28,Exhibition,Kurunegala,500,1500,89,447,8633,237,24.4,79,0.5,8.4,Cloudy,Tuesday,0,0,4.3,418,93.51
EVT00163,2026-04-28,Sports Event,Matara,500,3000,70,217,80247,315,28.1,98,12.2,21.2,Rain,Tuesday,0,0,3.5,315,145.16
EVT02139,2026-04-28,Perahera,Colombo,2000,3000,17,1299,87244,1101,27.6,68,17.1,14.4,Rain,Tuesday,0,0,4.7,1511,116.32
EVT00148,2026-04-28,Cultural Festival,Matara,300,0,5,94,36521,214,25.6,89,5.3,7.7,Cloudy,Tuesday,0,0,5.2,266,282.98
EVT02478,2026-04-28,Religious Event,Galle,2000,500,83,972,54353,416,25.1,70,9.7,7.5,Rain,Tuesday,0,0,6.2,1076,110.7
EVT01045,2026-04-29,Exhibition,Galle,3000,1500,66,629,29449,824,29.5,66,22.5,9,Rain,Wednesday,0,0,7.5,783,124.48
EVT01314,2026-04-29,Exhibition,Kandy,1000,500,10,630,34248,842,27,88,4.4,13.5,Clear,Wednesday,0,0,6.1,742,117.78
EVT01363,2026-04-29,Workshop,Kurunegala,1500,0,16,573,36503,634,26.8,71,29.2,13.3,Heavy Rain,Wednesday,0,0,5.4,203,35.43
EVT01866,2026-04-29,Cultural Festival,Colombo,300,3000,41,108,78985,141,22.7,78,5,14.8,Clear,Wednesday,0,0,7.4,315,291.67
EVT01381,2026-04-30,Music Festival,Kandy,3000,750,36,1394,15046,1569,26.9,84,16,12.6,Rain,Thursday,0,0,3,1036,74.32
EVT00670,2026-05-01,Exhibition,Galle,750,0,17,150,23195,395,29.9,73,22,11.5,Rain,Friday,0,0,7,252,168
EVT01373,2026-05-01,Conference,Matara,750,500,40,538,39525,628,28.2,71,1.5,10,Clear,Friday,0,0,7.8,443,82.34
EVT01174,2026-05-01,Community Event,Kurunegala,1000,3000,73,494,77074,373,30.8,74,4.5,4.4,Cloudy,Friday,0,0,7.8,305,61.74
EVT01815,2026-05-01,Music Festival,Kurunegala,500,0,82,304,19419,345,31.2,74,4.2,21.4,Clear,Friday,0,1,2.5,525,172.7
EVT01654,2026-05-01,Religious Event,Negombo,300,2000,47,207,48286,157,26.9,94,0.9,12.3,Cloudy,Friday,0,0,1.9,315,152.17
EVT02336,2026-05-01,Community Event,Galle,1000,3000,39,277,25882,627,29.6,83,3.6,11.8,Clear,Friday,0,1,6,386,139.35
EVT01888,2026-05-02,Music Festival,Galle,500,250,24,286,18291,290,30.9,82,3.3,9.6,Clear,Saturday,1,0,7.8,525,183.57
EVT01355,2026-05-04,Community Event,Ratnapura,5000,3000,49,1216,46042,4351,23.9,70,12.9,13.1,Rain,Monday,0,0,6.2,800,65.79
EVT00369,2026-05-04,Cultural Festival,Nuwara Eliya,3000,250,76,909,76430,1966,18.1,83,3.8,15.2,Clear,Monday,0,0,2.2,1044,114.85
EVT00189,2026-05-04,Religious Event,Kandy,1500,750,71,1187,71032,1126,29.4,81,31.1,21.8,Heavy Rain,Monday,0,0,3.9,907,76.41
EVT02180,2026-05-04,University Event,Kurunegala,1000,3000,3,408,92337,550,31.3,68,18.3,6.2,Rain,Monday,0,1,5.1,326,79.9
EVT01374,2026-05-05,Workshop,Galle,750,3000,6,380,82554,305,30,85,5.9,12.6,Clear,Tuesday,0,0,5.3,215,56.58
EVT01376,2026-05-05,Religious Event,Kandy,100,250,61,40,24779,71,27.1,78,13,14.5,Rain,Tuesday,0,0,2.2,105,262.5
EVT00510,2026-05-05,Sports Event,Ratnapura,1500,750,49,962,63697,1093,27.5,81,31.5,21.6,Heavy Rain,Tuesday,0,0,3.1,564,58.63
EVT01257,2026-05-05,Cultural Festival,Nuwara Eliya,200,750,21,142,69423,175,21.2,71,13.7,7.4,Rain,Tuesday,0,0,7.6,210,147.89
EVT00800,2026-05-08,Music Festival,Kurunegala,1500,2000,3,620,71060,961,28,69,20.9,17.9,Rain,Friday,0,0,4.2,698,112.58
EVT00720,2026-05-08,Perahera,Kegalle,200,1500,63,86,90888,128,28.6,92,7.1,18.1,Clear,Friday,0,0,7.8,210,244.19
EVT00406,2026-05-08,Music Festival,Negombo,5000,1000,60,3572,1059,2788,28.5,69,6.3,12.4,Clear,Friday,0,0,7.5,3735,104.56
EVT02198,2026-05-10,University Event,Ratnapura,2000,250,45,1133,6055,824,29.5,83,4.9,10.2,Clear,Sunday,1,0,1.6,719,63.46
EVT01577,2026-05-11,Conference,Kegalle,750,3000,57,407,78848,410,26.6,83,2.7,2,Clear,Monday,0,0,3.3,414,101.72
EVT00309,2026-05-11,School Event,Matara,1500,250,49,673,36904,784,29.3,83,12.4,9.3,Rain,Monday,0,0,3.7,439,65.23
EVT02129,2026-05-11,Workshop,Kurunegala,300,0,60,223,29475,285,24.2,79,2.1,21.3,Cloudy,Monday,0,1,5.4,193,86.55
EVT02171,2026-05-12,Conference,Colombo,1500,250,29,586,92300,946,28.5,72,5.6,5.8,Clear,Tuesday,0,1,4.8,714,121.84
EVT00033,2026-05-13,Sports Event,Kandy,5000,500,21,4308,88005,2016,26.6,60,7.8,21.8,Cloudy,Wednesday,0,0,5.6,3679,85.4
EVT01294,2026-05-14,Perahera,Colombo,2000,3000,80,1156,40486,1067,25.4,73,15.5,14.3,Rain,Thursday,0,0,7.5,1157,100.09
EVT00632,2026-05-14,Perahera,Kandy,5000,3000,36,1829,89938,3043,28.5,75,23.8,11.8,Rain,Thursday,0,1,4.3,3016,164.9
EVT00565,2026-05-14,Exhibition,Anuradhapura,2000,500,15,436,95429,1801,29.5,61,5.3,11.8,Cloudy,Thursday,0,0,5.2,582,133.49
EVT02335,2026-05-14,School Event,Kegalle,2000,2000,5,734,94186,1312,26.4,66,5.3,6.2,Clear,Thursday,0,0,7.8,341,46.46
EVT01459,2026-05-15,University Event,Negombo,500,250,20,234,70168,276,23.8,82,19.6,14.3,Rain,Friday,0,0,3.6,270,115.38
EVT01682,2026-05-15,Workshop,Galle,100,750,23,53,69817,69,27.3,51,1.6,12.2,Clear,Friday,0,0,5,105,198.11
EVT01561,2026-05-16,Conference,Negombo,750,1500,43,245,74432,421,29,62,2.4,10.9,Clear,Saturday,1,1,2.2,567,231.43
EVT00083,2026-05-16,Religious Event,Matara,200,1500,11,89,92559,150,24.5,58,21.3,24.2,Rain,Saturday,1,0,6.8,210,235.96
EVT01015,2026-05-17,School Event,Kandy,2000,0,79,161,12073,1189,25.2,67,7.5,15.2,Clear,Sunday,1,0,3.8,333,206.83
EVT02224,2026-05-17,Sports Event,Colombo,1500,0,3,783,82778,1130,28.9,68,5.6,18.5,Clear,Sunday,1,0,6.1,1075,137.29
EVT01546,2026-05-19,University Event,Colombo,100,1000,8,25,96471,60,24.8,75,1.5,13.5,Clear,Tuesday,0,0,3.3,105,420
EVT01239,2026-05-19,Sports Event,Colombo,5000,1500,37,4268,18717,2678,25.8,72,9.3,18.2,Rain,Tuesday,0,1,2.5,3489,81.75
EVT01330,2026-05-20,Sports Event,Anuradhapura,750,500,69,457,22543,547,31.1,67,8.7,14.6,Rain,Wednesday,0,0,4.3,622,136.11
EVT00582,2026-05-20,Music Festival,Negombo,750,750,47,492,19905,533,27.8,61,3.6,2,Clear,Wednesday,0,0,7,689,140.04
EVT00840,2026-05-20,Music Festival,Colombo,1500,750,45,1041,19799,806,28.1,74,20.7,14,Rain,Wednesday,0,0,4.3,968,92.99
EVT02001,2026-05-21,Cultural Festival,Nuwara Eliya,300,2000,28,155,99518,214,19,60,22.6,14,Rain,Thursday,0,0,7.7,270,174.19
EVT00003,2026-05-21,Cultural Festival,Kandy,1000,1500,6,431,95163,580,30,98,11.8,20.2,Rain,Thursday,0,0,5.4,527,122.27
EVT00205,2026-05-21,Religious Event,Colombo,5000,250,50,2568,56255,2328,25.1,64,12.2,12.4,Rain,Thursday,0,0,4.6,1280,49.84
EVT01115,2026-05-21,Community Event,Anuradhapura,200,0,66,111,74689,96,30.2,74,3,9.8,Clear,Thursday,0,0,3.5,210,189.19
EVT01623,2026-05-22,Sports Event,Negombo,500,3000,7,315,66337,227,24.5,89,3.4,15.6,Clear,Friday,0,1,3.1,525,166.67
EVT01807,2026-05-22,Religious Event,Ratnapura,1000,500,68,406,53676,496,27.8,53,1,16.6,Clear,Friday,0,0,5,781,192.36
EVT00855,2026-05-23,Perahera,Negombo,100,750,53,10,51595,47,21.6,63,28.5,12.2,Heavy Rain,Saturday,1,0,3.3,105,1050
EVT01325,2026-05-23,Perahera,Kandy,200,2000,66,105,69933,55,29.2,85,15.2,17.1,Rain,Saturday,1,0,1.9,210,200
EVT02455,2026-05-23,Cultural Festival,Anuradhapura,200,1500,73,47,57964,140,27.9,81,14.1,19.7,Rain,Saturday,1,0,2.8,210,446.81
EVT01702,2026-05-24,Community Event,Negombo,100,750,53,40,34243,62,30.8,67,12.5,9.7,Rain,Sunday,1,0,2.9,105,262.5
EVT01324,2026-05-24,Workshop,Kegalle,500,500,21,232,65633,120,26.7,84,2.8,6.5,Clear,Sunday,1,0,5.4,206,88.79
EVT01610,2026-05-24,Cultural Festival,Colombo,1000,0,69,645,82893,664,27.8,67,2.5,14.5,Clear,Sunday,1,0,2.4,1034,160.31
EVT00173,2026-05-24,Workshop,Ratnapura,500,750,81,292,36342,432,25.5,68,5.7,16,Clear,Sunday,1,0,2.2,292,100
EVT01348,2026-05-25,Community Event,Colombo,200,500,34,135,53952,138,28.7,74,2.5,13.6,Clear,Monday,0,1,4.6,210,155.56
EVT02057,2026-05-25,School Event,Galle,2000,3000,14,1288,62530,1187,27,79,13,7.4,Rain,Monday,0,1,5.3,742,57.61
EVT02305,2026-05-25,University Event,Kandy,300,3000,42,103,93404,240,28.2,55,9.2,8.5,Rain,Monday,0,0,7.2,273,265.05
EVT01191,2026-05-26,Exhibition,Colombo,750,500,60,174,92921,448,30.5,82,10.9,8.8,Rain,Tuesday,0,0,6.9,445,255.75
EVT01764,2026-05-26,Conference,Nuwara Eliya,1500,2000,67,847,97637,1408,20.1,65,2.7,11.9,Cloudy,Tuesday,0,1,6.9,667,78.75
EVT00109,2026-05-26,Sports Event,Kurunegala,300,250,37,165,82406,127,22.4,47,4,16.5,Cloudy,Tuesday,0,0,7.4,315,190.91
EVT02289,2026-05-27,Workshop,Ratnapura,3000,1000,16,1352,50999,1571,29.4,85,16.4,13.9,Rain,Wednesday,0,0,4.1,581,42.97
EVT01595,2026-05-27,Community Event,Negombo,1500,250,4,1045,79530,464,23.8,77,6.8,6.3,Clear,Wednesday,0,0,1.9,727,69.57
EVT00851,2026-05-28,Conference,Kurunegala,300,250,8,164,63203,136,26.4,83,9.5,9.4,Rain,Thursday,0,0,5.7,181,110.37
EVT01140,2026-05-28,Cultural Festival,Anuradhapura,750,3000,82,565,16698,500,27.1,74,1.3,15.8,Clear,Thursday,0,1,4.7,787,139.29
EVT02240,2026-05-28,Exhibition,Matara,200,250,72,57,40302,115,29,68,6.9,12.6,Clear,Thursday,0,0,1.5,210,368.42
EVT02060,2026-05-28,Community Event,Galle,750,2000,26,94,48401,546,27,79,11.8,13.4,Rain,Thursday,0,0,2.6,76,80.85
EVT01531,2026-05-29,Exhibition,Matara,3000,3000,19,2457,29982,669,29.7,91,4.8,8.5,Cloudy,Friday,0,0,3.9,1227,49.94
EVT02381,2026-05-29,Workshop,Galle,1000,750,82,447,89150,729,31.6,83,13.7,21.8,Rain,Friday,0,0,6,235,52.57
EVT02096,2026-05-30,Exhibition,Kegalle,2000,250,40,1308,42229,764,27.6,81,4.7,6.2,Clear,Saturday,1,0,4.9,847,64.76
EVT01323,2026-05-30,Music Festival,Negombo,1500,2000,11,743,4850,905,29.1,81,22.9,11.7,Rain,Saturday,1,1,4.5,864,116.29
EVT02316,2026-05-30,Music Festival,Matara,750,2000,55,505,27044,421,27.1,67,1.4,12.2,Clear,Saturday,1,1,7.2,787,155.84
EVT00240,2026-05-30,Music Festival,Ratnapura,1000,250,46,862,92061,633,31.4,80,8.5,5.3,Rain,Saturday,1,0,5.2,808,93.74
EVT00864,2026-05-30,Music Festival,Galle,500,1500,61,239,90533,272,31.7,82,18.5,14.9,Rain,Saturday,1,1,3.7,525,219.67
EVT02331,2026-05-31,Cultural Festival,Anuradhapura,1500,500,10,569,21587,637,25.6,71,49.3,9.6,Heavy Rain,Sunday,1,0,4,409,71.88
EVT00263,2026-05-31,School Event,Ratnapura,2000,0,15,980,90782,980,28.3,95,11.9,11.9,Rain,Sunday,1,0,6.4,533,54.39
EVT00016,2026-06-01,Exhibition,Kandy,200,3000,89,114,94348,115,28.4,78,0.7,9.3,Clear,Monday,0,0,7,210,184.21
EVT00877,2026-06-01,Music Festival,Ratnapura,100,250,50,31,81142,53,25.6,78,52.9,6.9,Heavy Rain,Monday,0,0,6,105,338.71
EVT01560,2026-06-01,School Event,Nuwara Eliya,3000,2000,7,1886,55549,1916,22.9,72,3.1,16.9,Clear,Monday,0,1,6.7,1045,55.41
EVT01469,2026-06-01,Workshop,Kurunegala,2000,3000,84,530,56814,105,29,82,3.3,10.5,Clear,Monday,0,0,6.2,330,62.26
EVT00017,2026-06-02,Sports Event,Kegalle,2000,750,18,989,87172,1167,24.7,55,3.7,16.2,Cloudy,Tuesday,0,0,6,654,66.13
EVT00605,2026-06-03,Music Festival,Nuwara Eliya,1500,1500,8,705,17723,799,22.9,70,16.9,13.3,Rain,Wednesday,0,0,7.6,718,101.84
EVT02036,2026-06-04,Community Event,Anuradhapura,1000,500,21,698,43337,829,29.3,74,8.9,5.7,Rain,Thursday,0,1,6,384,55.01
EVT00314,2026-06-04,Conference,Anuradhapura,1500,2000,43,915,50499,558,28.2,57,12.6,11.7,Rain,Thursday,0,0,6.9,582,63.61
EVT00567,2026-06-04,Sports Event,Colombo,3000,0,54,1849,41225,2298,23.5,65,8.2,3.9,Rain,Thursday,0,0,1.9,1685,91.13
EVT01473,2026-06-05,University Event,Kurunegala,750,500,11,429,54973,454,30,71,1.8,5.1,Clear,Friday,0,0,1.7,396,92.31
EVT00086,2026-06-05,Workshop,Anuradhapura,750,1500,11,497,82429,350,25.3,76,11.8,7.7,Rain,Friday,0,0,7,193,38.83
EVT01609,2026-06-05,School Event,Galle,5000,250,61,752,92862,4687,30.6,77,8.7,12.8,Rain,Friday,0,1,7.8,1106,147.07
EVT01950,2026-06-05,Sports Event,Anuradhapura,1000,500,73,481,45345,572,30.1,86,1.7,5.4,Cloudy,Friday,0,0,1.5,508,105.61
EVT00643,2026-06-05,Conference,Colombo,5000,750,89,2214,60635,3128,29.2,59,4.9,17.9,Clear,Friday,0,0,5.1,1483,66.98
EVT00107,2026-06-06,Religious Event,Kandy,200,500,33,28,69426,150,26.4,84,16.6,6.3,Rain,Saturday,1,0,4.3,210,750
EVT01914,2026-06-06,Religious Event,Kegalle,1000,750,73,728,77176,513,28.5,77,23.8,10.2,Rain,Saturday,1,0,7.7,655,89.97
EVT01583,2026-06-07,Cultural Festival,Anuradhapura,1500,750,56,238,80775,693,24.6,75,4.1,20.7,Clear,Sunday,1,0,1.8,701,294.54
EVT01520,2026-06-07,Religious Event,Galle,200,0,33,139,91955,92,30.9,80,5,16.7,Clear,Sunday,1,0,7.9,210,151.08
EVT00209,2026-06-08,Conference,Kegalle,750,3000,61,490,20816,456,27.4,81,20.8,10.2,Rain,Monday,0,0,6.6,343,70
EVT01264,2026-06-08,Religious Event,Ratnapura,1500,1000,12,973,6763,902,26.2,69,48.2,10.5,Heavy Rain,Monday,0,0,3.6,610,62.69
EVT00415,2026-06-08,School Event,Negombo,100,1500,35,47,40074,86,28.9,71,10.4,11.5,Rain,Monday,0,0,4.7,105,223.4
EVT00642,2026-06-10,Cultural Festival,Anuradhapura,1000,3000,60,649,30445,322,24.9,76,5.6,19.1,Clear,Wednesday,0,0,2.4,786,121.11
EVT02189,2026-06-10,Cultural Festival,Ratnapura,5000,750,77,2408,91140,2622,24.3,69,4.9,11.8,Clear,Wednesday,0,0,1.5,2905,120.64
EVT02019,2026-06-11,Music Festival,Matara,500,500,9,192,5177,414,26.1,74,26.5,9.2,Heavy Rain,Thursday,0,0,3.8,151,78.65
EVT00699,2026-06-12,Sports Event,Matara,2000,500,32,720,55976,1217,30.3,71,17.6,10.5,Rain,Friday,0,0,6.9,754,104.72
EVT01110,2026-06-12,Community Event,Kurunegala,1500,0,69,812,80873,1029,26.3,78,55.1,16.1,Heavy Rain,Friday,0,0,3.7,280,34.48
EVT02219,2026-06-12,School Event,Ratnapura,2000,0,44,1152,64024,2041,27.7,57,11.8,4.1,Rain,Friday,0,0,7.7,635,55.12
EVT00351,2026-06-12,Religious Event,Nuwara Eliya,5000,250,11,1920,80808,2634,22.5,62,3.4,19.2,Clear,Friday,0,1,5.6,2114,110.1
EVT02245,2026-06-12,Community Event,Matara,750,250,27,10,25440,471,27.8,81,17.5,10.8,Rain,Friday,0,1,6,264,2640
EVT01927,2026-06-12,Workshop,Ratnapura,1000,250,21,745,79783,418,28.7,60,21.4,3.3,Rain,Friday,0,0,8,173,23.22
EVT02083,2026-06-13,Conference,Kegalle,750,2000,64,328,34628,286,25.2,82,2.4,7,Cloudy,Saturday,1,0,1.8,289,88.11
EVT01544,2026-06-13,Religious Event,Anuradhapura,500,1000,5,112,58361,280,26,78,26.5,7.2,Heavy Rain,Saturday,1,0,1.6,276,246.43
EVT01921,2026-06-14,Exhibition,Kurunegala,1500,1500,42,257,90756,727,28.3,61,4.2,4,Clear,Sunday,1,0,7.4,306,119.07
EVT00112,2026-06-14,University Event,Kurunegala,5000,1000,84,1109,27428,3299,29.2,74,1.2,17.8,Cloudy,Sunday,1,0,3.1,1132,102.07
EVT00119,2026-06-14,Workshop,Colombo,750,750,13,459,37846,452,26.8,77,12,10.7,Rain,Sunday,1,0,3.3,378,82.35
EVT01101,2026-06-14,Workshop,Kegalle,2000,250,55,267,45818,1164,32.6,79,0.2,8.1,Clear,Sunday,1,0,1.6,365,136.7
EVT01124,2026-06-14,Conference,Ratnapura,1500,500,36,676,41501,784,26.5,63,9,16.6,Rain,Sunday,1,0,5.4,320,47.34
EVT01012,2026-06-14,Perahera,Colombo,300,250,15,235,54945,212,28.2,72,12.6,12.5,Rain,Sunday,1,0,5.3,315,134.04
EVT01342,2026-06-15,Perahera,Galle,200,250,68,144,60273,96,26.4,80,6,20.5,Clear,Monday,0,0,3.1,210,145.83
EVT00503,2026-06-15,Sports Event,Negombo,1500,750,18,628,96211,280,28.1,83,5.8,20.4,Cloudy,Monday,0,0,5.3,944,150.32
EVT00311,2026-06-16,Music Festival,Matara,750,0,4,298,92744,205,27.1,52,26.9,6.6,Heavy Rain,Tuesday,0,0,3.2,213,71.48
EVT01906,2026-06-17,Music Festival,Nuwara Eliya,100,500,20,31,82176,66,22.5,88,2.1,4.5,Clear,Wednesday,0,0,1.7,105,338.71
EVT00115,2026-06-17,Religious Event,Colombo,5000,750,8,857,33158,1816,24.6,72,25.2,8.5,Heavy Rain,Wednesday,0,0,5.7,5,0.58
EVT00942,2026-06-17,Conference,Kandy,1500,1500,28,1302,32157,664,24.2,87,25.4,21.1,Heavy Rain,Wednesday,0,0,7,470,36.1
EVT00437,2026-06-18,Workshop,Anuradhapura,750,2000,49,501,55172,530,21.8,66,17.9,7.5,Rain,Thursday,0,0,7,318,63.47
EVT00430,2026-06-18,Sports Event,Nuwara Eliya,750,1000,80,405,92498,192,19.7,82,9.6,13.5,Rain,Thursday,0,1,6.4,445,109.88
EVT02456,2026-06-18,Sports Event,Nuwara Eliya,500,0,6,319,56179,447,17.7,62,2.2,7.5,Cloudy,Thursday,0,0,5.5,402,126.02
EVT02401,2026-06-19,University Event,Matara,5000,1000,57,2253,50701,3307,30,69,12,13.5,Rain,Friday,0,0,2.7,1820,80.78
EVT02203,2026-06-19,Conference,Ratnapura,1000,2000,29,868,3707,584,28.6,57,8.7,2,Rain,Friday,0,0,5.3,498,57.37
EVT01020,2026-06-19,Workshop,Negombo,1500,250,73,727,78846,426,27.6,66,14.3,17.1,Rain,Friday,0,0,3.2,417,57.36
EVT02354,2026-06-19,Cultural Festival,Nuwara Eliya,1000,750,65,509,93821,598,21.7,69,31.3,10.9,Heavy Rain,Friday,0,0,6.4,408,80.16
EVT00448,2026-06-20,Workshop,Matara,750,250,76,209,21395,360,31.3,70,1.7,12.7,Clear,Saturday,1,0,5.7,162,77.51
EVT00484,2026-06-20,Sports Event,Kurunegala,500,500,10,425,64950,196,29.4,82,5.1,12,Cloudy,Saturday,1,1,3.6,522,122.82
EVT01146,2026-06-21,Exhibition,Kandy,300,750,7,165,20994,178,26.9,83,30.4,7.8,Heavy Rain,Sunday,1,0,6.9,165,100
EVT00907,2026-06-21,University Event,Kurunegala,2000,3000,45,1007,53926,1614,27.2,76,17.1,20.8,Rain,Sunday,1,0,4,786,78.05
EVT00811,2026-06-21,Perahera,Colombo,100,250,11,32,96216,69,24.8,83,24.1,11.5,Rain,Sunday,1,0,5.9,105,328.12
EVT00158,2026-06-22,University Event,Galle,1500,1500,30,890,21454,121,28.5,79,13.3,17.2,Rain,Monday,0,0,2.5,559,62.81
EVT00358,2026-06-22,Workshop,Anuradhapura,750,1000,33,508,20287,377,27.5,81,6.7,16.1,Cloudy,Monday,0,0,2.4,352,69.29
EVT00865,2026-06-23,University Event,Negombo,1500,1000,10,877,56688,548,31.6,76,14.2,9,Rain,Tuesday,0,0,2.7,652,74.34
EVT02258,2026-06-23,Music Festival,Galle,500,2000,79,199,20522,161,25.6,83,12.5,7,Rain,Tuesday,0,0,3.3,371,186.43
EVT00971,2026-06-25,School Event,Galle,1500,0,21,915,74063,193,27.5,74,6.1,12.5,Clear,Thursday,0,0,5.4,654,71.48
EVT02252,2026-06-25,School Event,Anuradhapura,1500,2000,10,816,14922,1269,23.5,96,3.6,7.8,Clear,Thursday,0,0,1.8,751,92.03
EVT02201,2026-06-26,Religious Event,Ratnapura,1500,250,78,821,49777,363,31.2,67,10.6,11.6,Rain,Friday,0,0,6.1,560,68.21
EVT01741,2026-06-26,Music Festival,Anuradhapura,500,2000,81,419,27807,152,30.6,76,5.1,11,Clear,Friday,0,0,2.7,525,125.3
EVT01705,2026-06-27,Workshop,Nuwara Eliya,500,3000,19,343,72371,198,19.9,61,5.1,5.5,Clear,Saturday,1,0,3.6,232,67.64
EVT02084,2026-06-27,Cultural Festival,Matara,3000,1000,9,2018,43265,2194,26.9,79,13.5,12.7,Rain,Saturday,1,0,5.2,1596,79.09
EVT02179,2026-06-27,Religious Event,Anuradhapura,1000,500,28,533,50740,684,28.6,83,39.7,6.3,Heavy Rain,Saturday,1,0,6.4,606,113.7
EVT01123,2026-06-27,Music Festival,Nuwara Eliya,5000,2000,88,849,47221,2477,21.6,77,9.3,14.4,Rain,Saturday,1,0,2.9,1063,125.21
EVT00940,2026-06-27,Religious Event,Ratnapura,100,1500,83,70,67073,56,25.6,88,7.4,7.8,Clear,Saturday,1,0,7.3,105,150
EVT01278,2026-06-28,Sports Event,Matara,100,1000,36,69,63992,66,29.2,66,4.5,9.9,Cloudy,Sunday,1,0,4.2,105,152.17
EVT01771,2026-06-28,Perahera,Kegalle,750,0,6,393,91525,644,27.6,86,8.2,12.6,Rain,Sunday,1,0,2.5,516,131.3
EVT02074,2026-06-28,Sports Event,Ratnapura,1500,500,73,839,35915,572,27.7,81,12.2,15.4,Rain,Sunday,1,0,4.3,598,71.28
EVT01295,2026-06-29,Sports Event,Matara,2000,250,26,365,69366,679,27.4,89,12.7,16.1,Rain,Monday,0,0,6.1,541,148.22
EVT02154,2026-06-30,Community Event,Kandy,100,1000,32,33,33989,79,27.1,45,16.5,2.9,Rain,Tuesday,0,0,7.4,105,318.18
EVT01103,2026-06-30,University Event,Colombo,100,500,32,48,77303,73,26.9,70,9.6,13.1,Rain,Tuesday,0,0,3.1,105,218.75
EVT01084,2026-06-30,Religious Event,Matara,5000,500,41,2645,95895,3158,29.9,71,15.4,13.8,Rain,Tuesday,0,0,1.7,2224,84.08
EVT00125,2026-07-01,Workshop,Matara,2000,500,67,1501,74369,917,24.2,82,10.1,4.7,Rain,Wednesday,0,1,2.9,746,49.7
EVT00279,2026-07-01,Perahera,Galle,300,0,14,88,31325,195,28.8,65,11.4,7.8,Rain,Wednesday,0,0,4.7,315,357.95
EVT02005,2026-07-02,Workshop,Anuradhapura,100,0,17,45,49147,59,18.1,59,10.2,4.7,Rain,Thursday,0,0,7.1,105,233.33
EVT00063,2026-07-02,Workshop,Kurunegala,750,1000,83,219,10016,753,26.7,70,21.6,3.8,Rain,Thursday,0,0,6.7,234,106.85
EVT01173,2026-07-02,Cultural Festival,Kurunegala,2000,250,85,658,5807,789,24.3,79,19.4,16.7,Rain,Thursday,0,1,8,524,79.64
EVT01149,2026-07-03,Workshop,Kegalle,1000,3000,48,554,69868,671,25.8,71,12,8.6,Rain,Friday,0,0,5,231,41.7
EVT02264,2026-07-03,Exhibition,Kandy,3000,0,9,2439,91801,809,24.3,71,11.1,11.6,Rain,Friday,0,0,4.6,1606,65.85
EVT01072,2026-07-03,Perahera,Ratnapura,5000,500,9,3454,21378,3098,31.1,79,1,7.7,Cloudy,Friday,0,0,7.1,3018,87.38
EVT00477,2026-07-04,Conference,Anuradhapura,2000,500,9,956,23946,1290,26,72,2.9,20.9,Clear,Saturday,1,1,5.4,944,98.74
EVT00686,2026-07-05,Cultural Festival,Anuradhapura,2000,1500,35,1448,31587,1153,28.7,74,6.3,5.1,Clear,Sunday,1,0,3.4,1316,90.88
EVT00419,2026-07-05,Exhibition,Ratnapura,5000,2000,84,2721,82141,2033,26.3,85,19.6,18.4,Rain,Sunday,1,0,6.6,986,36.24
EVT01572,2026-07-05,Community Event,Matara,2000,2000,18,1814,93893,790,24.5,78,27.4,13.1,Heavy Rain,Sunday,1,0,2.2,397,21.89
EVT01865,2026-07-06,Community Event,Kegalle,200,1500,12,10,84531,150,28,75,20,13,Rain,Monday,0,0,2.5,94,940
EVT00168,2026-07-06,Sports Event,Anuradhapura,5000,0,50,3171,37463,4689,25.6,60,28,5.1,Heavy Rain,Monday,0,0,5,2418,76.25
EVT00982,2026-07-06,Workshop,Matara,500,3000,20,166,32976,286,26.4,66,11.1,12.4,Rain,Monday,0,0,2.6,234,140.96
EVT02311,2026-07-07,Conference,Matara,300,3000,73,220,91018,281,26.4,76,21.2,7,Rain,Tuesday,0,0,6,255,115.91
EVT01522,2026-07-07,Sports Event,Ratnapura,1000,750,60,744,2916,650,28.8,67,2.7,19.2,Clear,Tuesday,0,0,5.3,613,82.39
EVT02376,2026-07-07,School Event,Ratnapura,3000,2000,65,1885,21528,2687,27,85,16.7,14.2,Rain,Tuesday,0,0,3.1,1468,77.88
EVT01994,2026-07-09,Community Event,Nuwara Eliya,1000,250,31,488,17866,545,16.7,73,15.3,13.1,Rain,Thursday,0,0,2.8,185,37.91
EVT01695,2026-07-09,Religious Event,Kandy,300,250,60,151,42924,140,26.7,62,1.7,17.8,Clear,Thursday,0,0,7.3,315,208.61
EVT00120,2026-07-09,Workshop,Kurunegala,300,0,55,209,49281,154,28.8,77,17.4,4.2,Rain,Thursday,0,0,4,127,60.77
EVT01716,2026-07-10,Religious Event,Nuwara Eliya,3000,2000,81,1097,7690,2668,20.9,77,23.6,11,Rain,Friday,0,0,7.3,1164,106.11
EVT01411,2026-07-10,Community Event,Nuwara Eliya,300,1000,22,171,20839,171,21.9,73,5.8,10.3,Clear,Friday,0,0,6.4,180,105.26
EVT01549,2026-07-11,Workshop,Ratnapura,3000,1000,45,2541,37633,1943,24.3,60,12.3,14.9,Rain,Saturday,1,1,2.8,983,38.69
EVT01887,2026-07-11,Conference,Nuwara Eliya,1500,0,35,869,13972,1021,19.6,74,4,5.5,Clear,Saturday,1,0,7.2,492,56.62
EVT00969,2026-07-12,Exhibition,Anuradhapura,2000,1500,44,460,13151,1352,31.8,73,17.7,8,Rain,Sunday,1,0,6.6,582,126.52
EVT01909,2026-07-14,Music Festival,Galle,3000,3000,88,2404,69510,2346,33.3,79,19.6,10.9,Rain,Tuesday,0,0,5.6,2258,93.93
EVT00494,2026-07-14,Conference,Colombo,3000,750,15,2065,64465,1544,27.4,77,9.4,12.2,Rain,Tuesday,0,0,2.4,944,45.71
EVT00071,2026-07-14,Perahera,Negombo,5000,1500,68,3748,98893,3639,29.6,70,6,19,Cloudy,Tuesday,0,0,1.8,4266,113.82
EVT00646,2026-07-14,Sports Event,Matara,3000,1000,52,1569,90985,1627,28.1,79,7.1,19,Clear,Tuesday,0,1,6.6,1837,117.08
EVT00192,2026-07-14,Perahera,Negombo,500,2000,18,300,91566,505,27.6,77,3.5,17,Clear,Tuesday,0,1,7.3,525,175
EVT01187,2026-07-14,Exhibition,Matara,1500,250,12,598,5632,987,31.6,63,11.3,7.5,Rain,Tuesday,0,0,1.6,353,59.03
EVT02482,2026-07-15,Religious Event,Anuradhapura,1500,0,16,576,21798,993,28,66,17.3,4.2,Rain,Wednesday,0,0,3.1,795,138.02
EVT02241,2026-07-16,Sports Event,Colombo,3000,750,38,761,66386,2539,33.1,88,5.4,19.3,Clear,Thursday,0,1,7.3,1536,201.84
EVT02270,2026-07-16,Cultural Festival,Anuradhapura,5000,250,87,1499,89898,2793,29.5,71,9.2,10.9,Rain,Thursday,0,0,4.6,2325,155.1
EVT00951,2026-07-16,University Event,Negombo,3000,250,63,1066,97868,1664,28.6,75,5.9,12.1,Clear,Thursday,0,0,3.2,876,82.18
EVT00993,2026-07-16,Perahera,Colombo,500,0,43,239,54016,331,32.9,83,4.7,5.2,Clear,Thursday,0,0,1.7,525,219.67
EVT00194,2026-07-16,Cultural Festival,Kurunegala,500,500,39,311,76331,318,27,70,2.1,14.9,Clear,Thursday,0,0,3.8,525,168.81
EVT00251,2026-07-18,Religious Event,Kegalle,200,250,47,154,6691,65,29.4,66,17.4,16.7,Rain,Saturday,1,1,3.8,210,136.36
EVT02090,2026-07-18,University Event,Nuwara Eliya,1000,500,6,331,17234,429,22.6,57,9.7,5.5,Rain,Saturday,1,0,2,261,78.85
EVT01401,2026-07-19,Perahera,Negombo,300,250,72,107,96890,149,25.5,71,2.4,8.8,Clear,Sunday,1,0,3,315,294.39
EVT02188,2026-07-19,Music Festival,Negombo,500,2000,32,184,75348,349,31.9,63,38.7,14,Heavy Rain,Sunday,1,0,2.8,244,132.61
EVT00549,2026-07-20,Religious Event,Kandy,2000,3000,29,871,4236,1267,22.6,68,25.7,5,Heavy Rain,Monday,0,0,2.8,988,113.43
EVT00714,2026-07-20,Sports Event,Kurunegala,750,1000,54,446,97412,436,28.9,71,34.7,18.8,Heavy Rain,Monday,0,0,2.8,363,81.39
EVT01032,2026-07-20,Community Event,Negombo,100,0,21,30,88157,49,25.3,78,13,7.2,Rain,Monday,0,0,3,101,336.67
EVT00909,2026-07-21,Perahera,Negombo,5000,0,45,2547,36604,1878,32.5,61,30.2,17.9,Heavy Rain,Tuesday,0,0,2.5,2226,87.4
EVT00392,2026-07-21,Sports Event,Nuwara Eliya,5000,0,41,2359,89610,3756,20,73,8.4,13.7,Rain,Tuesday,0,0,7.7,2254,95.55
EVT00789,2026-07-21,Cultural Festival,Anuradhapura,100,1500,83,43,60804,88,27.3,63,2.5,15.3,Cloudy,Tuesday,0,0,5,105,244.19
EVT00690,2026-07-22,School Event,Nuwara Eliya,2000,250,77,721,67771,1151,17,74,6.8,18.4,Clear,Wednesday,0,0,7.7,349,48.4
EVT00935,2026-07-22,Religious Event,Ratnapura,750,0,88,647,91077,195,28.4,78,29.9,13.5,Heavy Rain,Wednesday,0,0,5.1,488,75.43
EVT00830,2026-07-23,Perahera,Ratnapura,300,1000,22,75,91880,221,25.4,98,20,11,Rain,Thursday,0,1,7.7,315,420
EVT01268,2026-07-24,Religious Event,Galle,750,750,25,334,46814,79,23.2,71,42.3,16.5,Heavy Rain,Friday,0,0,6,300,89.82
EVT01380,2026-07-24,School Event,Matara,100,2000,75,79,27448,48,28.7,89,8.2,14.2,Rain,Friday,0,0,7.3,105,132.91
EVT01143,2026-07-24,Exhibition,Matara,5000,500,61,1620,54366,3577,30.8,92,3.1,7.9,Cloudy,Friday,0,0,3.8,1053,65
EVT00046,2026-07-25,Sports Event,Negombo,3000,250,77,1574,36868,146,26.9,75,7.8,13.6,Cloudy,Saturday,1,1,3.5,1143,72.62
EVT01550,2026-07-25,University Event,Nuwara Eliya,500,1500,14,157,17088,284,17.7,84,5.8,12,Clear,Saturday,1,0,2.9,217,138.22
EVT00630,2026-07-25,Workshop,Colombo,200,750,80,66,93557,140,31.3,65,2.9,11.9,Clear,Saturday,1,0,3.4,210,318.18
EVT01404,2026-07-25,Workshop,Matara,500,500,82,161,36039,262,30.8,82,11.5,5.8,Rain,Saturday,1,1,2.3,189,117.39
EVT00512,2026-07-26,Music Festival,Matara,500,0,70,200,28990,172,29.5,63,4.1,6.4,Clear,Sunday,1,0,5,485,242.5
EVT02213,2026-07-27,Exhibition,Kegalle,750,1500,47,318,48233,509,28,65,23.1,10.4,Rain,Monday,0,0,5.1,435,136.79
EVT00339,2026-07-27,Cultural Festival,Colombo,3000,1500,90,1043,5032,1748,27.9,71,4.6,17.8,Cloudy,Monday,0,0,1.8,1379,132.21
EVT01066,2026-07-27,University Event,Galle,750,3000,60,617,54593,568,29.8,74,43.9,17.1,Heavy Rain,Monday,0,0,6,438,70.99
EVT01666,2026-07-29,Community Event,Ratnapura,100,2000,77,48,16739,60,31.3,78,4.5,12.5,Cloudy,Wednesday,0,0,1.8,105,218.75
EVT01824,2026-07-29,Religious Event,Nuwara Eliya,2000,3000,4,531,5354,1532,24.3,70,12.6,18.1,Rain,Wednesday,0,0,6.9,611,115.07
EVT00707,2026-07-29,Religious Event,Matara,3000,2000,55,1523,4434,1750,28.5,75,18.2,19.8,Rain,Wednesday,0,0,4.3,1140,74.85
EVT00601,2026-07-29,Perahera,Galle,1500,0,67,331,26937,1501,26.9,93,7.2,9,Cloudy,Wednesday,0,0,6.4,834,251.96
EVT01466,2026-07-31,Conference,Ratnapura,3000,1000,46,1036,68263,967,32.4,80,2.7,9.4,Clear,Friday,0,0,3.9,828,79.92
EVT01366,2026-07-31,Cultural Festival,Nuwara Eliya,750,500,27,466,3161,419,19.4,74,1.7,10.3,Clear,Friday,0,0,3.1,521,111.8
EVT00118,2026-07-31,University Event,Kurunegala,2000,250,88,858,13263,515,28.4,69,31.9,8.1,Heavy Rain,Friday,0,0,4.3,445,51.86
EVT02160,2026-08-02,Music Festival,Matara,1500,250,42,759,28740,712,28.3,78,8.7,17.9,Rain,Sunday,1,0,1.9,894,117.79
EVT01908,2026-08-02,Music Festival,Kandy,100,500,71,48,82218,11,30.8,64,3.9,2.3,Clear,Sunday,1,0,1.6,105,218.75
EVT02020,2026-08-02,Exhibition,Colombo,3000,0,81,1394,23789,1438,29.7,65,27.7,15.3,Heavy Rain,Sunday,1,0,7.7,668,47.92
EVT01673,2026-08-02,University Event,Kegalle,500,750,47,271,89478,263,30.6,91,15.6,10.6,Rain,Sunday,1,0,3.2,334,123.25
EVT00126,2026-08-02,School Event,Anuradhapura,3000,0,90,672,5148,1721,31.3,76,20.8,10.5,Rain,Sunday,1,0,7.5,602,89.58
EVT02077,2026-08-02,Conference,Kegalle,3000,2000,29,1714,51607,761,30.3,73,14.3,9.4,Rain,Sunday,1,0,4.8,353,20.6
EVT02290,2026-08-03,Workshop,Matara,1000,1000,11,678,32466,584,26.8,78,7.1,10.3,Cloudy,Monday,0,0,7.6,349,51.47
EVT00178,2026-08-03,Music Festival,Galle,1000,0,36,277,29416,604,27.2,67,13.6,8,Rain,Monday,0,0,7.3,469,169.31
EVT00335,2026-08-03,Cultural Festival,Kandy,500,750,79,324,44322,238,25.7,73,9.6,11.4,Rain,Monday,0,0,6,525,162.04
EVT00134,2026-08-04,Sports Event,Matara,200,3000,53,79,840,64,25.8,75,14.3,6.6,Rain,Tuesday,0,0,5.6,187,236.71
EVT00854,2026-08-04,School Event,Negombo,500,1000,54,231,37264,367,26.8,85,0.5,15.2,Cloudy,Tuesday,0,0,5,293,126.84
EVT00042,2026-08-04,Exhibition,Galle,1000,1500,69,458,81410,477,28,85,14.1,19.9,Rain,Tuesday,0,0,6.1,386,84.28
EVT01751,2026-08-04,University Event,Kurunegala,2000,500,37,1277,12815,1009,25.5,85,7.1,9,Clear,Tuesday,0,0,4,631,49.41
EVT02102,2026-08-04,Religious Event,Colombo,2000,500,52,1409,86809,1944,28.8,71,17.5,10.5,Rain,Tuesday,0,0,2,1803,127.96
EVT01684,2026-08-04,University Event,Matara,100,250,54,39,28836,47,27.3,74,7.2,9.5,Clear,Tuesday,0,0,7.8,105,269.23
EVT02435,2026-08-05,Cultural Festival,Galle,750,750,15,585,78313,428,25.4,82,6.5,13.8,Clear,Wednesday,0,0,5.4,686,117.26
EVT00736,2026-08-05,Music Festival,Matara,3000,3000,89,1548,5913,695,27.6,73,47.9,16.7,Heavy Rain,Wednesday,0,1,3.6,832,53.75
EVT02239,2026-08-05,Sports Event,Colombo,3000,2000,90,1862,38995,1768,28.6,56,17.3,11.3,Rain,Wednesday,0,0,2.9,1615,86.73
EVT01338,2026-08-05,Exhibition,Colombo,100,0,79,25,79080,40,27.5,60,6.6,3.6,Clear,Wednesday,0,0,7.5,105,420
EVT02281,2026-08-05,Community Event,Ratnapura,500,3000,82,174,17546,312,26.8,81,2.8,13.4,Clear,Wednesday,0,0,6.9,217,124.71
EVT01287,2026-08-06,Cultural Festival,Anuradhapura,750,500,4,481,2887,259,28.2,76,13.2,10.4,Rain,Thursday,0,0,3.5,384,79.83
EVT00414,2026-08-06,Cultural Festival,Galle,750,750,81,366,2486,280,29.7,72,2,12.4,Clear,Thursday,0,1,1.7,755,206.28
EVT01513,2026-08-06,Community Event,Kegalle,5000,750,22,1445,12664,3010,26,74,15.7,14.8,Rain,Thursday,0,1,2.4,1136,78.62
EVT00778,2026-08-06,Conference,Kurunegala,1000,500,36,395,38355,347,28.1,74,16.4,7.1,Rain,Thursday,0,0,3.7,155,39.24
EVT02427,2026-08-07,Religious Event,Colombo,500,0,32,147,59468,349,26.1,77,12.5,11.9,Rain,Friday,0,1,8,490,333.33
EVT00145,2026-08-08,School Event,Kegalle,750,1000,15,196,94135,359,25.4,85,11.2,10.6,Rain,Saturday,1,1,3.8,262,133.67
EVT01838,2026-08-09,Perahera,Nuwara Eliya,1000,0,47,375,25976,284,19.5,60,10.3,7.1,Rain,Sunday,1,0,2.5,404,107.73
EVT00972,2026-08-09,Perahera,Ratnapura,2000,250,14,622,89507,372,28.4,78,8.9,7.4,Rain,Sunday,1,0,4.9,666,107.07
EVT00866,2026-08-09,Religious Event,Nuwara Eliya,1500,0,11,452,97469,1346,18.4,52,10.4,17.9,Rain,Sunday,1,0,6.1,817,180.75
EVT01297,2026-08-09,University Event,Colombo,500,250,36,340,48094,275,25.6,73,13,20.3,Rain,Sunday,1,0,5.7,389,114.41
EVT02070,2026-08-10,Sports Event,Anuradhapura,300,750,44,69,95348,125,28.7,69,39.4,16.2,Heavy Rain,Monday,0,0,5.1,148,214.49
EVT00159,2026-08-10,Perahera,Kegalle,750,3000,25,622,38044,114,26.3,75,2.7,6.6,Cloudy,Monday,0,0,7.8,732,117.68
EVT02418,2026-08-10,Perahera,Anuradhapura,1500,3000,82,669,50002,644,25.2,60,0.9,15.3,Clear,Monday,0,0,2.6,1086,162.33
EVT00848,2026-08-11,University Event,Colombo,200,3000,41,50,34437,119,24.4,65,3.9,17.8,Clear,Tuesday,0,0,5,210,420
EVT01997,2026-08-11,Music Festival,Nuwara Eliya,2000,3000,7,1178,75331,648,22.3,77,7.2,9.8,Cloudy,Tuesday,0,0,7.1,1045,88.71
EVT01350,2026-08-11,Music Festival,Negombo,2000,1000,18,1326,88978,473,30.3,78,9.4,11.8,Rain,Tuesday,0,1,5,1002,75.57
EVT01117,2026-08-12,Perahera,Negombo,5000,2000,75,4576,28515,2123,32.7,90,14,11.3,Rain,Wednesday,0,0,5.7,3810,83.26
EVT00099,2026-08-12,Workshop,Ratnapura,100,2000,19,42,25931,54,28.6,82,24.5,2,Rain,Wednesday,0,0,7.9,92,219.05
EVT01599,2026-08-12,Sports Event,Colombo,200,3000,24,153,95661,83,29.1,79,16.5,5,Rain,Wednesday,0,0,4,210,137.25
EVT00904,2026-08-12,Community Event,Kegalle,200,2000,74,143,60903,121,31.9,58,1.2,13.4,Cloudy,Wednesday,0,1,5.4,210,146.85
EVT01533,2026-08-12,Community Event,Anuradhapura,100,250,5,90,95034,33,26.7,76,16.6,7.5,Rain,Wednesday,0,0,3,105,116.67
EVT00418,2026-08-13,Music Festival,Ratnapura,750,2000,71,559,24688,480,33,76,2.8,3.2,Clear,Thursday,0,0,6.9,670,119.86
EVT00373,2026-08-13,Exhibition,Ratnapura,2000,1500,28,681,99750,968,28,71,0.2,15.6,Clear,Thursday,0,0,6.7,553,81.2
EVT00924,2026-08-13,School Event,Anuradhapura,100,1500,90,69,83504,46,25.5,69,12,14.3,Rain,Thursday,0,0,6.3,105,152.17
EVT01428,2026-08-13,Conference,Ratnapura,100,500,62,16,54532,57,30.3,78,17.5,14.5,Rain,Thursday,0,0,3.8,105,656.25
EVT01225,2026-08-14,Perahera,Kandy,300,2000,66,114,82843,188,31.6,62,1.3,11.7,Cloudy,Friday,0,0,2.7,315,276.32
EVT00012,2026-08-14,University Event,Negombo,100,750,35,40,87331,68,31.2,79,20,10.8,Rain,Friday,0,0,3.1,105,262.5
EVT00814,2026-08-15,Community Event,Kegalle,200,1000,88,132,41126,80,28.5,77,25.6,10.2,Heavy Rain,Saturday,1,0,6.5,133,100.76
EVT01057,2026-08-15,Workshop,Kandy,1500,250,61,724,44791,1071,29,72,2.7,11.3,Clear,Saturday,1,0,7,598,82.6
EVT00137,2026-08-15,Religious Event,Kegalle,3000,500,83,2028,18854,1804,31.8,91,8.4,19,Rain,Saturday,1,1,1.5,1378,67.95
EVT02312,2026-08-15,Workshop,Anuradhapura,100,2000,62,66,18456,59,29.6,82,15.2,17.9,Rain,Saturday,1,0,5.8,105,159.09
EVT00507,2026-08-16,Religious Event,Kegalle,1000,250,15,831,6094,484,25.6,75,20.6,14.3,Rain,Sunday,1,0,1.8,719,86.52
EVT00849,2026-08-17,Workshop,Negombo,200,2000,33,81,36458,71,26.7,78,23.1,12.6,Rain,Monday,0,0,5,108,133.33
EVT00270,2026-08-17,Religious Event,Nuwara Eliya,100,3000,61,61,7882,69,18.2,73,22.6,13.2,Rain,Monday,0,0,2.1,105,172.13
EVT00804,2026-08-17,University Event,Negombo,1500,1000,82,660,9827,1023,31.6,75,15.9,10.8,Rain,Monday,0,0,6.1,398,60.3
EVT01715,2026-08-17,Community Event,Anuradhapura,5000,250,62,1331,95802,2293,21.8,75,0.8,14.5,Cloudy,Monday,0,0,5.7,1321,99.25
EVT00945,2026-08-18,Sports Event,Kegalle,3000,1000,87,879,6202,1850,29.6,57,11.1,23.7,Rain,Tuesday,0,1,4.7,795,90.44
EVT01309,2026-08-19,Conference,Kegalle,1000,500,62,516,92243,612,28.1,82,8.7,9,Rain,Wednesday,0,0,4.9,232,44.96
EVT00015,2026-08-19,Community Event,Matara,200,250,19,144,55248,83,26.3,58,16.2,4.8,Rain,Wednesday,0,1,5.6,179,124.31
EVT00052,2026-08-19,University Event,Kegalle,3000,1500,24,2009,77408,1837,30.8,86,10.4,18.6,Rain,Wednesday,0,0,1.9,951,47.34
EVT01615,2026-08-20,Religious Event,Ratnapura,200,3000,87,119,11916,145,26.9,71,8.7,14.6,Rain,Thursday,0,0,6.8,210,176.47
EVT00934,2026-08-21,Workshop,Kegalle,3000,500,52,2081,88552,1515,26.5,82,26.8,8.4,Heavy Rain,Friday,0,0,3.1,445,21.38
EVT02112,2026-08-21,Cultural Festival,Nuwara Eliya,750,250,72,419,68842,304,18.3,80,19.6,10.5,Rain,Friday,0,0,7.1,417,99.52
EVT01991,2026-08-21,Sports Event,Negombo,300,1500,19,152,52306,224,27.2,77,22,14.5,Rain,Friday,0,0,2.8,294,193.42
EVT01639,2026-08-22,Cultural Festival,Kegalle,300,1000,36,140,58531,212,25.3,75,20.5,7.3,Rain,Saturday,1,0,4.4,315,225
EVT01028,2026-08-23,Conference,Galle,1500,3000,21,1119,26045,1038,29.1,78,8.5,14.7,Rain,Sunday,1,0,3.4,595,53.17
EVT01823,2026-08-23,Exhibition,Galle,750,1500,34,98,31325,275,27.7,69,4.4,7.6,Cloudy,Sunday,1,0,5.9,380,387.76
EVT02459,2026-08-23,Workshop,Kurunegala,300,500,48,153,55002,112,28.4,92,7.9,9.7,Clear,Sunday,1,0,2.9,187,122.22
EVT01521,2026-08-23,Exhibition,Kandy,200,1000,11,136,55467,98,26.2,79,21.5,12.1,Rain,Sunday,1,0,3.9,210,154.41
EVT01962,2026-08-23,University Event,Matara,3000,250,71,2219,67740,402,26.8,80,14.8,10.8,Rain,Sunday,1,1,3.7,879,39.61
EVT01961,2026-08-25,Workshop,Matara,200,2000,61,81,16212,103,27.1,55,20.2,12.9,Rain,Tuesday,0,0,6.3,153,188.89
EVT02314,2026-08-25,Religious Event,Ratnapura,750,250,70,98,36399,380,31.8,66,5.3,14.5,Cloudy,Tuesday,0,0,6.8,429,437.76
EVT00210,2026-08-25,Workshop,Matara,3000,2000,60,1241,2087,1571,28.1,70,2.8,13.1,Clear,Tuesday,0,0,2,665,53.59
EVT00482,2026-08-25,Sports Event,Anuradhapura,5000,1500,35,2121,87776,3551,26.5,72,27.4,17.8,Heavy Rain,Tuesday,0,0,3.3,1445,68.13
EVT00983,2026-08-26,Conference,Kurunegala,1500,3000,20,563,71541,812,24.7,69,18.3,8.2,Rain,Wednesday,0,0,7.1,328,58.26
EVT01447,2026-08-26,Conference,Ratnapura,200,500,72,150,76262,76,25.3,76,30.2,15.8,Heavy Rain,Wednesday,0,0,4.2,129,86
EVT01059,2026-08-27,Cultural Festival,Kegalle,750,250,26,276,3083,191,27.7,80,4.4,11.6,Clear,Thursday,0,1,4.8,470,170.29
EVT01335,2026-08-27,School Event,Ratnapura,300,750,11,54,79863,126,26.4,71,12.7,9.8,Rain,Thursday,0,0,5.5,122,225.93
EVT01228,2026-08-27,Perahera,Anuradhapura,3000,1500,49,1505,80044,1899,28.9,68,16.9,8.1,Rain,Thursday,0,0,3.6,1112,73.89
EVT01634,2026-08-27,Religious Event,Kandy,100,3000,86,47,66423,39,29.1,88,9.1,7.3,Rain,Thursday,0,0,3.1,105,223.4
EVT00021,2026-08-27,School Event,Kandy,300,0,9,126,912,243,27.8,69,9.8,14.5,Rain,Thursday,0,0,5.2,145,115.08
